Student Name,Attendance %,Internal Marks,Final Marks,Assignment Scores,Extra Activities,Family Income,Internet Access,Study Hours,Placement Status,Average Score,Risk Category,Performance_Level
Kimberly Flores,80.0,74,69,74,Sports,48530.0,Yes,6.3,Placed,72.33333333333333,safe,Good
George Williams,79.0,46,60,65,Music,92980.0,No,4.3,Placed,57.0,Need Improvement,Average
Paul Nguyen,96.9,70,94,88,Sports,81558.0,Yes,6.7,Placed,84.0,safe,Good
Laura Moore,90.2,52,57,80,Sports,71822.0,Yes,4.4,Not Placed,63.0,safe,Average
Angela Harris,80.0,67,80,76,Sports,10745.0,Yes,4.6,Placed,74.33333333333333,safe,Good
Ronald Nguyen,87.6,86,90,100,Sports,76677.0,Yes,9.2,Placed,92.0,safe,Excellent
Joshua Young,72.2,66,77,82,Music,32953.0,Yes,5.2,Placed,75.0,safe,Good
Kenneth Williams,94.4,52,58,80,Sports,92679.0,No,6.3,Not Placed,63.333333333333336,safe,Average
Linda Sanchez,88.4,56,60,77,Sports,19324.0,No,5.1,Placed,64.33333333333333,safe,Average
Laura Garcia,83.9,59,87,75,Volunteer,52233.0,No,4.8,Placed,73.66666666666667,safe,Good
Mary Harris,83.3,57,76,56,Debate,80138.0,Yes,3.8,Placed,63.0,safe,Average
Kevin Jackson,96.8,88,92,85,Music,38617.0,Yes,7.6,Placed,88.33333333333333,safe,Excellent
Joshua Jones,72.3,62,66,75,Debate,8000.0,Yes,6.2,Placed,67.66666666666667,safe,Average
David Taylor,100.0,79,88,86,Sports,63635.0,Yes,6.4,Placed,84.33333333333333,safe,Good
Patricia Lewis,83.1,70,87,89,Debate,114916.0,No,7.4,Placed,82.0,safe,Good
William Garcia,79.8,56,47,54,NCC,93112.0,Yes,3.8,Not Placed,52.333333333333336,Need Improvement,Average
Carol Hernandez,75.0,39,55,64,Sports,88875.0,No,4.1,Not Placed,52.666666666666664,Need Improvement,Average
William Lopez,86.7,36,50,49,NCC,68739.0,Yes,2.0,Not Placed,45.0,Need Improvement,Poor
Carol Scott,75.2,57,54,49,Sports,8000.0,No,5.3,Not Placed,53.333333333333336,Need Improvement,Average
Carol Nguyen,91.5,48,46,65,Sports,25463.0,No,3.9,Not Placed,53.0,Need Improvement,Average
Andrew Martin,87.9,77,79,68,Volunteer,99605.0,Yes,6.1,Placed,74.66666666666667,safe,Good
Edward Brown,78.7,54,54,78,Sports,79686.0,Yes,5.1,Not Placed,62.0,safe,Average
Emily Thomas,95.8,68,74,76,Sports,92512.0,No,6.1,Placed,72.66666666666667,safe,Good
Kenneth Lopez,82.5,61,77,93,Debate,30926.0,No,5.7,Placed,77.0,safe,Good
Jennifer Lee,100.0,72,77,71,Debate,81456.0,No,5.8,Placed,73.33333333333333,safe,Good
Brian Anderson,74.0,64,79,90,Sports,64702.0,Yes,5.8,Placed,77.66666666666667,safe,Good
Betty Miller,79.2,62,63,55,Sports,82390.0,No,3.3,Placed,60.0,safe,Average
Deborah Gonzalez,89.1,60,67,76,Debate,77944.0,No,5.6,Placed,67.66666666666667,safe,Average
Steven Lee,73.3,49,62,72,Debate,58751.0,Yes,4.6,Placed,61.0,safe,Average
Jason Sanchez,100.0,56,70,56,Sports,77211.0,Yes,3.8,Placed,60.666666666666664,safe,Average
Daniel Young,57.2,47,60,56,Sports,64702.0,Yes,3.9,Placed,54.333333333333336,Need Improvement,Average
Kimberly Lewis,72.0,72,72,79,Volunteer,57223.0,Yes,6.7,Placed,74.33333333333333,safe,Good
Betty Rodriguez,84.8,53,64,85,NCC,101822.0,No,5.2,Placed,67.33333333333333,safe,Average
Jessica Wright,80.6,55,49,64,Sports,47267.0,No,4.7,Not Placed,56.0,Need Improvement,Average
Paul Miller,79.1,63,0,83,Sports,70545.0,No,5.5,Placed,48.666666666666664,Need Improvement,Poor
Elizabeth Perez,82.8,59,66,90,Music,48371.0,Yes,6.3,Placed,71.66666666666667,safe,Good
Paul Thompson,74.0,60,0,90,Music,96199.0,Yes,6.7,Not Placed,50.0,Need Improvement,Average
Joshua Hernandez,98.2,80,73,76,Sports,58931.0,Yes,5.7,Placed,76.33333333333333,safe,Good
Karen Jackson,88.1,79,69,82,Sports,71796.0,Yes,7.2,Placed,76.66666666666667,safe,Good
Andrew Moore,82.5,55,57,73,Debate,8000.0,Yes,5.3,Not Placed,61.666666666666664,safe,Average
Jessica Wright,88.4,83,87,71,Sports,77446.0,No,7.1,Placed,80.33333333333333,safe,Good
Emma Thompson,75.7,53,58,73,Sports,87734.0,Yes,5.5,Not Placed,61.333333333333336,safe,Average
Nicholas Hernandez,84.9,69,71,60,Sports,63649.0,Yes,5.3,Placed,66.66666666666667,safe,Average
James Wright,75.6,70,57,62,Volunteer,108761.0,Yes,6.7,Not Placed,63.0,safe,Average
Cynthia Perez,78.7,70,71,86,NCC,56154.0,Yes,6.5,Placed,75.66666666666667,safe,Good
George Williams,71.0,61,57,100,NCC,55323.0,No,9.0,Not Placed,72.66666666666667,safe,Good
Jacob Allen,86.8,81,69,88,Volunteer,83492.0,Yes,7.1,Placed,79.33333333333333,safe,Good
Kevin Flores,80.0,90,79,100,Sports,63128.0,No,8.4,Placed,89.66666666666667,safe,Excellent
James Gonzalez,78.7,57,59,48,NCC,44393.0,No,2.6,Not Placed,54.666666666666664,Need Improvement,Average
Edward Davis,80.0,84,84,98,Volunteer,82364.0,Yes,7.2,Placed,88.66666666666667,safe,Excellent
Matthew Lee,73.4,77,78,76,Debate,115297.0,Yes,5.1,Placed,77.0,safe,Good
Cynthia Lewis,70.4,76,80,86,Music,88830.0,Yes,7.5,Placed,80.66666666666667,safe,Good
Joshua Martinez,56.8,47,43,62,Sports,64702.0,Yes,5.3,Not Placed,50.666666666666664,Need Improvement,Average
Angela Clark,100.0,82,87,58,NCC,61116.0,Yes,6.6,Placed,75.66666666666667,safe,Good
Rebecca Miller,90.6,74,90,58,NCC,42223.0,Yes,6.2,Placed,74.0,safe,Good
Paul Lopez,80.0,66,80,68,Music,60126.0,Yes,5.9,Placed,71.33333333333333,safe,Good
Carol Walker,81.4,53,65,77,NCC,56638.0,Yes,5.9,Placed,65.0,safe,Average
Amanda Miller,73.0,65,68,75,Volunteer,75805.0,Yes,6.6,Placed,69.33333333333333,safe,Average
Mark Lopez,84.3,59,70,100,Sports,76742.0,No,7.6,Placed,76.33333333333333,safe,Good
Laura Robinson,93.8,62,59,83,Debate,69961.0,No,6.4,Not Placed,68.0,safe,Average
Robert Walker,80.0,98,88,100,Sports,88786.0,No,9.7,Placed,95.33333333333333,safe,Excellent
Joshua Allen,89.8,72,62,70,Music,128581.0,No,5.6,Placed,68.0,safe,Average
Karen Smith,86.0,33,54,69,Music,116672.0,No,4.0,Not Placed,52.0,Need Improvement,Average
David Lee,76.5,54,59,66,Sports,107606.0,No,3.8,Not Placed,59.666666666666664,Need Improvement,Average
Joshua Taylor,78.7,62,72,71,NCC,68823.0,Yes,6.2,Placed,68.33333333333333,safe,Average
Donald Allen,87.9,64,58,81,Debate,54787.0,Yes,5.9,Not Placed,67.66666666666667,safe,Average
James Walker,96.0,42,71,73,Sports,63332.0,No,3.3,Placed,62.0,safe,Average
Linda Hernandez,79.9,88,81,88,Sports,78297.0,Yes,7.4,Placed,85.66666666666667,safe,Excellent
Andrew Gonzalez,64.1,69,79,96,Music,37172.0,Yes,7.2,Placed,81.33333333333333,safe,Good
Edward Lopez,80.2,54,44,35,NCC,86952.0,Yes,2.8,Not Placed,44.333333333333336,Need Improvement,Poor
Sandra Wright,88.9,74,84,50,Sports,38812.0,Yes,4.5,Placed,69.33333333333333,safe,Average
Michael Garcia,95.5,54,60,60,Sports,39299.0,Yes,5.5,Placed,58.0,Need Improvement,Average
Kevin Lewis,79.3,83,97,100,NCC,49230.0,Yes,8.1,Placed,93.33333333333333,safe,Excellent
Ryan Davis,95.3,63,87,97,Music,57628.0,Yes,5.9,Placed,82.33333333333333,safe,Good
Mark Moore,68.3,55,58,58,Sports,72932.0,Yes,4.3,Not Placed,57.0,Need Improvement,Average
Thomas Smith,63.0,66,0,100,NCC,44916.0,No,8.6,Placed,55.333333333333336,Need Improvement,Average
Amy Scott,79.6,44,61,57,Sports,86166.0,Yes,3.1,Placed,54.0,Need Improvement,Average
Rebecca Thomas,80.0,41,64,84,Volunteer,53555.0,Yes,4.4,Placed,63.0,safe,Average
Patricia Gonzalez,72.7,79,83,100,Sports,36180.0,Yes,9.3,Placed,87.33333333333333,safe,Excellent
Jessica Garcia,86.9,72,65,78,Sports,24968.0,Yes,6.3,Placed,71.66666666666667,safe,Good
Matthew Miller,83.4,40,57,60,Sports,67395.0,Yes,3.0,Not Placed,52.333333333333336,Need Improvement,Average
Jacob Martinez,81.8,38,60,52,NCC,97412.0,Yes,2.4,Placed,50.0,Need Improvement,Average
James Thompson,80.0,44,56,54,Volunteer,44866.0,Yes,4.5,Not Placed,51.333333333333336,Need Improvement,Average
Kenneth Lewis,72.8,49,58,60,NCC,95265.0,No,4.7,Not Placed,55.666666666666664,Need Improvement,Average
David Walker,88.8,84,80,83,Debate,45102.0,Yes,6.8,Placed,82.33333333333333,safe,Good
Robert Taylor,70.8,63,68,98,Music,60327.0,No,5.4,Placed,76.33333333333333,safe,Good
Charles Sanchez,80.0,56,55,69,Debate,53803.0,Yes,3.4,Not Placed,60.0,safe,Average
Edward Nguyen,98.8,52,71,46,Volunteer,93863.0,No,3.9,Placed,56.333333333333336,Need Improvement,Average
Mary Perez,88.0,100,88,100,Sports,62769.0,No,8.4,Placed,96.0,safe,Excellent
Karen Sanchez,92.1,73,79,77,Sports,91830.0,Yes,6.2,Placed,76.33333333333333,safe,Good
Charles Thompson,80.3,82,91,95,Debate,57389.0,Yes,8.6,Placed,89.33333333333333,safe,Excellent
Michelle Scott,78.3,65,65,55,Sports,27432.0,Yes,2.7,Placed,61.666666666666664,safe,Average
Anthony Thompson,76.8,54,38,41,Debate,46457.0,Yes,2.9,Not Placed,44.333333333333336,Need Improvement,Poor
Angela Harris,80.5,74,89,95,Debate,74916.0,Yes,8.1,Placed,86.0,safe,Excellent
Nancy Robinson,73.0,56,54,59,Music,40254.0,Yes,5.0,Not Placed,56.333333333333336,Need Improvement,Average
Laura Brown,83.7,65,82,88,Sports,55154.0,No,5.8,Placed,78.33333333333333,safe,Good
William Thompson,73.1,35,52,61,Sports,85295.0,No,3.2,Not Placed,49.333333333333336,Need Improvement,Poor
William Smith,100.0,71,67,72,NCC,17680.0,Yes,6.1,Placed,70.0,safe,Good
Joseph Brown,78.1,58,78,83,NCC,61345.0,Yes,6.4,Placed,73.0,safe,Good
Joseph Lopez,73.6,67,61,77,Sports,88888.0,Yes,6.7,Placed,68.33333333333333,safe,Average
Linda Miller,84.1,48,70,100,Volunteer,61508.0,No,6.7,Placed,72.66666666666667,safe,Good
Betty Robinson,83.3,70,62,53,Sports,65698.0,Yes,4.7,Placed,61.666666666666664,safe,Average
Robert Nguyen,94.1,66,68,81,Debate,73831.0,No,6.3,Placed,71.66666666666667,safe,Good
John Davis,100.0,73,87,77,Sports,97208.0,Yes,7.3,Placed,79.0,safe,Good
Kenneth Taylor,78.7,37,70,47,Music,109507.0,No,2.5,Not Placed,51.333333333333336,Need Improvement,Average
Donald Garcia,80.2,51,62,67,Sports,64702.0,Yes,5.0,Placed,60.0,safe,Average
Mary Smith,87.7,56,53,80,Sports,60516.0,No,6.3,Not Placed,63.0,safe,Average
Amanda Hill,88.6,83,80,86,Volunteer,97778.0,Yes,6.8,Placed,83.0,safe,Good
Sarah Flores,91.5,35,43,20,Sports,71864.0,Yes,1.0,Not Placed,32.666666666666664,At risk,Poor
Jessica King,74.0,71,82,77,Debate,25171.0,No,6.9,Placed,76.66666666666667,safe,Good
Michael Perez,70.8,25,38,31,Sports,77966.0,Yes,2.0,Not Placed,31.333333333333332,At risk,Poor
Matthew Nguyen,85.7,91,91,100,NCC,64557.0,Yes,9.8,Placed,94.0,safe,Excellent
Laura Johnson,65.2,53,68,88,Music,79121.0,Yes,6.7,Placed,69.66666666666667,safe,Average
Kimberly Clark,100.0,85,100,97,Volunteer,48805.0,Yes,6.3,Placed,94.0,safe,Excellent
John Jones,63.1,57,62,89,NCC,30829.0,No,5.6,Placed,69.33333333333333,safe,Average
Andrew Thompson,66.6,32,37,34,Music,60854.0,No,2.9,Not Placed,34.333333333333336,At risk,Poor
Elizabeth King,78.2,40,0,65,Sports,119555.0,Yes,3.5,Placed,35.0,At risk,Poor
Gary Robinson,82.1,54,58,54,Volunteer,99104.0,Yes,4.4,Not Placed,55.333333333333336,Need Improvement,Average
Elizabeth Ramirez,81.4,76,90,91,Volunteer,67602.0,No,8.1,Placed,85.66666666666667,safe,Excellent
Michael Gonzalez,73.3,57,75,91,Sports,64702.0,Yes,7.4,Placed,74.33333333333333,safe,Good
Cynthia Miller,74.9,77,83,100,NCC,75921.0,Yes,8.3,Placed,86.66666666666667,safe,Excellent
Richard Thomas,86.3,54,58,71,Debate,56348.0,Yes,4.7,Not Placed,61.0,safe,Average
Paul Flores,89.8,43,45,59,Music,64702.0,Yes,3.6,Not Placed,49.0,Need Improvement,Poor
Kenneth Perez,76.3,74,77,100,NCC,97344.0,Yes,10.0,Placed,83.66666666666667,safe,Good
Karen Miller,95.4,55,75,92,Music,14058.0,No,6.1,Placed,74.0,safe,Good
Kimberly King,88.4,71,66,75,NCC,21860.0,Yes,5.6,Placed,70.66666666666667,safe,Good
Joseph Rodriguez,70.6,7,22,31,NCC,88459.0,No,1.8,Not Placed,20.0,At risk,Poor
Brian Anderson,100.0,82,84,98,NCC,49660.0,No,7.2,Placed,88.0,safe,Excellent
Amanda Allen,88.9,61,0,57,Sports,111831.0,No,4.1,Not Placed,39.333333333333336,At risk,Poor
Robert Young,66.2,37,43,56,Sports,64702.0,Yes,2.1,Not Placed,45.333333333333336,Need Improvement,Poor
Betty Johnson,87.5,57,60,64,Sports,46198.0,Yes,5.2,Placed,60.333333333333336,safe,Average
Brian Anderson,83.3,44,59,55,Music,64702.0,No,4.7,Not Placed,52.666666666666664,Need Improvement,Average
Matthew Moore,69.4,43,50,44,Music,85449.0,No,3.2,Not Placed,45.666666666666664,Need Improvement,Poor
Joseph Clark,100.0,57,62,98,Volunteer,10492.0,No,9.9,Placed,72.33333333333333,safe,Good
John Lee,44.7,11,38,55,Music,55128.0,No,1.0,Not Placed,34.666666666666664,At risk,Poor
John Clark,90.5,64,69,62,NCC,49334.0,Yes,3.4,Placed,65.0,safe,Average
Deborah Jones,98.2,52,68,61,Music,38276.0,No,2.6,Placed,60.333333333333336,safe,Average
Brian Sanchez,75.2,41,50,62,Sports,82163.0,No,4.2,Not Placed,51.0,Need Improvement,Average
Deborah Gonzalez,99.7,63,78,73,Music,18404.0,No,3.3,Placed,71.33333333333333,safe,Good
Michael Martin,65.3,63,70,90,Music,64702.0,No,7.5,Placed,74.33333333333333,safe,Good
Elizabeth Jackson,67.1,52,59,58,Volunteer,71787.0,Yes,4.4,Not Placed,56.333333333333336,Need Improvement,Average
Linda Brown,100.0,61,90,53,Volunteer,67359.0,Yes,2.2,Placed,68.0,safe,Average
James Martin,91.6,77,82,87,Debate,71813.0,Yes,5.3,Placed,82.0,safe,Good
Patricia Jackson,80.0,37,41,38,Sports,98842.0,Yes,1.6,Not Placed,38.666666666666664,At risk,Poor
Kenneth Lewis,74.9,53,64,100,Volunteer,64202.0,Yes,10.0,Placed,72.33333333333333,safe,Good
Paul Sanchez,85.8,73,80,74,Volunteer,37657.0,No,5.8,Placed,75.66666666666667,safe,Good
Kenneth White,66.7,65,80,81,NCC,88587.0,Yes,5.8,Not Placed,75.33333333333333,safe,Good
George Taylor,91.9,93,80,100,Debate,65105.0,Yes,9.3,Placed,91.0,safe,Excellent
Jacob Lewis,100.0,70,76,78,Debate,21944.0,No,4.9,Placed,74.66666666666667,safe,Good
Carol Lopez,100.0,51,58,62,Debate,80155.0,Yes,4.4,Not Placed,57.0,Need Improvement,Average
Sarah White,63.4,46,59,56,NCC,51386.0,Yes,4.1,Not Placed,53.666666666666664,Need Improvement,Average
Ronald Martin,92.7,31,45,31,Music,65954.0,Yes,1.7,Not Placed,35.666666666666664,At risk,Poor
Ronald Brown,75.2,50,48,42,Music,53659.0,Yes,3.7,Not Placed,46.666666666666664,Need Improvement,Poor
Elizabeth Flores,64.3,36,47,39,Debate,91606.0,Yes,1.6,Not Placed,40.666666666666664,Need Improvement,Poor
Lisa Gonzalez,64.4,62,62,73,Debate,85218.0,Yes,5.3,Placed,65.66666666666667,safe,Average
David Sanchez,85.3,57,78,64,Debate,85478.0,Yes,4.6,Placed,66.33333333333333,safe,Average
Carol Brown,76.2,70,72,87,Volunteer,87899.0,Yes,8.8,Placed,76.33333333333333,safe,Good
Matthew Clark,98.7,75,72,65,Music,43457.0,No,5.8,Placed,70.66666666666667,safe,Good
Elizabeth Moore,81.8,43,46,68,Music,45262.0,No,5.1,Not Placed,52.333333333333336,Need Improvement,Average
Joseph Williams,64.4,79,85,100,Debate,104424.0,No,9.5,Placed,88.0,safe,Excellent
Joseph Sanchez,76.2,63,90,77,Sports,38575.0,Yes,6.2,Placed,76.66666666666667,safe,Good
Kenneth Lee,79.5,38,56,51,Volunteer,50867.0,No,1.5,Not Placed,48.333333333333336,Need Improvement,Poor
Emily Davis,84.3,39,55,79,Volunteer,117386.0,Yes,4.1,Not Placed,57.666666666666664,Need Improvement,Average
Anthony Walker,87.3,75,68,80,NCC,36113.0,No,6.2,Placed,74.33333333333333,safe,Good
Stephanie Rodriguez,82.4,74,83,86,Sports,97464.0,Yes,7.3,Placed,81.0,safe,Good
George Lee,81.2,38,61,86,NCC,47620.0,Yes,4.8,Placed,61.666666666666664,safe,Average
Stephanie Allen,78.1,48,73,89,Debate,105029.0,Yes,5.1,Placed,70.0,safe,Good
Andrew Allen,79.3,35,57,33,Sports,23939.0,Yes,1.4,Not Placed,41.666666666666664,Need Improvement,Poor
Nancy Robinson,52.1,60,52,72,Music,45382.0,Yes,3.7,Not Placed,61.333333333333336,safe,Average
Andrew Thomas,80.2,75,76,87,Debate,80957.0,Yes,7.9,Placed,79.33333333333333,safe,Good
Elizabeth Anderson,74.5,72,85,100,Sports,64702.0,Yes,10.0,Placed,85.66666666666667,safe,Excellent
Patricia Johnson,89.4,48,72,68,Sports,73978.0,No,4.4,Placed,62.666666666666664,safe,Average
Steven Lewis,74.8,54,70,79,Debate,58145.0,Yes,6.9,Placed,67.66666666666667,safe,Average
Lisa White,83.3,79,73,100,Music,67422.0,Yes,7.8,Placed,84.0,safe,Good
Joseph Torres,69.4,54,47,67,Sports,61294.0,Yes,4.2,Not Placed,56.0,Need Improvement,Average
Nicholas Allen,81.3,60,68,75,Volunteer,85294.0,No,6.7,Placed,67.66666666666667,safe,Average
Ryan Smith,84.1,47,59,82,Volunteer,64702.0,No,5.4,Not Placed,62.666666666666664,safe,Average
Kenneth Robinson,88.9,52,90,62,Debate,35926.0,No,4.2,Placed,68.0,safe,Average
Ryan Torres,75.0,44,39,33,Sports,33278.0,Yes,2.6,Not Placed,38.666666666666664,At risk,Poor
William Anderson,88.2,56,72,48,NCC,70038.0,Yes,1.6,Placed,58.666666666666664,Need Improvement,Average
Kimberly Moore,75.0,57,51,54,Sports,58362.0,No,4.8,Not Placed,54.0,Need Improvement,Average
Angela Jackson,68.3,41,44,73,NCC,86297.0,Yes,4.2,Not Placed,52.666666666666664,Need Improvement,Average
Michael Harris,85.8,66,73,72,Volunteer,83740.0,Yes,7.0,Placed,70.33333333333333,safe,Good
Brian Perez,87.6,74,64,72,Sports,63019.0,Yes,6.6,Placed,70.0,safe,Good
Donna Anderson,82.9,76,86,100,NCC,44017.0,Yes,9.7,Placed,87.33333333333333,safe,Excellent
Anthony Harris,73.0,47,47,83,Debate,45553.0,No,6.7,Not Placed,59.0,Need Improvement,Average
William Wright,82.1,46,46,42,NCC,79359.0,Yes,3.0,Not Placed,44.666666666666664,Need Improvement,Poor
Joshua Young,90.7,65,75,64,Sports,74700.0,No,5.1,Placed,68.0,safe,Average
George Gonzalez,61.5,38,52,83,Volunteer,97872.0,No,5.4,Not Placed,57.666666666666664,Need Improvement,Average
Daniel Jones,78.2,47,57,54,NCC,105048.0,Yes,2.7,Not Placed,52.666666666666664,Need Improvement,Average
Cynthia Jones,67.2,62,69,82,Sports,92658.0,No,6.6,Placed,71.0,safe,Good
George Allen,80.0,62,67,89,Volunteer,34185.0,Yes,7.6,Placed,72.66666666666667,safe,Good
Kevin Taylor,100.0,46,60,61,Sports,64702.0,No,4.4,Placed,55.666666666666664,Need Improvement,Average
Sarah Walker,75.6,77,87,95,Volunteer,56413.0,No,6.7,Placed,86.33333333333333,safe,Excellent
Karen Allen,83.5,54,56,54,Music,79808.0,Yes,4.2,Not Placed,54.666666666666664,Need Improvement,Average
Susan Lee,77.6,60,0,62,Sports,58360.0,No,6.0,Not Placed,40.666666666666664,Need Improvement,Poor
Michelle Lee,80.0,52,55,45,Debate,47926.0,No,3.3,Not Placed,50.666666666666664,Need Improvement,Average
Nancy Clark,98.9,71,84,73,Volunteer,63647.0,No,5.4,Placed,76.0,safe,Good
Kevin Robinson,80.9,58,57,91,Music,125606.0,Yes,6.6,Not Placed,68.66666666666667,safe,Average
Mark Taylor,73.7,59,45,76,NCC,89473.0,Yes,6.8,Not Placed,60.0,safe,Average
Stephanie Wilson,68.4,49,53,60,Sports,101947.0,No,5.1,Not Placed,54.0,Need Improvement,Average
Sarah Allen,77.1,70,73,73,Sports,46060.0,Yes,5.1,Placed,72.0,safe,Good
Nancy Lewis,76.4,70,80,99,Sports,84620.0,Yes,6.3,Placed,83.0,safe,Good
Rebecca Thomas,92.5,50,53,54,Music,78763.0,Yes,3.2,Not Placed,52.333333333333336,Need Improvement,Average
Edward White,92.6,35,59,57,NCC,64702.0,No,3.4,Not Placed,50.333333333333336,Need Improvement,Average
Robert Smith,86.4,64,57,70,Volunteer,73885.0,Yes,5.2,Not Placed,63.666666666666664,safe,Average
Steven Harris,100.0,54,69,61,Music,87922.0,Yes,4.6,Placed,61.333333333333336,safe,Average
Michelle Scott,59.6,57,82,98,Debate,64702.0,No,6.1,Placed,79.0,safe,Good
Ronald Garcia,93.8,60,67,67,Sports,117536.0,Yes,5.6,Placed,64.66666666666667,safe,Average
Patricia Robinson,80.0,67,80,58,Music,8000.0,No,4.9,Placed,68.33333333333333,safe,Average
Sarah Young,78.1,59,67,86,Volunteer,91650.0,Yes,6.5,Placed,70.66666666666667,safe,Good
Emily Jones,83.3,39,62,38,Volunteer,13872.0,No,1.5,Placed,46.333333333333336,Need Improvement,Poor
Rebecca Harris,60.5,38,75,73,Sports,64872.0,Yes,4.0,Placed,62.0,safe,Average
Robert Torres,74.3,59,67,88,NCC,43258.0,Yes,5.8,Placed,71.33333333333333,safe,Good
Kimberly Scott,79.0,30,47,40,Sports,46646.0,No,2.8,Not Placed,39.0,At risk,Poor
Sandra Lee,84.2,42,53,57,Sports,45099.0,Yes,4.9,Not Placed,50.666666666666664,Need Improvement,Average
Ashley Clark,80.8,39,48,62,NCC,48228.0,No,2.9,Not Placed,49.666666666666664,Need Improvement,Poor
Edward Thomas,83.4,59,57,69,Music,64919.0,Yes,4.8,Not Placed,61.666666666666664,safe,Average
William Johnson,77.6,62,80,80,Volunteer,62036.0,Yes,6.6,Placed,74.0,safe,Good
Cynthia Gonzalez,92.1,98,92,100,Sports,51968.0,Yes,9.8,Placed,96.66666666666667,safe,Excellent
Michelle Ramirez,74.2,59,53,54,NCC,138041.0,Yes,3.0,Not Placed,55.333333333333336,Need Improvement,Average
Jennifer King,80.0,52,64,60,Debate,47298.0,No,4.9,Placed,58.666666666666664,Need Improvement,Average
Jessica Flores,73.3,36,50,80,Sports,104669.0,Yes,3.8,Not Placed,55.333333333333336,Need Improvement,Average
Cynthia Garcia,100.0,86,84,100,Sports,82268.0,Yes,9.8,Placed,90.0,safe,Excellent
Karen Moore,82.3,61,46,59,Music,8000.0,Yes,5.1,Not Placed,55.333333333333336,Need Improvement,Average
John Taylor,75.3,64,70,79,Sports,71139.0,Yes,7.8,Placed,71.0,safe,Good
Gary Taylor,70.6,48,41,39,Volunteer,82870.0,Yes,4.1,Not Placed,42.666666666666664,Need Improvement,Poor
Kenneth Hernandez,56.7,80,88,80,Music,91559.0,Yes,7.0,Placed,82.66666666666667,safe,Good
Karen Hill,68.3,62,80,100,Sports,52518.0,No,7.2,Placed,80.66666666666667,safe,Good
Richard Miller,68.3,61,72,99,Debate,26394.0,Yes,6.4,Placed,77.33333333333333,safe,Good
James Jones,72.4,49,63,79,NCC,54951.0,No,6.2,Placed,63.666666666666664,safe,Average
Andrew Williams,90.6,54,65,79,NCC,71276.0,No,6.7,Placed,66.0,safe,Average
Joseph Sanchez,84.8,59,0,65,Music,68475.0,No,4.8,Placed,41.333333333333336,Need Improvement,Poor
Carol Miller,94.5,69,99,96,Debate,53081.0,Yes,7.8,Placed,88.0,safe,Excellent
Emma Jones,75.8,67,82,82,Sports,38738.0,Yes,5.6,Placed,77.0,safe,Good
Betty Garcia,63.9,60,68,95,Music,56299.0,Yes,6.4,Placed,74.33333333333333,safe,Good
Anthony White,93.0,58,59,56,Debate,39986.0,Yes,3.5,Not Placed,57.666666666666664,Need Improvement,Average
Kenneth Clark,80.0,43,48,52,Sports,65781.0,Yes,5.6,Not Placed,47.666666666666664,Need Improvement,Poor
Nicholas Robinson,73.7,63,74,91,Debate,91798.0,Yes,7.3,Placed,76.0,safe,Good
Robert Thompson,74.4,80,91,71,NCC,106374.0,Yes,6.3,Placed,80.66666666666667,safe,Good
Kimberly Wright,72.9,60,66,75,Debate,46655.0,Yes,5.2,Placed,67.0,safe,Average
Emma Lopez,69.8,62,61,74,Debate,50450.0,Yes,5.3,Placed,65.66666666666667,safe,Average
Mary Nguyen,70.7,43,55,68,Sports,87253.0,No,4.7,Not Placed,55.333333333333336,Need Improvement,Average
Gary Hernandez,79.7,51,43,75,NCC,50955.0,No,4.5,Not Placed,56.333333333333336,Need Improvement,Average
Joshua Lopez,77.7,60,77,83,Debate,65869.0,Yes,7.3,Placed,73.33333333333333,safe,Good
Carol Johnson,77.8,64,60,83,Music,89629.0,Yes,7.1,Placed,69.0,safe,Average
Donald Hill,84.3,43,54,30,Volunteer,97927.0,Yes,1.0,Not Placed,42.333333333333336,Need Improvement,Poor
Carol Walker,71.5,56,77,81,Music,64702.0,Yes,4.7,Placed,71.33333333333333,safe,Good
Matthew Young,72.3,47,50,78,Volunteer,113159.0,No,5.6,Not Placed,58.333333333333336,Need Improvement,Average
Stephanie Allen,86.9,74,84,91,Sports,30242.0,Yes,7.8,Placed,83.0,safe,Good
Steven Martin,60.8,95,70,100,Debate,58544.0,Yes,10.0,Placed,88.33333333333333,safe,Excellent
Jennifer Scott,85.9,52,70,59,Music,32494.0,No,5.2,Placed,60.333333333333336,safe,Average
John Thomas,81.1,35,58,90,Sports,54957.0,Yes,6.0,Not Placed,61.0,safe,Average
Jessica Moore,73.5,46,58,58,Sports,140118.0,Yes,3.1,Not Placed,54.0,Need Improvement,Average
Patricia Lewis,86.4,70,81,86,Music,47965.0,Yes,6.9,Placed,79.0,safe,Good
Jennifer Gonzalez,96.3,48,57,60,Sports,8000.0,Yes,5.1,Not Placed,55.0,Need Improvement,Average
Steven King,82.0,69,71,85,Debate,57332.0,Yes,6.1,Placed,75.0,safe,Good
Joshua Lopez,85.2,71,72,77,Sports,121124.0,Yes,6.4,Placed,73.33333333333333,safe,Good
Donald Scott,71.8,80,79,93,Volunteer,64702.0,Yes,7.8,Placed,84.0,safe,Good
Karen Wright,82.5,82,100,80,Volunteer,36869.0,Yes,5.9,Placed,87.33333333333333,safe,Excellent
Nancy Davis,100.0,71,90,83,Sports,64702.0,Yes,4.2,Placed,81.33333333333333,safe,Good
Mark Martinez,45.9,51,52,77,Sports,80353.0,No,5.4,Not Placed,60.0,safe,Average
Emma Johnson,83.8,65,80,73,Sports,96573.0,Yes,5.1,Placed,72.66666666666667,safe,Good
William Miller,74.3,25,58,54,NCC,69106.0,No,4.1,Not Placed,45.666666666666664,Need Improvement,Poor
Paul Clark,79.6,70,62,72,Sports,58466.0,Yes,7.1,Placed,68.0,safe,Average
David Lee,96.5,54,72,71,NCC,22908.0,Yes,5.3,Placed,65.66666666666667,safe,Average
Donna Allen,66.7,37,51,43,Volunteer,58663.0,Yes,2.8,Not Placed,43.666666666666664,Need Improvement,Poor
Daniel Smith,79.4,49,60,74,Debate,17334.0,Yes,5.4,Placed,61.0,safe,Average
Karen Scott,55.1,59,48,86,Debate,92021.0,Yes,6.6,Not Placed,64.33333333333333,safe,Average
Amanda Ramirez,81.7,57,52,64,Debate,107045.0,No,4.7,Not Placed,57.666666666666664,Need Improvement,Average
George Allen,73.3,68,71,89,NCC,61974.0,No,8.1,Placed,76.0,safe,Good
John Lee,78.4,29,52,59,Sports,89595.0,Yes,3.8,Not Placed,46.666666666666664,Need Improvement,Poor
Mary Torres,92.4,76,92,89,Sports,25542.0,Yes,6.2,Placed,85.66666666666667,safe,Excellent
Sharon Brown,86.3,64,85,95,Volunteer,131926.0,No,6.5,Placed,81.33333333333333,safe,Good
Lisa Johnson,86.1,73,80,58,Sports,48031.0,Yes,6.7,Placed,70.33333333333333,safe,Good
Thomas Hill,78.5,63,64,76,Volunteer,86579.0,Yes,7.9,Placed,67.66666666666667,safe,Average
Sandra Scott,77.9,97,85,100,Sports,8000.0,Yes,7.7,Placed,94.0,safe,Excellent
William Lee,71.8,54,80,92,NCC,47746.0,Yes,6.0,Placed,75.33333333333333,safe,Good
Elizabeth Wright,80.1,51,57,71,Sports,106480.0,Yes,5.5,Not Placed,59.666666666666664,Need Improvement,Average
Daniel Jones,91.1,85,96,85,Sports,58039.0,Yes,8.0,Placed,88.66666666666667,safe,Excellent
Charles Anderson,81.9,57,65,91,Sports,69212.0,Yes,4.5,Placed,71.0,safe,Good
Anthony Lee,80.8,71,83,100,Debate,100731.0,Yes,10.0,Placed,84.66666666666667,safe,Good
John Harris,83.1,75,75,72,Sports,13849.0,Yes,4.9,Placed,74.0,safe,Good
Susan Smith,100.0,100,100,100,Sports,68257.0,Yes,9.6,Placed,100.0,safe,Excellent
Emily Taylor,93.9,64,66,73,Sports,121086.0,Yes,6.2,Placed,67.66666666666667,safe,Average
Jennifer Brown,69.7,81,80,92,Sports,56663.0,Yes,7.7,Placed,84.33333333333333,safe,Good
Donna Lewis,52.1,55,66,89,Volunteer,43291.0,No,5.9,Placed,70.0,safe,Good
William Harris,96.7,71,73,74,NCC,77790.0,Yes,6.7,Placed,72.66666666666667,safe,Good
Ronald Scott,62.5,64,0,73,Debate,77932.0,Yes,5.5,Placed,45.666666666666664,Need Improvement,Poor
Melissa Lee,86.5,85,85,88,Sports,33939.0,No,6.6,Placed,86.0,safe,Excellent
Linda White,84.4,64,73,52,Debate,65650.0,Yes,4.7,Placed,63.0,safe,Average
Nancy Wright,82.9,59,72,87,Sports,42827.0,No,6.9,Placed,72.66666666666667,safe,Good
Betty Miller,89.6,57,55,35,Music,46464.0,Yes,4.5,Not Placed,49.0,Need Improvement,Poor
Anthony White,64.8,79,86,91,NCC,81118.0,Yes,7.1,Placed,85.33333333333333,safe,Excellent
Anthony King,81.3,34,65,34,NCC,23120.0,Yes,2.9,Placed,44.333333333333336,Need Improvement,Poor
Angela Hill,79.1,60,71,73,Sports,23833.0,No,5.9,Placed,68.0,safe,Average
David Nguyen,82.0,59,82,79,Music,58090.0,Yes,6.1,Placed,73.33333333333333,safe,Good
Cynthia Nguyen,75.4,49,45,79,Sports,56208.0,Yes,6.5,Not Placed,57.666666666666664,Need Improvement,Average
John Hernandez,100.0,36,58,64,Sports,66662.0,Yes,2.8,Not Placed,52.666666666666664,Need Improvement,Average
Nicholas Jackson,94.3,94,99,97,Sports,65375.0,No,8.7,Placed,96.66666666666667,safe,Excellent
Kimberly Martin,89.9,82,99,88,Sports,102032.0,Yes,7.3,Placed,89.66666666666667,safe,Excellent
Richard Hernandez,93.6,87,98,83,Volunteer,64702.0,Yes,7.0,Placed,89.33333333333333,safe,Excellent
Mark Sanchez,54.9,53,50,63,NCC,76047.0,Yes,3.7,Not Placed,55.333333333333336,Need Improvement,Average
Deborah Perez,75.2,77,89,93,Sports,117915.0,Yes,7.4,Placed,86.33333333333333,safe,Excellent
Edward Williams,78.1,75,82,82,Sports,70721.0,Yes,5.5,Placed,79.66666666666667,safe,Good
Jessica Jackson,85.1,63,69,63,Debate,65611.0,Yes,3.5,Placed,65.0,safe,Average
Jennifer Scott,94.0,58,57,42,Sports,80954.0,No,3.5,Not Placed,52.333333333333336,Need Improvement,Average
Steven Lopez,73.5,62,54,77,Sports,101337.0,Yes,5.6,Not Placed,64.33333333333333,safe,Average
William Hill,63.8,50,73,55,Debate,95558.0,Yes,3.4,Placed,59.333333333333336,Need Improvement,Average
Anthony Torres,90.7,85,98,99,Volunteer,77454.0,Yes,9.1,Placed,94.0,safe,Excellent
Mary Anderson,84.9,76,90,93,Debate,58951.0,Yes,6.9,Placed,86.33333333333333,safe,Excellent
Richard Taylor,66.1,45,57,85,NCC,64702.0,No,5.6,Not Placed,62.333333333333336,safe,Average
Angela Lee,83.9,63,63,57,Volunteer,59700.0,No,4.4,Placed,61.0,safe,Average
Karen Thompson,84.4,65,76,68,NCC,12741.0,No,6.5,Placed,69.66666666666667,safe,Average
Jennifer Martin,76.2,63,58,78,NCC,100388.0,Yes,4.9,Not Placed,66.33333333333333,safe,Average
Robert Lee,88.0,75,90,65,Volunteer,90475.0,Yes,7.4,Placed,76.66666666666667,safe,Good
Robert Allen,83.7,83,94,94,Debate,97861.0,No,7.3,Placed,90.33333333333333,safe,Excellent
Ronald Lopez,49.8,37,37,41,Music,68561.0,Yes,1.4,Not Placed,38.333333333333336,At risk,Poor
Ashley Anderson,91.4,82,99,100,NCC,75814.0,Yes,9.7,Placed,93.66666666666667,safe,Excellent
Matthew Torres,83.4,62,81,100,NCC,92609.0,Yes,7.2,Placed,81.0,safe,Good
Sharon Williams,84.4,50,73,86,Sports,89915.0,Yes,5.9,Placed,69.66666666666667,safe,Average
Stephanie Brown,71.0,29,45,55,NCC,54279.0,No,4.0,Not Placed,43.0,Need Improvement,Poor
Karen Lee,80.9,45,69,57,Debate,56246.0,Yes,3.9,Placed,57.0,Need Improvement,Average
Jason Torres,86.4,56,63,86,Volunteer,44356.0,No,7.4,Placed,68.33333333333333,safe,Average
Robert Taylor,62.5,46,57,41,Debate,32785.0,Yes,1.8,Not Placed,48.0,Need Improvement,Poor
Ronald Nguyen,76.2,23,41,60,Volunteer,84765.0,No,2.7,Not Placed,41.333333333333336,Need Improvement,Poor
Laura Jones,100.0,64,80,66,Volunteer,143000.0,No,6.8,Placed,70.0,safe,Good
Nancy Flores,70.5,17,29,27,Debate,123329.0,Yes,1.1,Not Placed,24.333333333333332,At risk,Poor
Karen Williams,89.6,69,67,82,Debate,53964.0,Yes,6.9,Placed,72.66666666666667,safe,Good
Joseph Perez,96.8,61,77,67,Sports,8000.0,Yes,3.9,Placed,68.33333333333333,safe,Average
John Martinez,76.0,62,54,64,Music,125423.0,Yes,4.2,Not Placed,60.0,safe,Average
Ryan Johnson,70.4,88,82,100,Sports,49202.0,Yes,9.8,Placed,90.0,safe,Excellent
Jessica Hernandez,75.2,84,93,100,Sports,55463.0,Yes,9.6,Placed,92.33333333333333,safe,Excellent
Andrew Johnson,87.8,76,73,78,Music,102782.0,No,6.4,Placed,75.66666666666667,safe,Good
John Martinez,93.1,46,80,50,Sports,73246.0,No,2.2,Not Placed,58.666666666666664,Need Improvement,Average
Michael Martinez,80.0,69,79,95,Sports,64702.0,No,7.1,Placed,81.0,safe,Good
Ronald Ramirez,92.1,61,78,79,Debate,129800.0,No,6.1,Placed,72.66666666666667,safe,Good
Elizabeth Lee,68.6,58,66,37,Debate,65143.0,Yes,3.4,Placed,53.666666666666664,Need Improvement,Average
Lisa Lopez,93.7,59,74,65,Sports,76859.0,Yes,5.6,Placed,66.0,safe,Average
Paul Perez,89.3,88,100,92,Volunteer,80038.0,No,7.6,Placed,93.33333333333333,safe,Excellent
Lisa Perez,57.9,61,67,48,Debate,55466.0,Yes,4.2,Placed,58.666666666666664,Need Improvement,Average
Donald Allen,79.1,37,54,52,Sports,24748.0,Yes,2.4,Not Placed,47.666666666666664,Need Improvement,Poor
Richard Wilson,74.7,50,75,83,Debate,41735.0,No,6.3,Placed,69.33333333333333,safe,Average
Stephanie Perez,99.9,53,61,48,NCC,56832.0,No,4.0,Placed,54.0,Need Improvement,Average
Paul Gonzalez,89.7,65,69,100,Sports,83174.0,No,7.2,Placed,78.0,safe,Good
John Walker,75.6,49,51,53,Debate,95142.0,Yes,2.8,Not Placed,51.0,Need Improvement,Average
Andrew Walker,86.8,84,86,63,Sports,62140.0,Yes,5.1,Placed,77.66666666666667,safe,Good
George Robinson,81.9,70,65,62,NCC,68268.0,Yes,4.7,Placed,65.66666666666667,safe,Average
Laura Allen,64.4,53,71,61,NCC,64315.0,Yes,5.3,Placed,61.666666666666664,safe,Average
Susan Davis,97.7,60,66,61,Volunteer,110036.0,Yes,3.1,Placed,62.333333333333336,safe,Average
Andrew Allen,100.0,92,93,100,Volunteer,15988.0,Yes,9.1,Placed,95.0,safe,Excellent
Kimberly Davis,95.3,72,77,84,NCC,48999.0,Yes,7.1,Placed,77.66666666666667,safe,Good
Joshua Thompson,77.6,57,75,98,NCC,9691.0,Yes,7.0,Placed,76.66666666666667,safe,Good
James Martin,80.0,55,63,72,Sports,102248.0,Yes,4.6,Placed,63.333333333333336,safe,Average
Deborah Jackson,92.4,87,90,81,Music,86980.0,No,6.1,Placed,86.0,safe,Excellent
Laura Taylor,95.6,75,90,73,Music,15196.0,No,6.6,Placed,79.33333333333333,safe,Good
Ronald Nguyen,80.0,68,81,93,Debate,19800.0,Yes,6.1,Placed,80.66666666666667,safe,Good
Donna Clark,84.2,68,77,90,Sports,74873.0,Yes,6.7,Placed,78.33333333333333,safe,Good
David Thomas,100.0,65,85,91,NCC,48842.0,Yes,6.1,Placed,80.33333333333333,safe,Good
Sandra Smith,69.7,86,81,92,Volunteer,57234.0,Yes,7.8,Placed,86.33333333333333,safe,Excellent
Linda Wright,87.2,50,66,67,Music,78892.0,Yes,4.6,Placed,61.0,safe,Average
Mark Torres,73.3,28,44,33,Music,40645.0,Yes,1.0,Not Placed,35.0,At risk,Poor
Steven Taylor,96.0,57,77,61,Music,82778.0,Yes,6.8,Placed,65.0,safe,Average
Brian Ramirez,74.1,60,75,39,Volunteer,152512.0,Yes,2.9,Placed,58.0,Need Improvement,Average
Joseph Davis,67.4,61,64,88,Debate,103592.0,Yes,7.0,Placed,71.0,safe,Good
Michael Sanchez,64.2,65,69,79,Music,37884.0,Yes,6.7,Placed,71.0,safe,Good
Joshua Lopez,77.0,77,79,95,Debate,97421.0,No,7.9,Placed,83.66666666666667,safe,Good
Sharon Ramirez,73.8,40,33,42,Sports,91284.0,No,3.1,Not Placed,38.333333333333336,At risk,Poor
Deborah Brown,68.7,74,79,87,Volunteer,83591.0,Yes,5.2,Placed,80.0,safe,Good
Donna Lee,92.7,71,79,81,Volunteer,78734.0,No,7.0,Placed,77.0,safe,Good
Jacob Perez,79.1,47,43,49,Volunteer,109535.0,Yes,2.8,Not Placed,46.333333333333336,Need Improvement,Poor
Anthony Thomas,75.8,34,59,40,Music,91916.0,No,2.6,Not Placed,44.333333333333336,Need Improvement,Poor
Karen Lopez,91.1,48,52,56,NCC,32659.0,No,3.5,Not Placed,52.0,Need Improvement,Average
Joshua Perez,68.3,56,75,100,Music,28282.0,Yes,8.8,Placed,77.0,safe,Good
Edward Nguyen,89.0,52,67,50,Sports,54649.0,Yes,3.2,Placed,56.333333333333336,Need Improvement,Average
Stephanie Clark,93.6,27,53,61,Sports,60806.0,Yes,3.3,Not Placed,47.0,Need Improvement,Poor
Lisa Williams,94.8,80,89,100,Sports,51968.0,No,6.7,Placed,89.66666666666667,safe,Excellent
Carol Jackson,72.7,40,57,65,Music,99201.0,No,4.1,Not Placed,54.0,Need Improvement,Average
Angela Hill,82.4,79,85,84,Volunteer,49296.0,Yes,6.8,Placed,82.66666666666667,safe,Good
William Williams,56.5,45,55,71,Music,64343.0,Yes,6.2,Not Placed,57.0,Need Improvement,Average
Patricia Moore,72.1,63,61,52,Sports,64702.0,Yes,5.2,Placed,58.666666666666664,Need Improvement,Average
Jessica Miller,90.1,14,36,33,Debate,67583.0,No,1.8,Not Placed,27.666666666666668,At risk,Poor
Mark Smith,74.1,76,74,100,NCC,81448.0,Yes,7.1,Placed,83.33333333333333,safe,Good
Stephanie Brown,65.1,43,72,97,Sports,86914.0,No,7.7,Placed,70.66666666666667,safe,Good
Steven Walker,86.0,52,64,64,NCC,67808.0,Yes,4.6,Placed,60.0,safe,Average
Linda Scott,80.3,64,80,77,Debate,40086.0,No,7.3,Placed,73.66666666666667,safe,Good
Deborah Robinson,83.3,53,60,55,Sports,78070.0,Yes,3.9,Placed,56.0,Need Improvement,Average
Brian Flores,76.5,78,79,100,Sports,40042.0,Yes,9.1,Placed,85.66666666666667,safe,Excellent
John Jones,82.5,77,88,100,Volunteer,133898.0,Yes,6.9,Placed,88.33333333333333,safe,Excellent
Rebecca Moore,65.9,84,92,97,NCC,74955.0,No,8.5,Placed,91.0,safe,Excellent
Donna Miller,79.3,53,42,68,NCC,63697.0,Yes,3.9,Not Placed,54.333333333333336,Need Improvement,Average
Carol Rodriguez,85.0,74,82,93,Sports,70263.0,Yes,6.7,Placed,83.0,safe,Good
Emma Ramirez,80.0,63,72,96,Debate,111679.0,No,8.2,Placed,77.0,safe,Good
Joseph Johnson,83.9,48,53,64,Sports,31141.0,Yes,4.4,Not Placed,55.0,Need Improvement,Average
Donna Ramirez,80.8,42,49,45,NCC,122908.0,Yes,1.0,Not Placed,45.333333333333336,Need Improvement,Poor
Richard Ramirez,83.7,48,56,70,Sports,104666.0,Yes,4.2,Not Placed,58.0,Need Improvement,Average
Donald Johnson,74.2,71,83,100,NCC,54569.0,Yes,7.6,Placed,84.66666666666667,safe,Good
Sharon Anderson,83.6,86,92,93,Sports,70518.0,Yes,7.9,Placed,90.33333333333333,safe,Excellent
Cynthia Torres,80.9,73,86,100,NCC,45706.0,Yes,9.1,Placed,86.33333333333333,safe,Excellent
Thomas Lopez,58.8,69,73,100,Sports,73201.0,Yes,7.8,Placed,80.66666666666667,safe,Good
Jessica Nguyen,89.0,66,80,75,Sports,78502.0,Yes,5.4,Placed,73.66666666666667,safe,Good
Angela Garcia,87.4,63,63,78,Debate,76682.0,No,6.7,Placed,68.0,safe,Average
Angela Anderson,78.7,63,71,100,Music,46668.0,Yes,7.8,Placed,78.0,safe,Good
Patricia Lewis,94.8,69,71,82,Debate,63286.0,Yes,5.6,Placed,74.0,safe,Good
Laura Lewis,61.1,70,78,100,Sports,82104.0,Yes,7.8,Placed,82.66666666666667,safe,Good
Thomas Scott,99.1,76,95,81,NCC,42067.0,Yes,5.4,Placed,84.0,safe,Good
Mary Jones,80.4,23,59,46,Sports,48518.0,No,1.0,Not Placed,42.666666666666664,Need Improvement,Poor
Sarah King,83.6,69,75,65,Debate,64702.0,Yes,4.7,Placed,69.66666666666667,safe,Average
Paul Garcia,71.4,58,75,100,Debate,77242.0,No,8.1,Placed,77.66666666666667,safe,Good
Lisa Martinez,68.2,72,63,79,NCC,49246.0,No,6.1,Placed,71.33333333333333,safe,Good
Emma Martinez,100.0,54,58,49,NCC,55304.0,Yes,3.2,Not Placed,53.666666666666664,Need Improvement,Average
Ryan Davis,78.6,61,71,59,Debate,116841.0,Yes,4.6,Placed,63.666666666666664,safe,Average
Michael Taylor,83.6,41,37,51,Music,64702.0,No,3.0,Not Placed,43.0,Need Improvement,Poor
George Moore,73.3,65,68,64,NCC,96065.0,No,5.8,Placed,65.66666666666667,safe,Average
Jacob Gonzalez,73.4,58,74,65,NCC,69511.0,Yes,5.4,Placed,65.66666666666667,safe,Average
Kenneth White,72.4,78,87,95,Sports,47308.0,Yes,7.9,Placed,86.66666666666667,safe,Excellent
Melissa Lopez,90.1,73,88,90,Music,8000.0,Yes,6.6,Placed,83.66666666666667,safe,Good
Nicholas Wright,88.6,53,61,72,Music,49421.0,Yes,5.5,Placed,62.0,safe,Average
Lisa Young,59.8,34,38,59,Music,59012.0,No,4.3,Not Placed,43.666666666666664,Need Improvement,Poor
Ronald Johnson,80.0,53,72,81,Debate,128814.0,No,5.8,Placed,68.66666666666667,safe,Average
George Flores,90.7,72,90,100,Music,75124.0,Yes,6.4,Placed,87.33333333333333,safe,Excellent
Andrew Miller,62.4,69,69,97,NCC,99635.0,Yes,7.0,Placed,78.33333333333333,safe,Good
Carol White,92.1,94,87,96,Music,90328.0,Yes,8.6,Placed,92.33333333333333,safe,Excellent
William Davis,73.3,82,72,86,Sports,75426.0,Yes,8.2,Placed,80.0,safe,Good
Richard Martinez,80.3,82,84,88,NCC,52446.0,Yes,7.4,Placed,84.66666666666667,safe,Good
Amanda Ramirez,62.8,62,61,84,NCC,83682.0,Yes,6.4,Placed,69.0,safe,Average
Steven Hill,85.5,44,68,53,Sports,51684.0,Yes,2.3,Placed,55.0,Need Improvement,Average
Matthew White,86.2,81,100,100,NCC,110629.0,Yes,8.2,Placed,93.66666666666667,safe,Excellent
Anthony Smith,76.4,43,70,50,Volunteer,68704.0,Yes,2.9,Placed,54.333333333333336,Need Improvement,Average
Richard Sanchez,71.2,65,58,64,Sports,81497.0,Yes,6.3,Not Placed,62.333333333333336,safe,Average
Susan Davis,70.2,42,74,70,Debate,78148.0,Yes,3.9,Placed,62.0,safe,Average
Anthony Walker,80.0,59,53,68,Music,33350.0,Yes,4.6,Not Placed,60.0,safe,Average
Gary Harris,89.1,71,79,96,NCC,41471.0,Yes,5.9,Placed,82.0,safe,Good
Stephanie Torres,77.1,39,49,53,NCC,114007.0,No,5.5,Not Placed,47.0,Need Improvement,Poor
Deborah Hernandez,83.4,63,77,78,Debate,65224.0,Yes,5.4,Placed,72.66666666666667,safe,Good
Sarah Ramirez,74.8,90,89,97,Volunteer,66927.0,Yes,7.1,Placed,92.0,safe,Excellent
Amanda Jones,68.0,59,68,56,NCC,36565.0,Yes,3.8,Placed,61.0,safe,Average
Rebecca Flores,82.2,58,69,81,Sports,51164.0,Yes,5.9,Placed,69.33333333333333,safe,Average
Lisa Smith,87.6,65,66,59,Music,79517.0,Yes,5.5,Placed,63.333333333333336,safe,Average
Angela Torres,83.9,73,90,74,Sports,64702.0,Yes,6.5,Placed,79.0,safe,Good
Mark Harris,100.0,60,59,26,Debate,65870.0,Yes,2.7,Not Placed,48.333333333333336,Need Improvement,Poor
John Martin,63.9,93,82,91,NCC,103457.0,Yes,8.7,Placed,88.66666666666667,safe,Excellent
Carol Sanchez,85.1,50,52,61,Debate,17637.0,No,3.7,Not Placed,54.333333333333336,Need Improvement,Average
Amy Wilson,100.0,86,91,94,Music,94447.0,Yes,8.5,Placed,90.33333333333333,safe,Excellent
Donna Martinez,66.2,44,73,92,Debate,64702.0,No,6.2,Placed,69.66666666666667,safe,Average
Andrew Young,65.2,69,69,78,Music,55851.0,Yes,5.3,Placed,72.0,safe,Good
Patricia Wright,84.0,75,68,86,Music,117905.0,Yes,6.8,Placed,76.33333333333333,safe,Good
Lisa Gonzalez,94.6,100,95,100,NCC,94936.0,Yes,10.0,Placed,98.33333333333333,safe,Excellent
Karen Martinez,88.6,62,76,85,Music,21038.0,No,6.3,Placed,74.33333333333333,safe,Good
Elizabeth Torres,73.3,37,58,74,Volunteer,72461.0,Yes,2.9,Not Placed,56.333333333333336,Need Improvement,Average
Amanda Taylor,87.0,51,63,54,Debate,61830.0,Yes,2.2,Placed,56.0,Need Improvement,Average
Gary Walker,85.7,55,61,78,Music,8000.0,Yes,5.0,Placed,64.66666666666667,safe,Average
Ronald Anderson,96.0,68,79,100,Volunteer,43270.0,Yes,6.3,Placed,82.33333333333333,safe,Good
Carol Lee,98.0,52,57,62,Volunteer,27856.0,Yes,4.2,Not Placed,57.0,Need Improvement,Average
James Perez,68.4,67,66,67,Sports,70480.0,Yes,4.1,Placed,66.66666666666667,safe,Average
Joseph Brown,100.0,80,86,72,Sports,16437.0,Yes,6.7,Placed,79.33333333333333,safe,Good
Linda Flores,79.8,100,93,100,NCC,71380.0,Yes,9.6,Placed,97.66666666666667,safe,Excellent
Ryan Walker,86.6,48,65,79,Music,47295.0,No,3.3,Placed,64.0,safe,Average
Cynthia Martinez,76.1,56,70,65,Sports,122829.0,No,7.7,Placed,63.666666666666664,safe,Average
Sarah Ramirez,55.4,44,57,100,Music,89367.0,No,7.6,Not Placed,67.0,safe,Average
Emma Davis,100.0,57,65,40,Music,58181.0,Yes,1.9,Placed,54.0,Need Improvement,Average
Amy Young,61.3,50,71,100,Sports,10409.0,Yes,5.8,Placed,73.66666666666667,safe,Good
Jennifer Hernandez,96.5,50,78,95,Volunteer,94373.0,No,6.8,Placed,74.33333333333333,safe,Good
Sandra Clark,83.9,67,79,66,Debate,61294.0,No,4.9,Placed,70.66666666666667,safe,Good
Cynthia Rodriguez,88.3,64,71,76,Sports,49162.0,No,5.9,Placed,70.33333333333333,safe,Good
Betty Hill,69.9,63,77,100,Music,77824.0,Yes,7.1,Placed,80.0,safe,Good
Emma Ramirez,70.1,72,90,93,Debate,85381.0,Yes,8.6,Placed,85.0,safe,Excellent
Laura Nguyen,81.3,65,88,77,Sports,44763.0,Yes,5.9,Placed,76.66666666666667,safe,Good
Carol Wilson,79.0,52,72,54,Volunteer,55283.0,Yes,3.4,Placed,59.333333333333336,Need Improvement,Average
Robert Moore,94.1,86,89,100,Music,47056.0,Yes,7.8,Placed,91.66666666666667,safe,Excellent
Amanda Hernandez,72.5,76,57,53,NCC,101821.0,Yes,4.6,Not Placed,62.0,safe,Average
Kimberly Thomas,100.0,73,79,78,Music,39182.0,Yes,5.3,Placed,76.66666666666667,safe,Good
Kimberly Flores,66.3,33,58,69,Music,80115.0,Yes,4.5,Not Placed,53.333333333333336,Need Improvement,Average
Sharon Anderson,78.2,53,58,61,Debate,107847.0,Yes,3.7,Not Placed,57.333333333333336,Need Improvement,Average
Sandra Allen,67.8,60,59,56,NCC,106423.0,No,3.7,Not Placed,58.333333333333336,Need Improvement,Average
Amanda Thomas,90.3,52,57,54,Sports,39480.0,No,4.6,Not Placed,54.333333333333336,Need Improvement,Average
Kimberly Thompson,100.0,71,70,74,Volunteer,94510.0,Yes,5.5,Placed,71.66666666666667,safe,Good
Sandra Rodriguez,84.6,72,86,92,Music,62461.0,Yes,8.8,Placed,83.33333333333333,safe,Good
Andrew Allen,86.2,56,75,76,Volunteer,93924.0,Yes,4.0,Placed,69.0,safe,Average
Steven Scott,66.7,71,87,83,Sports,82376.0,No,7.3,Placed,80.33333333333333,safe,Good
Susan Hernandez,83.0,68,56,77,Sports,18406.0,Yes,5.8,Not Placed,67.0,safe,Average
Amanda Lee,82.5,58,64,52,Sports,54522.0,No,6.0,Placed,58.0,Need Improvement,Average
Jessica Lopez,50.0,36,53,60,Sports,61449.0,Yes,3.1,Not Placed,49.666666666666664,Need Improvement,Poor
Jennifer Nguyen,64.0,57,47,90,NCC,47653.0,No,5.8,Not Placed,64.66666666666667,safe,Average
Brian Miller,86.7,68,79,69,NCC,51550.0,Yes,6.5,Placed,72.0,safe,Good
Amanda Flores,73.7,67,94,88,Sports,88119.0,Yes,6.0,Placed,83.0,safe,Good
James Thompson,58.7,59,58,47,Sports,107030.0,No,3.4,Not Placed,54.666666666666664,Need Improvement,Average
Patricia Martin,87.1,69,73,79,NCC,75044.0,No,5.5,Placed,73.66666666666667,safe,Good
Gary Smith,68.2,67,64,61,NCC,84744.0,Yes,4.7,Placed,64.0,safe,Average
Carol Davis,63.2,44,80,81,Debate,22721.0,Yes,4.0,Placed,68.33333333333333,safe,Average
Jason Ramirez,58.1,58,63,78,NCC,108278.0,Yes,6.0,Placed,66.33333333333333,safe,Average
Michael Miller,73.5,57,60,81,Music,64702.0,Yes,5.1,Placed,66.0,safe,Average
Rebecca Brown,67.1,72,67,73,Volunteer,38887.0,Yes,7.6,Placed,70.66666666666667,safe,Good
Joseph Young,87.5,15,31,36,NCC,105786.0,No,1.2,Not Placed,27.333333333333332,At risk,Poor
Amanda Moore,70.1,50,63,61,Debate,56327.0,Yes,2.8,Placed,58.0,Need Improvement,Average
Mary Moore,68.3,52,71,73,Music,67090.0,Yes,4.4,Placed,65.33333333333333,safe,Average
Jason Jones,80.0,47,53,50,Debate,122984.0,Yes,3.5,Not Placed,50.0,Need Improvement,Average
Joshua Martin,80.0,62,62,52,NCC,32993.0,No,3.6,Placed,58.666666666666664,Need Improvement,Average
William Robinson,97.8,85,74,76,Sports,12679.0,Yes,7.3,Placed,78.33333333333333,safe,Good
Rebecca Martin,92.6,75,65,74,Sports,95315.0,Yes,5.4,Placed,71.33333333333333,safe,Good
James Hernandez,90.4,57,0,67,Music,91479.0,Yes,4.3,Placed,41.333333333333336,Need Improvement,Poor
Richard Young,93.5,69,74,75,Sports,91393.0,Yes,5.1,Placed,72.66666666666667,safe,Good
James Martin,72.9,29,29,51,Volunteer,19482.0,No,2.7,Not Placed,36.333333333333336,At risk,Poor
Carol Lopez,85.6,62,72,66,NCC,83387.0,Yes,4.3,Placed,66.66666666666667,safe,Average
Elizabeth Moore,91.5,82,76,96,NCC,38830.0,Yes,7.8,Placed,84.66666666666667,safe,Good
Angela Martin,81.0,77,76,90,Volunteer,24021.0,No,6.6,Placed,81.0,safe,Good
Nancy Smith,95.2,71,87,81,NCC,59037.0,Yes,4.9,Placed,79.66666666666667,safe,Good
Kenneth Martin,76.9,55,63,69,NCC,57985.0,Yes,5.3,Placed,62.333333333333336,safe,Average
Amy Walker,78.4,74,70,77,NCC,51595.0,Yes,5.2,Placed,73.66666666666667,safe,Good
Laura Garcia,80.0,50,56,62,Sports,134185.0,Yes,5.6,Not Placed,56.0,Need Improvement,Average
David Jones,74.7,54,54,54,NCC,47343.0,Yes,4.3,Not Placed,54.0,Need Improvement,Average
Thomas Ramirez,100.0,73,70,90,Sports,27835.0,Yes,6.9,Placed,77.66666666666667,safe,Good
James Lewis,91.8,52,45,25,Sports,68010.0,Yes,2.2,Not Placed,40.666666666666664,Need Improvement,Poor
Robert Brown,72.5,48,51,59,NCC,88949.0,No,3.5,Not Placed,52.666666666666664,Need Improvement,Average
Michelle Lee,76.5,67,63,63,Volunteer,81579.0,No,7.2,Placed,64.33333333333333,safe,Average
John Lopez,77.5,48,59,72,Volunteer,110485.0,Yes,6.2,Not Placed,59.666666666666664,Need Improvement,Average
Jessica Miller,81.1,50,58,52,Music,78916.0,Yes,2.7,Not Placed,53.333333333333336,Need Improvement,Average
Nancy Perez,95.1,60,69,69,Sports,93872.0,No,5.6,Placed,66.0,safe,Average
Carol Thompson,79.7,35,55,67,NCC,73916.0,Yes,3.3,Not Placed,52.333333333333336,Need Improvement,Average
James Robinson,67.8,58,79,71,Sports,77656.0,Yes,3.9,Placed,69.33333333333333,safe,Average
Mark Lee,62.9,78,78,96,Debate,56318.0,No,10.0,Placed,84.0,safe,Good
Mark Torres,96.9,63,75,88,Volunteer,103927.0,No,7.9,Placed,75.33333333333333,safe,Good
Donna White,60.8,52,54,63,Debate,36718.0,Yes,5.0,Not Placed,56.333333333333336,Need Improvement,Average
Donna Allen,91.2,49,69,69,Debate,36408.0,Yes,5.4,Placed,62.333333333333336,safe,Average
Matthew Harris,69.9,78,86,97,Volunteer,43346.0,Yes,7.6,Placed,87.0,safe,Excellent
Lisa Perez,90.1,81,97,91,Music,55062.0,Yes,7.0,Placed,89.66666666666667,safe,Excellent
Nicholas Nguyen,100.0,55,55,66,NCC,103022.0,Yes,5.2,Not Placed,58.666666666666664,Need Improvement,Average
Patricia Jones,52.9,34,23,51,Volunteer,47399.0,Yes,1.7,Not Placed,36.0,At risk,Poor
Michelle Taylor,90.5,78,94,100,Sports,68128.0,Yes,9.5,Placed,90.66666666666667,safe,Excellent
Rebecca Harris,92.5,40,61,66,Sports,69211.0,No,3.8,Placed,55.666666666666664,Need Improvement,Average
Laura Brown,78.8,50,51,65,Debate,64702.0,Yes,5.0,Not Placed,55.333333333333336,Need Improvement,Average
Jessica Smith,91.9,43,42,48,Volunteer,63116.0,Yes,2.8,Not Placed,44.333333333333336,Need Improvement,Poor
Patricia Jackson,100.0,63,73,62,Debate,87961.0,Yes,3.8,Placed,66.0,safe,Average
Kevin Brown,96.3,49,68,59,Sports,60591.0,Yes,3.4,Placed,58.666666666666664,Need Improvement,Average
Thomas Sanchez,75.3,48,62,64,NCC,69490.0,No,4.2,Placed,58.0,Need Improvement,Average
Carol Clark,86.1,29,52,74,Sports,55086.0,Yes,3.7,Not Placed,51.666666666666664,Need Improvement,Average
Kimberly Lopez,98.0,26,40,24,Sports,16964.0,No,2.9,Not Placed,30.0,At risk,Poor
Karen Jones,58.1,64,72,94,Volunteer,18614.0,Yes,8.1,Placed,76.66666666666667,safe,Good
Donna Wilson,65.7,38,58,63,Sports,104387.0,Yes,3.0,Not Placed,53.0,Need Improvement,Average
Michael Jones,78.7,66,68,72,NCC,48782.0,Yes,5.3,Placed,68.66666666666667,safe,Average
Paul Robinson,66.6,60,78,81,Sports,79765.0,Yes,4.6,Placed,73.0,safe,Good
Charles Wright,90.1,55,57,63,Sports,35358.0,No,4.5,Not Placed,58.333333333333336,Need Improvement,Average
Lisa Nguyen,64.5,78,69,68,Sports,78720.0,Yes,6.5,Placed,71.66666666666667,safe,Good
Elizabeth White,80.0,73,84,62,NCC,61395.0,No,5.9,Placed,73.0,safe,Good
Robert Perez,85.2,35,42,37,Debate,65164.0,Yes,2.8,Not Placed,38.0,At risk,Poor
Nancy Smith,71.7,49,54,63,Sports,103420.0,No,4.9,Not Placed,55.333333333333336,Need Improvement,Average
Donald White,73.7,72,84,97,Sports,84558.0,Yes,7.0,Placed,84.33333333333333,safe,Good
Lisa Hill,74.4,46,52,83,Sports,24980.0,No,6.7,Not Placed,60.333333333333336,safe,Average
Stephanie Scott,88.9,53,90,79,NCC,68615.0,Yes,4.2,Placed,74.0,safe,Good
Daniel Nguyen,77.8,23,33,33,NCC,68117.0,Yes,1.7,Not Placed,29.666666666666668,At risk,Poor
Michelle Harris,88.4,75,63,57,Debate,91060.0,No,5.9,Placed,65.0,safe,Average
Daniel Scott,74.7,58,69,54,Debate,66385.0,Yes,4.5,Placed,60.333333333333336,safe,Average
William Lee,89.3,47,80,32,Sports,48739.0,Yes,1.0,Placed,53.0,Need Improvement,Average
Sarah Jackson,78.9,56,54,100,Volunteer,28586.0,No,7.6,Not Placed,70.0,safe,Good
Carol Martinez,90.5,61,80,86,NCC,74958.0,Yes,7.5,Placed,75.66666666666667,safe,Good
John Martin,62.5,59,74,88,Music,123320.0,Yes,4.4,Placed,73.66666666666667,safe,Good
Thomas Martin,71.3,61,70,53,NCC,61831.0,Yes,5.6,Placed,61.333333333333336,safe,Average
Edward Brown,63.8,56,64,82,Sports,55441.0,No,5.4,Placed,67.33333333333333,safe,Average
Gary Davis,51.2,45,61,90,Volunteer,44719.0,Yes,5.8,Placed,65.33333333333333,safe,Average
Mark Johnson,85.9,83,64,71,Volunteer,39535.0,Yes,7.1,Placed,72.66666666666667,safe,Good
Brian Martinez,87.5,71,79,100,Debate,98204.0,Yes,7.7,Placed,83.33333333333333,safe,Good
Thomas Torres,71.1,82,85,98,Music,60521.0,Yes,6.7,Placed,88.33333333333333,safe,Excellent
David Nguyen,86.3,49,78,90,Music,44867.0,Yes,5.6,Placed,72.33333333333333,safe,Good
Kevin Miller,100.0,79,91,98,Sports,38342.0,No,7.9,Placed,89.33333333333333,safe,Excellent
Brian Torres,93.1,75,75,94,Music,64702.0,No,8.1,Placed,81.33333333333333,safe,Good
David Sanchez,68.2,33,53,59,NCC,27216.0,No,2.7,Not Placed,48.333333333333336,Need Improvement,Poor
Steven Wilson,80.1,83,80,100,Volunteer,50553.0,Yes,8.9,Placed,87.66666666666667,safe,Excellent
Brian Williams,98.7,67,0,67,Volunteer,67755.0,Yes,4.1,Placed,44.666666666666664,Need Improvement,Poor
Patricia Jones,89.4,80,80,90,Debate,77719.0,No,5.5,Placed,83.33333333333333,safe,Good
Angela Flores,78.9,57,73,68,Music,89601.0,Yes,4.7,Placed,66.0,safe,Average
Deborah Brown,85.4,47,72,51,Volunteer,33301.0,No,4.1,Placed,56.666666666666664,Need Improvement,Average
Emma Martinez,72.2,62,68,100,Sports,94743.0,Yes,8.2,Placed,76.66666666666667,safe,Good
Joshua Martinez,95.3,67,93,94,Music,92623.0,Yes,6.8,Placed,84.66666666666667,safe,Good
Richard Anderson,92.7,48,43,51,Debate,43535.0,No,3.8,Not Placed,47.333333333333336,Need Improvement,Poor
Nancy Lopez,90.4,100,100,100,Debate,100349.0,Yes,10.0,Placed,100.0,safe,Excellent
Matthew Lewis,68.9,38,51,47,Sports,96068.0,No,4.9,Not Placed,45.333333333333336,Need Improvement,Poor
James Harris,69.5,36,40,27,Debate,31077.0,Yes,1.0,Not Placed,34.333333333333336,At risk,Poor
Linda Taylor,74.6,68,67,76,Debate,65578.0,Yes,6.4,Placed,70.33333333333333,safe,Good
Edward Jackson,93.4,58,71,98,NCC,47094.0,No,7.4,Placed,75.66666666666667,safe,Good
Anthony Ramirez,84.0,96,100,100,Volunteer,34911.0,Yes,10.0,Placed,98.66666666666667,safe,Excellent
Mark Williams,53.4,41,60,74,Music,69221.0,No,3.0,Placed,58.333333333333336,Need Improvement,Average
Nancy Ramirez,91.6,68,83,62,Sports,25326.0,Yes,5.2,Placed,71.0,safe,Good
Ronald Robinson,95.7,66,71,75,Volunteer,79778.0,No,6.0,Placed,70.66666666666667,safe,Good
Kevin Hill,78.7,79,89,99,Sports,46172.0,Yes,8.0,Placed,89.0,safe,Excellent
Mary Nguyen,81.0,61,72,72,Music,61875.0,Yes,7.7,Placed,68.33333333333333,safe,Average
David Anderson,75.4,39,56,58,Volunteer,109046.0,Yes,6.0,Not Placed,51.0,Need Improvement,Average
Gary Scott,59.3,55,90,93,Volunteer,80181.0,Yes,7.2,Placed,79.33333333333333,safe,Good
Donald Clark,94.1,90,68,78,Debate,35724.0,Yes,7.3,Placed,78.66666666666667,safe,Good
Daniel Flores,67.8,92,83,100,Debate,62924.0,Yes,8.6,Placed,91.66666666666667,safe,Excellent
Mark Hernandez,75.8,67,80,91,Volunteer,78987.0,Yes,7.0,Placed,79.33333333333333,safe,Good
Melissa Martin,80.1,73,86,92,Music,57075.0,Yes,7.0,Placed,83.66666666666667,safe,Good
Donna Wright,96.3,72,80,65,Debate,53095.0,Yes,4.6,Placed,72.33333333333333,safe,Good
Deborah Wright,96.0,64,76,67,Sports,65669.0,Yes,5.6,Placed,69.0,safe,Average
Kevin Moore,70.0,58,67,86,Sports,46427.0,No,8.6,Placed,70.33333333333333,safe,Good
Susan Robinson,87.2,91,80,100,Music,128194.0,Yes,6.7,Placed,90.33333333333333,safe,Excellent
William Torres,73.9,77,90,81,Music,126813.0,Yes,7.3,Placed,82.66666666666667,safe,Good
Jennifer Lewis,83.5,100,100,100,Music,108044.0,Yes,9.9,Placed,100.0,safe,Excellent
Sandra Wright,94.8,67,80,95,Volunteer,116289.0,Yes,7.6,Placed,80.66666666666667,safe,Good
Amanda Young,81.0,58,55,75,Volunteer,58637.0,Yes,5.6,Not Placed,62.666666666666664,safe,Average
Kimberly Flores,86.8,68,89,82,Music,73966.0,Yes,5.3,Placed,79.66666666666667,safe,Good
Charles Garcia,84.9,50,70,81,Sports,80863.0,Yes,5.5,Placed,67.0,safe,Average
Linda Lee,91.7,59,63,69,Music,48263.0,Yes,3.3,Placed,63.666666666666664,safe,Average
Michelle White,75.4,45,50,58,Sports,41130.0,Yes,4.0,Not Placed,51.0,Need Improvement,Average
Patricia Jones,64.1,76,76,86,NCC,50818.0,Yes,6.9,Placed,79.33333333333333,safe,Good
Michael Jones,74.4,67,90,61,NCC,81832.0,Yes,4.9,Placed,72.66666666666667,safe,Good
Sandra Williams,80.0,35,40,48,Volunteer,82991.0,Yes,3.7,Not Placed,41.0,Need Improvement,Poor
Karen Jackson,71.5,53,48,42,NCC,50918.0,Yes,2.3,Not Placed,47.666666666666664,Need Improvement,Poor
Rebecca Williams,80.0,38,59,70,Sports,64211.0,No,6.2,Not Placed,55.666666666666664,Need Improvement,Average
Matthew Moore,85.8,78,79,78,Music,73994.0,Yes,4.1,Placed,78.33333333333333,safe,Good
Thomas Anderson,65.0,42,55,28,Sports,57474.0,No,1.4,Not Placed,41.666666666666664,Need Improvement,Poor
Melissa Thomas,77.8,79,66,95,Volunteer,101017.0,Yes,7.2,Placed,80.0,safe,Good
Michael Anderson,80.0,56,63,92,Sports,55074.0,No,4.8,Placed,70.33333333333333,safe,Good
Thomas Flores,83.0,60,73,83,Music,80721.0,Yes,5.1,Placed,72.0,safe,Good
Amanda White,68.3,98,94,93,Sports,108332.0,Yes,8.9,Placed,95.0,safe,Excellent
Stephanie Perez,80.0,79,81,100,Debate,69176.0,Yes,7.9,Placed,86.66666666666667,safe,Excellent
Joshua Sanchez,60.4,76,72,93,Sports,83074.0,Yes,7.1,Placed,80.33333333333333,safe,Good
Ryan Robinson,70.3,33,56,59,Volunteer,64702.0,Yes,3.2,Not Placed,49.333333333333336,Need Improvement,Poor
Sharon Jackson,94.7,41,43,50,Music,95039.0,No,2.8,Not Placed,44.666666666666664,Need Improvement,Poor
Thomas Jones,72.5,87,93,100,Volunteer,18555.0,Yes,7.8,Placed,93.33333333333333,safe,Excellent
Kevin Flores,78.8,68,85,68,Sports,51234.0,No,7.4,Placed,73.66666666666667,safe,Good
Emma Allen,68.8,28,39,57,Volunteer,64752.0,No,4.2,Not Placed,41.333333333333336,Need Improvement,Poor
Gary Allen,81.2,84,86,88,Sports,72468.0,Yes,7.3,Placed,86.0,safe,Excellent
Laura Clark,85.6,51,61,78,Sports,92975.0,No,6.8,Placed,63.333333333333336,safe,Average
Brian Johnson,100.0,76,67,76,Volunteer,37534.0,Yes,5.8,Placed,73.0,safe,Good
Mark Clark,90.9,61,74,83,Volunteer,58866.0,No,6.1,Placed,72.66666666666667,safe,Good
Sandra Jones,88.7,88,98,100,Sports,66582.0,No,9.4,Placed,95.33333333333333,safe,Excellent
Mary Brown,72.1,56,61,95,Debate,36351.0,Yes,6.3,Placed,70.66666666666667,safe,Good
Nancy Davis,75.3,66,70,88,Music,25027.0,Yes,6.4,Placed,74.66666666666667,safe,Good
Michael Ramirez,80.0,74,80,90,NCC,65792.0,Yes,5.8,Placed,81.33333333333333,safe,Good
Michael Perez,89.1,61,83,93,Sports,90782.0,No,6.3,Placed,79.0,safe,Good
Mary Walker,87.3,78,65,100,Volunteer,117537.0,Yes,10.0,Placed,81.0,safe,Good
Joshua Anderson,61.9,50,56,69,Debate,104650.0,No,5.6,Not Placed,58.333333333333336,Need Improvement,Average
Amanda Davis,68.2,30,32,48,Sports,121900.0,No,4.4,Not Placed,36.666666666666664,At risk,Poor
Kimberly Perez,82.4,54,77,76,Music,79313.0,Yes,5.1,Placed,69.0,safe,Average
John Hernandez,64.4,36,51,54,Music,107200.0,No,3.7,Not Placed,47.0,Need Improvement,Poor
Stephanie Anderson,61.4,59,67,89,Sports,79277.0,Yes,6.5,Placed,71.66666666666667,safe,Good
Emily Rodriguez,94.5,46,70,40,Music,27018.0,Yes,2.1,Not Placed,52.0,Need Improvement,Average
Amy White,96.9,50,51,48,Sports,75562.0,Yes,2.3,Not Placed,49.666666666666664,Need Improvement,Poor
Nicholas Smith,75.4,54,71,91,NCC,114597.0,No,7.1,Placed,72.0,safe,Good
Kevin Hill,75.6,56,61,61,Sports,8000.0,Yes,4.4,Placed,59.333333333333336,Need Improvement,Average
Kenneth Johnson,75.8,66,70,77,Sports,51513.0,Yes,6.1,Placed,71.0,safe,Good
Kevin Anderson,87.9,91,91,100,Debate,8000.0,Yes,10.0,Placed,94.0,safe,Excellent
Jessica King,71.5,41,66,56,NCC,52961.0,No,2.6,Placed,54.333333333333336,Need Improvement,Average
Lisa Young,90.2,92,90,100,NCC,52931.0,Yes,8.7,Placed,94.0,safe,Excellent
Thomas Scott,100.0,89,86,100,Debate,56482.0,No,8.3,Placed,91.66666666666667,safe,Excellent
Anthony Hernandez,80.1,61,75,55,NCC,57823.0,Yes,4.8,Placed,63.666666666666664,safe,Average
Kevin Robinson,80.0,57,54,75,Sports,62505.0,Yes,6.3,Not Placed,62.0,safe,Average
Kimberly Perez,98.6,51,55,64,Volunteer,43784.0,No,5.2,Not Placed,56.666666666666664,Need Improvement,Average
Elizabeth Brown,100.0,52,54,50,Sports,91111.0,Yes,3.6,Not Placed,52.0,Need Improvement,Average
Rebecca Taylor,81.7,80,70,100,Sports,65721.0,Yes,9.2,Placed,83.33333333333333,safe,Good
Melissa Lopez,84.1,67,79,75,Music,84836.0,Yes,8.1,Placed,73.66666666666667,safe,Good
Cynthia Miller,74.4,53,69,75,Debate,116965.0,No,5.7,Placed,65.66666666666667,safe,Average
Richard Torres,75.1,42,70,56,Debate,56909.0,Yes,2.2,Not Placed,56.0,Need Improvement,Average
Emily Thomas,92.7,65,76,62,Sports,65001.0,Yes,6.1,Placed,67.66666666666667,safe,Average
George Torres,81.1,67,90,88,Music,120954.0,No,6.8,Placed,81.66666666666667,safe,Good
Nicholas Johnson,71.3,59,58,85,Sports,57372.0,No,6.1,Not Placed,67.33333333333333,safe,Average
Elizabeth King,77.4,48,42,48,Sports,76100.0,Yes,2.9,Not Placed,46.0,Need Improvement,Poor
Kenneth White,100.0,50,66,47,Volunteer,64702.0,Yes,3.7,Placed,54.333333333333336,Need Improvement,Average
John Ramirez,51.8,50,63,77,NCC,95272.0,No,6.1,Placed,63.333333333333336,safe,Average
Carol Nguyen,86.1,54,45,33,Music,8000.0,Yes,3.1,Not Placed,44.0,Need Improvement,Poor
Michelle Brown,92.0,99,97,100,Music,54690.0,Yes,8.7,Placed,98.66666666666667,safe,Excellent
Mark Jackson,81.4,77,80,78,Music,10185.0,Yes,6.7,Placed,78.33333333333333,safe,Good
Steven Sanchez,81.9,44,62,74,Debate,64702.0,Yes,4.5,Placed,60.0,safe,Average
David Martinez,77.7,70,84,100,Debate,69762.0,No,8.0,Placed,84.66666666666667,safe,Good
Jennifer Lee,82.0,58,78,81,Debate,31220.0,Yes,5.4,Placed,72.33333333333333,safe,Good
Gary Torres,83.0,81,84,72,NCC,65815.0,Yes,6.3,Placed,79.0,safe,Good
David Harris,55.5,64,74,84,Debate,56747.0,Yes,5.3,Placed,74.0,safe,Good
Jason Torres,91.7,37,48,27,Debate,50886.0,Yes,1.8,Not Placed,37.333333333333336,At risk,Poor
Donald Martin,76.1,59,68,92,Music,74652.0,No,6.6,Placed,73.0,safe,Good
Rebecca Jackson,64.3,66,78,89,NCC,59971.0,Yes,6.9,Placed,77.66666666666667,safe,Good
Sandra Nguyen,70.9,98,80,100,NCC,64702.0,Yes,8.5,Placed,92.66666666666667,safe,Excellent
Joshua Lopez,81.3,70,71,98,Sports,108413.0,No,8.1,Placed,79.66666666666667,safe,Good
Carol Wilson,61.3,27,41,61,Volunteer,65553.0,Yes,4.0,Not Placed,43.0,Need Improvement,Poor
Matthew Lopez,85.5,70,80,83,NCC,32346.0,Yes,6.7,Placed,77.66666666666667,safe,Good
Jason Wilson,94.1,70,79,91,NCC,36357.0,No,7.2,Placed,80.0,safe,Good
Amy Thompson,91.1,86,100,100,NCC,54316.0,No,9.7,Placed,95.33333333333333,safe,Excellent
William Hernandez,62.9,71,62,85,Debate,76573.0,No,5.9,Placed,72.66666666666667,safe,Good
Emma Thomas,86.4,73,69,73,Sports,69799.0,Yes,4.9,Placed,71.66666666666667,safe,Good
Kevin Robinson,72.9,65,76,87,NCC,68237.0,Yes,6.7,Placed,76.0,safe,Good
Jennifer Garcia,95.8,60,66,69,Debate,32046.0,No,5.2,Placed,65.0,safe,Average
William Ramirez,80.9,48,67,95,NCC,48730.0,Yes,6.6,Placed,70.0,safe,Good
Emma Wright,80.8,52,80,79,Sports,88139.0,Yes,5.1,Placed,70.33333333333333,safe,Good
Daniel Jones,95.2,50,68,92,Sports,64702.0,No,6.1,Placed,70.0,safe,Good
Linda Ramirez,80.0,67,71,68,Volunteer,63776.0,Yes,5.9,Placed,68.66666666666667,safe,Average
Kimberly Martin,92.9,77,79,93,Debate,80872.0,No,6.3,Placed,83.0,safe,Good
Jennifer Lee,60.4,64,72,93,NCC,74904.0,No,6.8,Placed,76.33333333333333,safe,Good
Sharon Smith,68.4,71,82,100,NCC,79823.0,Yes,9.0,Placed,84.33333333333333,safe,Good
George Robinson,86.4,63,73,69,Volunteer,55953.0,Yes,4.7,Placed,68.33333333333333,safe,Average
Melissa Anderson,90.2,64,78,60,NCC,65604.0,Yes,5.9,Placed,67.33333333333333,safe,Average
Anthony Miller,87.5,34,55,63,Volunteer,26434.0,No,4.8,Not Placed,50.666666666666664,Need Improvement,Average
Robert Anderson,89.0,93,100,98,NCC,91982.0,Yes,8.0,Placed,97.0,safe,Excellent
Sandra Scott,87.5,79,80,73,Sports,58178.0,No,4.7,Placed,77.33333333333333,safe,Good
Angela Anderson,76.4,69,56,77,Sports,63049.0,Yes,9.0,Not Placed,67.33333333333333,safe,Average
Michelle Sanchez,64.4,55,66,77,NCC,137683.0,Yes,5.1,Placed,66.0,safe,Average
Angela Lewis,98.3,61,80,54,Sports,80318.0,Yes,5.3,Placed,65.0,safe,Average
Laura Torres,87.9,65,74,82,NCC,89594.0,Yes,5.9,Placed,73.66666666666667,safe,Good
John Garcia,84.8,52,68,63,NCC,64702.0,No,4.3,Placed,61.0,safe,Average
Lisa Perez,85.1,62,72,83,Debate,74681.0,No,4.3,Placed,72.33333333333333,safe,Good
Carol Walker,73.2,75,0,77,Sports,8000.0,Yes,7.1,Placed,50.666666666666664,Need Improvement,Average
Steven Perez,80.0,75,81,79,Debate,73904.0,No,5.6,Placed,78.33333333333333,safe,Good
Paul Perez,66.8,39,38,68,NCC,29532.0,Yes,5.7,Not Placed,48.333333333333336,Need Improvement,Poor
Charles Robinson,92.8,86,92,100,Volunteer,16885.0,Yes,8.8,Placed,92.66666666666667,safe,Excellent
Sandra Nguyen,80.2,30,43,48,Music,67870.0,Yes,3.2,Not Placed,40.333333333333336,Need Improvement,Poor
David Walker,76.2,50,68,93,Music,89889.0,No,7.3,Placed,70.33333333333333,safe,Good
George Moore,63.4,58,69,89,Music,23370.0,Yes,7.1,Placed,72.0,safe,Good
Sharon Taylor,71.6,77,81,100,Debate,64702.0,Yes,8.3,Placed,86.0,safe,Excellent
Sharon Wright,56.3,39,44,50,Debate,20920.0,Yes,4.1,Not Placed,44.333333333333336,Need Improvement,Poor
Michael Miller,82.0,42,49,53,Sports,37672.0,Yes,1.6,Not Placed,48.0,Need Improvement,Poor
Michael Lee,100.0,83,93,74,NCC,86705.0,Yes,5.9,Placed,83.33333333333333,safe,Good
Amanda Garcia,74.8,80,79,99,Sports,58931.0,Yes,7.4,Placed,86.0,safe,Excellent
Elizabeth Rodriguez,79.7,59,65,77,Sports,45166.0,Yes,5.7,Placed,67.0,safe,Average
Gary Miller,40.5,37,41,81,Debate,59742.0,Yes,4.8,Not Placed,53.0,Need Improvement,Average
Jessica Allen,63.2,53,69,100,NCC,64702.0,Yes,7.5,Placed,74.0,safe,Good
Thomas Perez,85.4,69,79,88,Volunteer,32703.0,Yes,7.2,Placed,78.66666666666667,safe,Good
James Harris,72.2,56,78,94,Debate,71345.0,No,6.0,Placed,76.0,safe,Good
Amanda Davis,61.5,47,53,78,Music,77235.0,Yes,5.6,Not Placed,59.333333333333336,Need Improvement,Average
Gary Johnson,94.0,59,64,48,Volunteer,94829.0,No,4.5,Placed,57.0,Need Improvement,Average
Amanda Hill,73.6,48,46,35,Sports,67699.0,Yes,1.6,Not Placed,43.0,Need Improvement,Poor
Jennifer Davis,100.0,73,66,68,Music,64702.0,Yes,6.9,Placed,69.0,safe,Average
Elizabeth Thompson,80.0,43,47,33,Debate,77477.0,Yes,3.0,Not Placed,41.0,Need Improvement,Poor
Joseph Lopez,94.4,60,69,78,Volunteer,46542.0,No,6.7,Placed,69.0,safe,Average
Linda Perez,81.4,60,76,65,Debate,78596.0,No,5.3,Placed,67.0,safe,Average
David Moore,80.0,80,69,81,Volunteer,41201.0,Yes,6.9,Placed,76.66666666666667,safe,Good
Deborah Nguyen,80.9,72,86,95,Debate,62356.0,No,7.5,Placed,84.33333333333333,safe,Good
Jason Torres,88.6,54,73,94,Debate,67295.0,Yes,5.9,Placed,73.66666666666667,safe,Good
Ryan Perez,80.0,79,89,100,Sports,46527.0,Yes,8.0,Placed,89.33333333333333,safe,Excellent
Rebecca Lee,100.0,66,65,46,NCC,65769.0,Yes,3.7,Placed,59.0,Need Improvement,Average
Charles Thompson,94.1,56,73,47,Sports,40458.0,Yes,2.3,Placed,58.666666666666664,Need Improvement,Average
David Anderson,62.6,46,56,37,Debate,34025.0,Yes,1.9,Not Placed,46.333333333333336,Need Improvement,Poor
Ashley Gonzalez,98.8,75,89,88,Volunteer,86782.0,Yes,5.8,Placed,84.0,safe,Good
David Sanchez,72.0,60,69,85,Sports,79199.0,Yes,7.4,Placed,71.33333333333333,safe,Good
Jacob Ramirez,77.1,52,58,56,Volunteer,95478.0,No,4.0,Not Placed,55.333333333333336,Need Improvement,Average
Deborah Allen,74.9,50,65,46,Volunteer,51729.0,Yes,3.4,Placed,53.666666666666664,Need Improvement,Average
Karen Garcia,83.2,57,88,86,Volunteer,34634.0,No,6.8,Placed,77.0,safe,Good
Thomas Wright,88.6,61,77,100,Debate,33261.0,No,8.0,Placed,79.33333333333333,safe,Good
Ronald Wright,57.3,60,54,45,NCC,113741.0,Yes,2.7,Not Placed,53.0,Need Improvement,Average
Patricia Williams,80.0,88,87,100,Music,58104.0,Yes,9.6,Placed,91.66666666666667,safe,Excellent
Gary Nguyen,51.7,55,90,58,Music,17503.0,Yes,5.4,Not Placed,67.66666666666667,safe,Average
Kenneth Williams,83.2,61,65,51,Music,71398.0,Yes,4.0,Placed,59.0,Need Improvement,Average
George Gonzalez,88.4,75,92,86,Debate,110617.0,Yes,7.7,Placed,84.33333333333333,safe,Good
Carol Torres,63.9,41,58,64,NCC,59339.0,Yes,4.5,Not Placed,54.333333333333336,Need Improvement,Average
Sarah Robinson,81.0,52,81,75,Volunteer,54332.0,Yes,5.1,Placed,69.33333333333333,safe,Average
Edward Wilson,64.9,72,60,94,Debate,42171.0,Yes,8.4,Placed,75.33333333333333,safe,Good
Patricia Harris,80.2,32,53,74,Volunteer,42966.0,No,5.1,Not Placed,53.0,Need Improvement,Average
Emma Wright,86.0,64,0,97,Debate,63745.0,Yes,8.7,Placed,53.666666666666664,Need Improvement,Average
Jennifer King,87.8,53,74,68,NCC,98060.0,Yes,4.5,Placed,65.0,safe,Average
Paul Hill,94.3,52,72,85,NCC,64834.0,No,7.0,Placed,69.66666666666667,safe,Average
Linda Ramirez,80.0,74,81,72,Debate,39957.0,Yes,4.9,Placed,75.66666666666667,safe,Good
Emma Wilson,86.2,71,75,80,Volunteer,82521.0,Yes,6.9,Placed,75.33333333333333,safe,Good
Karen Moore,70.3,37,50,81,NCC,71905.0,No,5.1,Not Placed,56.0,Need Improvement,Average
Brian Ramirez,100.0,83,83,72,Debate,83442.0,Yes,5.7,Placed,79.33333333333333,safe,Good
Emma Wright,56.6,57,61,75,Music,63163.0,Yes,5.5,Placed,64.33333333333333,safe,Average
Linda Jackson,96.8,81,85,77,Debate,58329.0,Yes,5.7,Placed,81.0,safe,Good
Kevin Lewis,73.1,30,56,49,Music,51495.0,Yes,4.0,Not Placed,45.0,Need Improvement,Poor
Gary Walker,94.5,90,89,87,Sports,107729.0,Yes,8.0,Placed,88.66666666666667,safe,Excellent
Karen Torres,90.7,96,87,100,Debate,61905.0,No,8.5,Placed,94.33333333333333,safe,Excellent
Karen Young,82.5,74,72,73,NCC,81221.0,No,7.6,Placed,73.0,safe,Good
Jason Williams,63.3,25,49,53,Music,44221.0,Yes,3.6,Not Placed,42.333333333333336,Need Improvement,Poor
Jacob Williams,100.0,97,88,83,Debate,89188.0,No,7.8,Placed,89.33333333333333,safe,Excellent
Betty Hernandez,86.3,50,69,87,Sports,79774.0,No,6.1,Placed,68.66666666666667,safe,Average
Ronald Walker,75.6,68,80,100,Music,38083.0,Yes,10.0,Placed,82.66666666666667,safe,Good
Elizabeth Miller,80.0,80,85,100,Music,68151.0,Yes,7.3,Placed,88.33333333333333,safe,Excellent
William Lewis,72.8,26,41,45,Debate,57604.0,No,2.4,Not Placed,37.333333333333336,At risk,Poor
Lisa Walker,87.5,89,84,100,Debate,41778.0,Yes,8.4,Placed,91.0,safe,Excellent
Ryan Williams,84.7,90,90,100,Volunteer,93440.0,Yes,9.8,Placed,93.33333333333333,safe,Excellent
Laura Davis,100.0,57,84,93,Sports,75523.0,Yes,7.0,Placed,78.0,safe,Good
Amanda Robinson,63.5,28,32,31,Volunteer,94907.0,Yes,1.0,Not Placed,30.333333333333332,At risk,Poor
Michael Walker,91.3,54,69,94,Volunteer,120589.0,Yes,7.3,Placed,72.33333333333333,safe,Good
Rebecca Jones,82.0,89,98,91,Sports,62436.0,Yes,7.1,Placed,92.66666666666667,safe,Excellent
Carol Lee,78.7,49,47,47,Music,128546.0,No,4.3,Not Placed,47.666666666666664,Need Improvement,Poor
Elizabeth Torres,79.2,40,60,71,NCC,83497.0,Yes,4.0,Placed,57.0,Need Improvement,Average
Mary Flores,71.2,30,39,55,Sports,58753.0,Yes,5.1,Not Placed,41.333333333333336,Need Improvement,Poor
Susan Clark,80.0,78,77,81,NCC,88114.0,Yes,6.8,Placed,78.66666666666667,safe,Good
Ronald Wright,67.0,64,60,72,Music,64702.0,Yes,5.8,Placed,65.33333333333333,safe,Average
Amanda King,67.7,56,59,57,Sports,92385.0,Yes,4.3,Not Placed,57.333333333333336,Need Improvement,Average
Joshua Wright,69.5,66,70,71,Sports,95784.0,No,5.3,Not Placed,69.0,safe,Average
Joshua Lee,77.9,83,86,100,Volunteer,71941.0,Yes,8.7,Placed,89.66666666666667,safe,Excellent
Michael Young,74.1,64,61,96,Volunteer,13737.0,No,6.6,Placed,73.66666666666667,safe,Good
Michael Young,88.3,82,94,100,Volunteer,88073.0,Yes,8.2,Placed,92.0,safe,Excellent
Patricia Taylor,70.7,63,67,88,Music,64702.0,Yes,6.3,Placed,72.66666666666667,safe,Good
Rebecca Brown,86.5,56,61,40,Debate,50030.0,Yes,5.0,Placed,52.333333333333336,Need Improvement,Average
Matthew King,87.7,48,61,66,Sports,68175.0,No,4.2,Placed,58.333333333333336,Need Improvement,Average
Joseph Hernandez,90.0,82,75,90,Sports,79137.0,Yes,5.8,Placed,82.33333333333333,safe,Good
Paul Gonzalez,62.6,66,70,94,NCC,26842.0,Yes,7.8,Placed,76.66666666666667,safe,Good
John Young,75.3,75,73,100,Music,85128.0,No,8.1,Placed,82.66666666666667,safe,Good
Michelle Lewis,90.9,78,94,93,NCC,64702.0,Yes,6.6,Placed,88.33333333333333,safe,Excellent
Mark Clark,78.2,35,58,55,Sports,66663.0,No,4.7,Not Placed,49.333333333333336,Need Improvement,Poor
Steven Gonzalez,80.0,48,74,75,Volunteer,111245.0,No,4.3,Placed,65.66666666666667,safe,Average
Kevin Hill,76.5,49,68,68,Debate,64702.0,Yes,5.3,Placed,61.666666666666664,safe,Average
Sarah Martinez,75.9,55,78,96,Volunteer,29076.0,No,6.2,Placed,76.33333333333333,safe,Good
Andrew Nguyen,75.0,54,59,63,Volunteer,30375.0,Yes,5.5,Not Placed,58.666666666666664,Need Improvement,Average
Andrew Anderson,89.0,69,66,82,Debate,102822.0,No,4.8,Placed,72.33333333333333,safe,Good
Emma Jackson,74.9,78,80,100,Sports,70743.0,No,10.0,Placed,86.0,safe,Excellent
Mark Wright,68.1,47,67,79,Volunteer,62875.0,Yes,5.2,Placed,64.33333333333333,safe,Average
Charles Scott,85.0,54,67,69,Music,59735.0,Yes,4.9,Placed,63.333333333333336,safe,Average
Elizabeth Scott,76.9,66,75,74,Music,85876.0,Yes,5.0,Placed,71.66666666666667,safe,Good
Anthony Martinez,73.0,60,71,76,Volunteer,69900.0,Yes,6.4,Placed,69.0,safe,Average
Mary Rodriguez,69.8,58,54,63,NCC,79503.0,Yes,4.4,Not Placed,58.333333333333336,Need Improvement,Average
Sarah Johnson,76.5,53,49,49,Debate,91046.0,No,3.8,Not Placed,50.333333333333336,Need Improvement,Average
Robert Lopez,92.3,75,70,85,NCC,62936.0,Yes,7.3,Placed,76.66666666666667,safe,Good
Steven Young,65.2,44,43,64,Debate,66040.0,Yes,5.3,Not Placed,50.333333333333336,Need Improvement,Average
Brian Hill,92.2,65,53,71,Sports,75563.0,Yes,6.1,Not Placed,63.0,safe,Average
Andrew Jones,77.2,67,86,95,Sports,36034.0,Yes,7.3,Placed,82.66666666666667,safe,Good
Gary Wright,68.9,49,58,93,Volunteer,48898.0,No,6.7,Not Placed,66.66666666666667,safe,Average
Carol Lopez,76.6,73,79,76,Sports,80604.0,No,6.7,Placed,76.0,safe,Good
Donald Lopez,83.9,67,75,95,NCC,41298.0,Yes,6.7,Placed,79.0,safe,Good
Richard Hill,72.8,35,42,58,Music,53420.0,No,5.4,Not Placed,45.0,Need Improvement,Poor
Susan Hernandez,78.7,62,68,60,Sports,93817.0,Yes,4.8,Placed,63.333333333333336,safe,Average
Charles Torres,86.8,65,68,81,Volunteer,52730.0,No,6.3,Placed,71.33333333333333,safe,Good
Richard Jackson,70.0,48,61,53,Music,52812.0,Yes,4.6,Placed,54.0,Need Improvement,Average
Lisa Garcia,89.8,72,80,94,Volunteer,31619.0,No,7.2,Placed,82.0,safe,Good
Michael Gonzalez,69.6,68,78,74,Sports,64702.0,Yes,6.6,Placed,73.33333333333333,safe,Good
William Flores,80.0,56,52,54,Sports,90073.0,Yes,3.7,Not Placed,54.0,Need Improvement,Average
Cynthia Taylor,71.4,60,66,71,Music,48631.0,Yes,5.5,Placed,65.66666666666667,safe,Average
Charles Gonzalez,84.8,90,100,100,Debate,62291.0,No,8.8,Placed,96.66666666666667,safe,Excellent
Patricia Hernandez,80.0,74,78,73,Sports,67692.0,Yes,5.4,Placed,75.0,safe,Good
Edward Harris,76.7,40,54,45,Music,70607.0,No,3.4,Not Placed,46.333333333333336,Need Improvement,Poor
Lisa Thomas,72.2,74,66,71,Debate,56156.0,Yes,4.0,Placed,70.33333333333333,safe,Good
William Wright,83.6,75,91,97,Volunteer,82365.0,No,8.0,Placed,87.66666666666667,safe,Excellent
Anthony Lee,80.0,65,77,90,Sports,79675.0,Yes,6.1,Placed,77.33333333333333,safe,Good
Karen Sanchez,54.2,45,62,44,Sports,102529.0,Yes,3.2,Placed,50.333333333333336,Need Improvement,Average
John Thomas,76.2,42,65,55,NCC,81504.0,Yes,4.2,Placed,54.0,Need Improvement,Average
James Torres,79.8,57,74,82,Sports,99914.0,No,6.4,Placed,71.0,safe,Good
Mark Miller,77.9,46,45,46,Sports,89758.0,Yes,5.0,Not Placed,45.666666666666664,Need Improvement,Poor
Amanda Williams,93.3,79,85,91,Debate,90648.0,No,7.4,Placed,85.0,safe,Excellent
Sarah Lopez,57.9,30,48,68,Sports,69870.0,No,4.8,Not Placed,48.666666666666664,Need Improvement,Poor
Ashley Clark,76.5,68,63,64,NCC,122985.0,Yes,3.1,Placed,65.0,safe,Average
Deborah Torres,68.2,70,73,85,Sports,104272.0,Yes,7.3,Placed,76.0,safe,Good
Sharon Clark,85.7,87,71,100,Sports,89427.0,Yes,8.5,Placed,86.0,safe,Excellent
Stephanie Perez,100.0,39,90,52,Debate,62249.0,No,2.5,Placed,60.333333333333336,safe,Average
Jessica Johnson,76.9,85,64,69,NCC,74600.0,Yes,7.2,Placed,72.66666666666667,safe,Good
James Smith,72.8,38,60,53,Sports,86018.0,No,3.5,Placed,50.333333333333336,Need Improvement,Average
Thomas Jones,67.5,54,75,95,Debate,42416.0,Yes,6.7,Placed,74.66666666666667,safe,Good
Matthew King,78.9,95,98,100,NCC,71808.0,Yes,8.2,Placed,97.66666666666667,safe,Excellent
Andrew Brown,77.0,89,98,100,Music,57539.0,Yes,9.7,Placed,95.66666666666667,safe,Excellent
Anthony Johnson,98.7,70,71,56,NCC,81251.0,Yes,4.6,Placed,65.66666666666667,safe,Average
James Wright,84.0,74,76,83,NCC,8000.0,No,6.1,Placed,77.66666666666667,safe,Good
Melissa Moore,83.4,54,63,63,NCC,102451.0,No,4.7,Placed,60.0,safe,Average
Emily Rodriguez,100.0,97,94,92,Debate,32148.0,Yes,7.1,Placed,94.33333333333333,safe,Excellent
Emma Thompson,90.8,77,75,76,NCC,78425.0,Yes,5.3,Placed,76.0,safe,Good
Thomas Allen,81.5,45,57,56,Sports,80306.0,Yes,3.8,Not Placed,52.666666666666664,Need Improvement,Average
Betty White,80.2,38,62,58,Debate,43113.0,Yes,3.7,Placed,52.666666666666664,Need Improvement,Average
Brian Williams,100.0,70,70,88,Music,100137.0,Yes,6.8,Placed,76.0,safe,Good
Mary Davis,78.9,72,79,88,Sports,51573.0,Yes,7.8,Placed,79.66666666666667,safe,Good
Robert Lee,82.8,60,80,83,Debate,48926.0,No,5.6,Placed,74.33333333333333,safe,Good
Robert Johnson,79.9,100,100,100,Volunteer,82743.0,Yes,8.9,Placed,100.0,safe,Excellent
Kenneth Hill,76.3,56,59,79,Sports,25674.0,Yes,5.1,Not Placed,64.66666666666667,safe,Average
Amanda Miller,49.6,26,24,20,Music,48799.0,Yes,1.2,Not Placed,23.333333333333332,At risk,Poor
Jennifer Lee,67.2,58,80,64,Sports,98192.0,Yes,5.7,Not Placed,67.33333333333333,safe,Average
Deborah Thompson,86.7,89,64,82,Music,107158.0,Yes,7.8,Placed,78.33333333333333,safe,Good
David Hernandez,72.7,61,70,100,Sports,102673.0,No,7.6,Placed,77.0,safe,Good
Edward Davis,87.4,72,81,100,Music,85279.0,Yes,7.1,Placed,84.33333333333333,safe,Good
Charles Thomas,89.8,64,64,71,Volunteer,36237.0,No,4.2,Placed,66.33333333333333,safe,Average
Susan Walker,75.0,40,60,67,Sports,64702.0,Yes,4.6,Placed,55.666666666666664,Need Improvement,Average
Charles King,61.4,43,56,90,NCC,37800.0,No,6.9,Not Placed,63.0,safe,Average
Ronald Ramirez,76.9,65,80,87,Debate,105969.0,Yes,7.2,Placed,77.33333333333333,safe,Good
Michael Garcia,97.2,52,57,41,NCC,53826.0,Yes,1.8,Not Placed,50.0,Need Improvement,Average
Sharon Scott,87.6,64,73,72,Sports,48810.0,Yes,3.2,Placed,69.66666666666667,safe,Average
David Williams,73.2,48,60,75,Volunteer,64258.0,Yes,3.3,Placed,61.0,safe,Average
Robert Young,89.5,53,70,64,Sports,58728.0,Yes,3.7,Placed,62.333333333333336,safe,Average
Jason Lewis,80.0,79,84,93,Music,73598.0,No,7.6,Placed,85.33333333333333,safe,Excellent
Donald Clark,64.4,77,77,72,Sports,53509.0,No,6.3,Placed,75.33333333333333,safe,Good
Thomas Robinson,76.1,64,60,70,Sports,92386.0,Yes,6.3,Placed,64.66666666666667,safe,Average
Jennifer Young,65.3,19,47,65,NCC,18969.0,Yes,3.8,Not Placed,43.666666666666664,Need Improvement,Poor
Stephanie Jackson,77.7,62,59,72,Sports,58270.0,Yes,5.3,Not Placed,64.33333333333333,safe,Average
Jessica Johnson,85.7,83,77,95,NCC,29171.0,Yes,7.8,Placed,85.0,safe,Excellent
Steven Ramirez,70.9,64,88,86,Debate,81572.0,No,5.7,Placed,79.33333333333333,safe,Good
Charles Lee,80.0,66,77,62,Sports,81273.0,Yes,5.6,Placed,68.33333333333333,safe,Average
Michelle Davis,67.0,67,68,90,NCC,36416.0,No,7.4,Placed,75.0,safe,Good
Charles Thompson,73.4,86,91,87,Sports,46536.0,Yes,7.1,Placed,88.0,safe,Excellent
Mary Smith,88.8,55,67,53,Sports,8000.0,Yes,4.1,Placed,58.333333333333336,Need Improvement,Average
Sarah White,90.5,80,87,94,Volunteer,123118.0,No,7.2,Placed,87.0,safe,Excellent
Rebecca Jackson,52.3,51,60,100,Volunteer,72236.0,No,7.3,Placed,70.33333333333333,safe,Good
Matthew Davis,100.0,53,63,71,Volunteer,9045.0,Yes,4.9,Placed,62.333333333333336,safe,Average
Kenneth Hill,90.9,72,77,94,Volunteer,65971.0,No,6.7,Placed,81.0,safe,Good
Thomas Jones,96.6,67,58,62,Sports,49309.0,No,5.2,Not Placed,62.333333333333336,safe,Average
Joshua Hill,74.3,88,89,100,Sports,86550.0,No,10.0,Placed,92.33333333333333,safe,Excellent
Carol Brown,93.3,80,90,84,Debate,61292.0,Yes,7.0,Placed,84.66666666666667,safe,Good
Laura Perez,75.4,61,68,85,NCC,17112.0,No,6.7,Placed,71.33333333333333,safe,Good
Betty King,70.8,49,54,72,Volunteer,113073.0,Yes,4.5,Not Placed,58.333333333333336,Need Improvement,Average
Sandra Ramirez,63.0,33,51,58,NCC,127951.0,No,4.8,Not Placed,47.333333333333336,Need Improvement,Poor
Sarah Allen,84.0,55,81,82,Volunteer,81123.0,No,5.6,Placed,72.66666666666667,safe,Good
Betty Jones,89.4,73,72,85,Sports,80240.0,Yes,7.5,Placed,76.66666666666667,safe,Good
Emily Miller,85.6,57,66,83,Music,85864.0,Yes,5.8,Placed,68.66666666666667,safe,Average
Lisa Robinson,43.5,40,61,80,Debate,112088.0,No,5.7,Placed,60.333333333333336,safe,Average
Paul Clark,76.1,76,74,72,Music,84858.0,Yes,5.3,Placed,74.0,safe,Good
James Robinson,90.6,92,95,100,Sports,66066.0,Yes,9.3,Placed,95.66666666666667,safe,Excellent
Angela Davis,82.8,67,82,85,Music,62005.0,Yes,6.5,Placed,78.0,safe,Good
Elizabeth Martin,93.4,72,67,84,Debate,49805.0,Yes,5.7,Placed,74.33333333333333,safe,Good
William Moore,77.6,69,79,84,Music,109970.0,Yes,6.3,Placed,77.33333333333333,safe,Good
Lisa Flores,63.3,37,49,47,Sports,81871.0,Yes,3.1,Not Placed,44.333333333333336,Need Improvement,Poor
Carol Scott,81.9,52,60,66,Sports,75231.0,Yes,4.6,Placed,59.333333333333336,Need Improvement,Average
Kenneth Martin,65.3,41,43,56,Sports,111966.0,Yes,3.8,Not Placed,46.666666666666664,Need Improvement,Poor
Charles Miller,71.6,64,87,91,Sports,67686.0,No,6.7,Placed,80.66666666666667,safe,Good
Steven Davis,93.1,80,76,87,Sports,82313.0,Yes,7.7,Placed,81.0,safe,Good
Richard Sanchez,85.4,50,57,53,Music,44458.0,Yes,2.8,Not Placed,53.333333333333336,Need Improvement,Average
Jason Anderson,86.9,64,76,85,Sports,84734.0,Yes,6.1,Placed,75.0,safe,Good
Charles Thompson,81.6,63,64,49,Sports,36833.0,Yes,4.3,Placed,58.666666666666664,Need Improvement,Average
Nicholas Thomas,81.2,61,90,66,Music,51031.0,Yes,4.8,Placed,72.33333333333333,safe,Good
William Robinson,75.6,48,68,79,Sports,46364.0,Yes,4.4,Placed,65.0,safe,Average
Donald Scott,100.0,51,70,77,Sports,45523.0,No,5.4,Placed,66.0,safe,Average
Carol Wilson,79.7,81,94,100,Music,72381.0,Yes,7.0,Placed,91.66666666666667,safe,Excellent
Nancy Robinson,93.6,91,86,89,NCC,109016.0,Yes,8.2,Placed,88.66666666666667,safe,Excellent
Amanda Allen,71.1,63,75,90,Sports,14242.0,Yes,7.6,Placed,76.0,safe,Good
Matthew Davis,64.7,64,65,85,NCC,90386.0,Yes,6.3,Placed,71.33333333333333,safe,Good
Matthew Scott,78.1,40,50,39,Sports,24493.0,Yes,2.8,Not Placed,43.0,Need Improvement,Poor
Jason Jackson,93.0,63,68,75,Sports,64702.0,Yes,6.7,Placed,68.66666666666667,safe,Average
Edward White,75.8,44,59,71,Music,44047.0,No,4.9,Not Placed,58.0,Need Improvement,Average
Mark Perez,84.5,57,65,74,Volunteer,61001.0,No,6.2,Placed,65.33333333333333,safe,Average
Laura Allen,86.3,66,68,75,Debate,54340.0,No,5.6,Placed,69.66666666666667,safe,Average
Joshua Robinson,87.6,75,97,100,Sports,53962.0,Yes,8.6,Placed,90.66666666666667,safe,Excellent
Steven Ramirez,55.9,80,90,100,Sports,102549.0,No,9.5,Placed,90.0,safe,Excellent
Donna Clark,94.0,58,73,79,Debate,29383.0,Yes,4.8,Placed,70.0,safe,Good
Michael Williams,71.0,11,37,46,Music,80030.0,No,3.3,Not Placed,31.333333333333332,At risk,Poor
Jennifer Johnson,84.9,57,61,56,Music,55174.0,Yes,2.7,Placed,58.0,Need Improvement,Average
Kenneth Jackson,77.4,32,34,46,NCC,57225.0,No,3.5,Not Placed,37.333333333333336,At risk,Poor
Kimberly Thompson,79.8,71,69,72,Sports,100332.0,Yes,3.9,Placed,70.66666666666667,safe,Good
Linda White,71.2,38,42,62,Sports,104078.0,Yes,4.6,Not Placed,47.333333333333336,Need Improvement,Poor
Joseph Flores,100.0,83,99,100,NCC,63855.0,Yes,7.1,Placed,94.0,safe,Excellent
Susan Gonzalez,72.9,33,70,53,Sports,151147.0,Yes,3.9,Not Placed,52.0,Need Improvement,Average
Amanda Clark,80.1,60,50,63,NCC,63314.0,No,4.7,Not Placed,57.666666666666664,Need Improvement,Average
Jessica Johnson,73.3,55,90,43,NCC,17097.0,Yes,2.2,Not Placed,62.666666666666664,safe,Average
David Anderson,72.8,43,49,44,Debate,28302.0,Yes,3.9,Not Placed,45.333333333333336,Need Improvement,Poor
Gary Thomas,80.6,60,63,71,Volunteer,96963.0,Yes,6.1,Placed,64.66666666666667,safe,Average
Edward King,80.1,51,41,68,Sports,114898.0,No,4.6,Not Placed,53.333333333333336,Need Improvement,Average
Robert Martin,89.0,52,67,74,Debate,12008.0,Yes,5.6,Placed,64.33333333333333,safe,Average
William Brown,92.4,88,93,85,Sports,98986.0,Yes,8.0,Placed,88.66666666666667,safe,Excellent
Lisa Wright,90.1,53,68,58,Volunteer,64945.0,Yes,5.2,Placed,59.666666666666664,Need Improvement,Average
Ashley Garcia,100.0,57,72,56,NCC,105737.0,No,3.3,Placed,61.666666666666664,safe,Average
Michael Moore,87.7,71,96,100,Music,113939.0,Yes,7.8,Placed,89.0,safe,Excellent
Steven Anderson,80.0,84,86,89,NCC,13947.0,Yes,6.8,Placed,86.33333333333333,safe,Excellent
Jennifer Smith,95.3,74,80,94,NCC,41360.0,No,6.9,Placed,82.66666666666667,safe,Good
Stephanie Flores,80.0,46,55,40,Sports,93720.0,Yes,3.8,Not Placed,47.0,Need Improvement,Poor
Elizabeth Rodriguez,79.3,80,71,77,Volunteer,84805.0,Yes,6.0,Placed,76.0,safe,Good
George Brown,56.3,98,100,93,Volunteer,82116.0,Yes,9.3,Placed,97.0,safe,Excellent
Emma Lee,94.3,82,82,82,Sports,36966.0,Yes,5.4,Placed,82.0,safe,Good
Betty Flores,71.2,32,38,50,Debate,73834.0,Yes,2.8,Not Placed,40.0,Need Improvement,Poor
Joseph Rodriguez,92.5,67,80,66,Debate,87877.0,Yes,5.6,Placed,71.0,safe,Good
Elizabeth Allen,68.1,37,69,86,Sports,100144.0,No,5.7,Placed,64.0,safe,Average
Ashley Torres,81.5,82,76,66,Sports,63460.0,Yes,6.6,Placed,74.66666666666667,safe,Good
Elizabeth Rodriguez,74.1,82,70,74,Volunteer,55718.0,No,5.3,Placed,75.33333333333333,safe,Good
Sandra Gonzalez,81.6,60,61,79,Music,15135.0,No,6.7,Placed,66.66666666666667,safe,Average
Gary Thompson,95.3,50,59,82,Music,84537.0,Yes,7.1,Not Placed,63.666666666666664,safe,Average
Rebecca Davis,82.9,64,76,87,Sports,123591.0,Yes,5.8,Placed,75.66666666666667,safe,Good
Cynthia Perez,59.2,66,81,100,Debate,84712.0,Yes,6.7,Placed,82.33333333333333,safe,Good
Michael Robinson,63.0,44,53,62,Music,42319.0,Yes,3.2,Not Placed,53.0,Need Improvement,Average
Paul Anderson,92.8,61,68,52,Volunteer,50462.0,Yes,4.2,Placed,60.333333333333336,safe,Average
Melissa Thompson,98.5,50,66,50,NCC,52622.0,Yes,3.2,Placed,55.333333333333336,Need Improvement,Average
Jennifer Robinson,80.9,73,85,99,Sports,61232.0,Yes,8.1,Placed,85.66666666666667,safe,Excellent
Donna White,76.5,74,88,75,Debate,68317.0,Yes,6.2,Placed,79.0,safe,Good
Angela Harris,79.9,72,80,90,Sports,28394.0,Yes,6.5,Placed,80.66666666666667,safe,Good
Robert Allen,71.5,50,49,74,Sports,53260.0,Yes,5.7,Not Placed,57.666666666666664,Need Improvement,Average
Kevin Thompson,73.9,62,65,55,Music,64702.0,Yes,4.8,Placed,60.666666666666664,safe,Average
Joseph Martinez,80.0,73,87,84,Music,45306.0,Yes,7.8,Placed,81.33333333333333,safe,Good
Sarah King,62.4,48,38,49,Volunteer,52504.0,Yes,3.7,Not Placed,45.0,Need Improvement,Poor
Carol Sanchez,68.7,82,78,100,Volunteer,57284.0,No,9.2,Placed,86.66666666666667,safe,Excellent
Karen Walker,78.8,63,65,71,Music,57769.0,Yes,6.0,Placed,66.33333333333333,safe,Average
Carol Gonzalez,87.9,68,68,69,NCC,43978.0,Yes,4.2,Placed,68.33333333333333,safe,Average
Sandra Ramirez,87.8,60,60,60,Sports,32045.0,Yes,2.7,Placed,60.0,safe,Average
Joshua Smith,95.0,78,71,65,Debate,80529.0,Yes,5.0,Placed,71.33333333333333,safe,Good
Robert Robinson,95.2,62,49,41,Music,52448.0,Yes,2.8,Not Placed,50.666666666666664,Need Improvement,Average
Jessica Perez,73.3,70,80,68,Sports,84155.0,Yes,5.2,Placed,72.66666666666667,safe,Good
Donna Torres,71.9,57,67,78,Sports,90847.0,No,5.6,Placed,67.33333333333333,safe,Average
George Hill,76.4,66,77,62,Music,79817.0,Yes,3.7,Placed,68.33333333333333,safe,Average
Joshua Harris,67.5,63,84,93,Sports,92842.0,No,6.9,Placed,80.0,safe,Good
Kenneth Robinson,61.5,70,74,88,Sports,64702.0,Yes,7.3,Placed,77.33333333333333,safe,Good
Emily Lewis,77.4,42,46,69,Volunteer,81134.0,No,4.2,Not Placed,52.333333333333336,Need Improvement,Average
Karen Scott,97.4,76,100,100,Music,97016.0,Yes,8.0,Placed,92.0,safe,Excellent
Michael Hernandez,77.1,32,30,28,Sports,34382.0,Yes,2.8,Not Placed,30.0,At risk,Poor
George Sanchez,87.0,77,84,100,Music,34953.0,No,9.1,Placed,87.0,safe,Excellent
Richard Martin,63.6,69,62,90,Sports,82811.0,Yes,5.5,Placed,73.66666666666667,safe,Good
Sandra Nguyen,69.6,62,78,94,Music,21915.0,No,7.3,Placed,78.0,safe,Good
Betty Martin,84.2,43,64,83,Music,33680.0,Yes,4.3,Placed,63.333333333333336,safe,Average
Ronald Lewis,80.0,36,49,42,Sports,62076.0,Yes,2.1,Not Placed,42.333333333333336,Need Improvement,Poor
Nancy Wilson,79.6,74,76,99,Sports,81796.0,Yes,7.7,Placed,83.0,safe,Good
Sharon Nguyen,66.4,75,81,77,Sports,74407.0,Yes,7.6,Placed,77.66666666666667,safe,Good
Melissa Hernandez,79.5,65,69,72,Music,94770.0,Yes,7.1,Placed,68.66666666666667,safe,Average
Mark Scott,78.7,50,57,53,NCC,46171.0,No,3.7,Not Placed,53.333333333333336,Need Improvement,Average
Ronald Hernandez,46.6,65,71,83,Volunteer,105581.0,No,8.8,Placed,73.0,safe,Good
Susan Allen,81.3,80,79,74,Sports,61119.0,Yes,7.8,Placed,77.66666666666667,safe,Good
Sandra Moore,76.9,39,50,65,Volunteer,132403.0,Yes,3.6,Not Placed,51.333333333333336,Need Improvement,Average
Rebecca Williams,87.1,58,85,88,Sports,84374.0,No,6.6,Placed,77.0,safe,Good
Richard Robinson,89.1,90,100,100,Music,70869.0,Yes,8.2,Placed,96.66666666666667,safe,Excellent
Matthew Walker,89.2,34,33,31,Sports,103728.0,Yes,1.0,Not Placed,32.666666666666664,At risk,Poor
Elizabeth Clark,76.9,72,76,95,Volunteer,44882.0,Yes,6.9,Placed,81.0,safe,Good
Jacob Lee,80.1,77,97,98,Volunteer,87725.0,No,7.4,Placed,90.66666666666667,safe,Excellent
Mary Lopez,62.9,68,59,100,Debate,61332.0,Yes,8.7,Not Placed,75.66666666666667,safe,Good
Patricia Thomas,72.5,57,59,65,Volunteer,27732.0,Yes,5.5,Not Placed,60.333333333333336,safe,Average
William Brown,91.5,56,66,62,Music,88925.0,Yes,3.3,Placed,61.333333333333336,safe,Average
Karen Hernandez,53.7,19,34,34,Volunteer,100894.0,Yes,1.9,Not Placed,29.0,At risk,Poor
Gary Williams,100.0,78,89,81,NCC,88711.0,Yes,4.8,Placed,82.66666666666667,safe,Good
Emma Clark,80.6,32,53,64,Sports,96035.0,Yes,3.9,Not Placed,49.666666666666664,Need Improvement,Poor
Daniel Anderson,60.3,40,46,33,Music,73611.0,No,1.9,Not Placed,39.666666666666664,At risk,Poor
James Miller,82.1,47,67,70,Debate,36546.0,No,6.3,Placed,61.333333333333336,safe,Average
Jason Young,75.1,75,87,73,Sports,49816.0,Yes,5.9,Placed,78.33333333333333,safe,Good
Joshua Davis,92.9,87,91,100,Volunteer,56646.0,Yes,8.6,Placed,92.66666666666667,safe,Excellent
Patricia White,80.0,56,63,65,Sports,66686.0,Yes,4.5,Placed,61.333333333333336,safe,Average
Patricia Martinez,56.6,53,46,50,Sports,8000.0,No,5.1,Not Placed,49.666666666666664,Need Improvement,Poor
Karen Brown,82.8,60,65,73,Sports,52835.0,No,5.3,Placed,66.0,safe,Average
Joseph Lewis,65.4,66,73,70,Debate,37755.0,Yes,6.4,Placed,69.66666666666667,safe,Average
Gary Scott,79.7,67,62,70,Music,53660.0,Yes,5.9,Placed,66.33333333333333,safe,Average
Kevin Thompson,75.7,64,90,73,Debate,78156.0,No,6.0,Placed,75.66666666666667,safe,Good
George Rodriguez,78.8,44,60,64,NCC,30931.0,No,4.2,Placed,56.0,Need Improvement,Average
Lisa Garcia,77.5,76,78,75,Sports,17785.0,Yes,6.1,Placed,76.33333333333333,safe,Good
Joseph Thomas,86.5,56,73,61,Sports,71882.0,Yes,4.5,Placed,63.333333333333336,safe,Average
Amanda Lopez,78.0,52,62,83,Sports,78782.0,Yes,6.0,Placed,65.66666666666667,safe,Average
Steven Hernandez,89.8,77,75,100,NCC,71176.0,No,8.4,Placed,84.0,safe,Good
Ronald Thompson,78.4,52,62,74,Sports,78563.0,Yes,5.6,Placed,62.666666666666664,safe,Average
Ronald Nguyen,67.9,44,45,60,Volunteer,79779.0,Yes,4.3,Not Placed,49.666666666666664,Need Improvement,Poor
Patricia Garcia,58.9,84,96,98,Volunteer,100823.0,Yes,8.7,Placed,92.66666666666667,safe,Excellent
Emma Smith,71.0,59,74,69,Music,63855.0,Yes,6.6,Placed,67.33333333333333,safe,Average
Deborah King,97.4,73,72,85,Debate,9299.0,Yes,6.1,Placed,76.66666666666667,safe,Good
Betty Walker,80.0,18,43,39,Sports,33979.0,No,2.5,Not Placed,33.333333333333336,At risk,Poor
Deborah Davis,79.0,47,61,68,NCC,56968.0,Yes,3.8,Placed,58.666666666666664,Need Improvement,Average
Joshua Thomas,79.2,33,58,51,Music,63791.0,Yes,2.4,Not Placed,47.333333333333336,Need Improvement,Poor
Sarah Davis,79.1,45,53,70,NCC,98149.0,Yes,5.0,Not Placed,56.0,Need Improvement,Average
Rebecca Miller,95.8,66,66,54,Sports,100239.0,Yes,4.8,Placed,62.0,safe,Average
Melissa Rodriguez,78.0,62,63,93,Debate,47798.0,Yes,7.4,Placed,72.66666666666667,safe,Good
Joseph Torres,69.1,47,54,47,Sports,77739.0,Yes,2.7,Not Placed,49.333333333333336,Need Improvement,Poor
Edward Hill,81.6,59,63,89,Volunteer,100145.0,No,6.9,Placed,70.33333333333333,safe,Good
Gary Harris,61.6,70,60,64,Debate,80353.0,Yes,5.4,Placed,64.66666666666667,safe,Average
William Nguyen,83.4,79,80,100,Music,56303.0,Yes,8.1,Placed,86.33333333333333,safe,Excellent
Sharon King,85.6,76,100,100,NCC,59206.0,Yes,8.0,Placed,92.0,safe,Excellent
Laura Gonzalez,88.1,51,54,62,Music,25448.0,Yes,4.7,Not Placed,55.666666666666664,Need Improvement,Average
Lisa Hill,69.4,49,55,78,NCC,29207.0,No,5.3,Not Placed,60.666666666666664,safe,Average
Anthony Flores,90.7,16,33,27,Debate,54712.0,Yes,1.0,Not Placed,25.333333333333332,At risk,Poor
Amy Hill,60.2,73,76,96,Music,64702.0,Yes,7.5,Placed,81.66666666666667,safe,Good
Susan Wright,90.0,60,64,66,Volunteer,41275.0,Yes,3.7,Placed,63.333333333333336,safe,Average
Edward Davis,80.1,72,81,72,Volunteer,43486.0,No,6.6,Placed,75.0,safe,Good
Karen Davis,100.0,77,75,79,Music,28617.0,No,5.4,Placed,77.0,safe,Good
Steven Moore,73.4,64,62,80,Debate,30023.0,Yes,5.7,Placed,68.66666666666667,safe,Average
Deborah Harris,73.3,90,98,100,Debate,37522.0,Yes,10.0,Placed,96.0,safe,Excellent
Kevin Harris,71.1,28,45,51,NCC,62060.0,Yes,1.0,Not Placed,41.333333333333336,Need Improvement,Poor
Kimberly Jones,82.1,51,56,77,NCC,38383.0,Yes,6.2,Not Placed,61.333333333333336,safe,Average
Sharon Clark,80.4,55,67,51,NCC,66241.0,Yes,3.4,Placed,57.666666666666664,Need Improvement,Average
Nicholas White,64.2,58,79,76,NCC,47122.0,Yes,7.4,Placed,71.0,safe,Good
Jessica Gonzalez,89.6,85,92,95,Debate,41798.0,Yes,6.5,Placed,90.66666666666667,safe,Excellent
Paul Torres,100.0,42,49,46,Sports,53321.0,No,1.0,Not Placed,45.666666666666664,Need Improvement,Poor
Gary Taylor,100.0,75,79,72,Music,86302.0,Yes,7.5,Placed,75.33333333333333,safe,Good
Susan Torres,100.0,57,70,89,Sports,45748.0,Yes,4.4,Placed,72.0,safe,Good
John Jones,88.4,50,76,48,Volunteer,64702.0,Yes,2.0,Placed,58.0,Need Improvement,Average
Joseph Taylor,100.0,57,62,67,Sports,52450.0,Yes,5.0,Placed,62.0,safe,Average
Angela Allen,79.6,46,57,72,Sports,64702.0,Yes,5.8,Not Placed,58.333333333333336,Need Improvement,Average
Donna Miller,86.0,64,59,70,NCC,64702.0,Yes,5.1,Not Placed,64.33333333333333,safe,Average
Ronald Harris,86.2,70,73,76,Sports,65858.0,No,6.0,Placed,73.0,safe,Good
Amy Rodriguez,71.8,51,61,82,Debate,44912.0,Yes,6.3,Placed,64.66666666666667,safe,Average
Susan Wilson,66.9,44,65,79,Volunteer,77189.0,Yes,4.9,Placed,62.666666666666664,safe,Average
Amy Davis,57.7,50,66,99,Volunteer,58066.0,Yes,6.8,Placed,71.66666666666667,safe,Good
Mark Gonzalez,72.0,41,37,48,Sports,46630.0,No,3.2,Not Placed,42.0,Need Improvement,Poor
Joshua Perez,91.0,45,67,78,Volunteer,8744.0,Yes,5.9,Placed,63.333333333333336,safe,Average
Ronald Allen,88.9,46,57,45,Sports,72195.0,Yes,3.5,Not Placed,49.333333333333336,Need Improvement,Poor
Andrew Wright,56.7,49,80,65,Music,26638.0,Yes,4.4,Placed,64.66666666666667,safe,Average
Rebecca Lee,71.8,65,68,60,Sports,31912.0,Yes,6.2,Placed,64.33333333333333,safe,Average
Ryan King,81.4,73,96,96,NCC,47002.0,No,8.8,Placed,88.33333333333333,safe,Excellent
Richard Gonzalez,82.8,54,61,74,NCC,100532.0,Yes,4.9,Placed,63.0,safe,Average
Susan Allen,73.2,68,82,96,Sports,77643.0,Yes,7.7,Placed,82.0,safe,Good
Jessica Thompson,83.0,39,45,63,Sports,54515.0,No,4.4,Not Placed,49.0,Need Improvement,Poor
Kenneth Gonzalez,75.3,69,70,100,NCC,64449.0,Yes,9.4,Placed,79.66666666666667,safe,Good
Linda Wilson,84.8,76,86,92,Sports,24948.0,No,7.6,Placed,84.66666666666667,safe,Good
Emily Scott,100.0,64,90,98,Volunteer,24357.0,No,7.4,Placed,84.0,safe,Good
George Anderson,89.0,43,43,47,Volunteer,59057.0,No,3.3,Not Placed,44.333333333333336,Need Improvement,Poor
Melissa King,80.0,41,60,51,Debate,76212.0,Yes,3.6,Placed,50.666666666666664,Need Improvement,Average
Sarah Smith,88.2,84,77,79,Volunteer,49893.0,Yes,8.0,Placed,80.0,safe,Good
Rebecca Clark,67.3,56,63,70,NCC,64702.0,Yes,7.1,Placed,63.0,safe,Average
Susan Ramirez,59.1,66,65,68,Music,92414.0,Yes,5.7,Placed,66.33333333333333,safe,Average
Matthew Thomas,68.3,43,42,58,Volunteer,53976.0,No,3.5,Not Placed,47.666666666666664,Need Improvement,Poor
Edward Perez,90.7,63,83,79,Music,80604.0,Yes,7.2,Placed,75.0,safe,Good
Anthony Hernandez,82.8,37,61,93,Music,56295.0,No,7.1,Placed,63.666666666666664,safe,Average
Linda Lopez,67.3,48,54,61,Sports,47636.0,No,4.6,Not Placed,54.333333333333336,Need Improvement,Average
Mark Thomas,91.4,97,83,100,Sports,102193.0,Yes,10.0,Placed,93.33333333333333,safe,Excellent
Nicholas Young,74.0,74,85,90,NCC,23070.0,No,7.8,Placed,83.0,safe,Good
Amanda Thompson,69.0,61,72,64,NCC,88503.0,Yes,4.0,Placed,65.66666666666667,safe,Average
Laura Gonzalez,78.2,77,88,98,Debate,56389.0,Yes,7.5,Placed,87.66666666666667,safe,Excellent
Karen Wilson,78.8,44,61,64,Volunteer,43766.0,Yes,4.8,Placed,56.333333333333336,Need Improvement,Average
Michael Sanchez,78.3,61,54,58,Volunteer,74168.0,Yes,4.7,Not Placed,57.666666666666664,Need Improvement,Average
Kevin Thompson,77.1,37,47,51,Sports,75875.0,Yes,4.5,Not Placed,45.0,Need Improvement,Poor
Elizabeth Brown,79.0,43,56,63,Sports,21382.0,No,4.6,Not Placed,54.0,Need Improvement,Average
Kimberly Ramirez,55.3,60,58,84,Volunteer,96274.0,Yes,7.2,Not Placed,67.33333333333333,safe,Average
Emma Lopez,76.9,73,76,100,Sports,46340.0,Yes,6.5,Placed,83.0,safe,Good
Karen Thompson,90.0,87,82,87,NCC,11984.0,Yes,8.1,Placed,85.33333333333333,safe,Excellent
Karen Lopez,95.6,57,66,62,Volunteer,17735.0,Yes,4.8,Placed,61.666666666666664,safe,Average
Ashley Ramirez,78.8,76,82,76,Music,64702.0,Yes,6.4,Placed,78.0,safe,Good
George Nguyen,64.1,33,50,88,Debate,62669.0,No,5.1,Not Placed,57.0,Need Improvement,Average
Donald Jackson,71.0,71,80,88,Debate,106595.0,Yes,7.7,Placed,79.66666666666667,safe,Good
Kimberly Miller,86.3,51,90,50,Sports,46180.0,Yes,2.0,Placed,63.666666666666664,safe,Average
Deborah Martin,86.6,47,63,88,Music,40535.0,No,5.2,Placed,66.0,safe,Average
Mark Hill,80.0,82,74,79,Debate,72577.0,Yes,6.4,Placed,78.33333333333333,safe,Good
Susan Martin,100.0,65,67,72,Music,81730.0,Yes,4.9,Placed,68.0,safe,Average
Sharon Martin,100.0,78,99,100,Volunteer,25247.0,No,8.0,Placed,92.33333333333333,safe,Excellent
Nancy Johnson,40.6,82,74,100,NCC,51728.0,Yes,9.7,Placed,85.33333333333333,safe,Excellent
Ryan Torres,74.5,48,64,47,Sports,58557.0,Yes,3.0,Placed,53.0,Need Improvement,Average
Brian Scott,95.6,66,87,81,NCC,60351.0,Yes,5.7,Placed,78.0,safe,Good
Ronald Nguyen,66.3,68,79,78,Sports,51005.0,Yes,6.5,Placed,75.0,safe,Good
Angela Martinez,94.7,59,82,79,Volunteer,129015.0,No,6.8,Placed,73.33333333333333,safe,Good
Angela Lopez,100.0,67,82,67,Debate,97276.0,No,5.6,Placed,72.0,safe,Good
Elizabeth Moore,58.7,62,49,70,Sports,54684.0,No,6.2,Not Placed,60.333333333333336,safe,Average
Melissa Flores,60.8,49,63,58,Volunteer,89224.0,Yes,5.0,Placed,56.666666666666664,Need Improvement,Average
Kimberly Scott,94.9,95,100,100,Music,58756.0,Yes,9.2,Placed,98.33333333333333,safe,Excellent
Betty Robinson,88.2,66,66,71,Sports,102883.0,Yes,4.7,Placed,67.66666666666667,safe,Average
Emma Miller,78.3,39,61,56,Sports,62335.0,Yes,2.8,Placed,52.0,Need Improvement,Average
Jennifer Davis,74.2,46,59,82,Volunteer,60128.0,Yes,4.9,Not Placed,62.333333333333336,safe,Average
Amy Hill,76.4,50,66,72,NCC,84077.0,Yes,4.4,Placed,62.666666666666664,safe,Average
Richard Martinez,80.4,57,69,71,Music,65047.0,Yes,4.8,Placed,65.66666666666667,safe,Average
Emma Rodriguez,78.7,21,34,38,Sports,44510.0,No,1.2,Not Placed,31.0,At risk,Poor
James Clark,74.6,34,0,35,Music,114038.0,No,2.6,Not Placed,23.0,At risk,Poor
Richard Thomas,90.3,48,44,44,Sports,47813.0,Yes,2.2,Not Placed,45.333333333333336,Need Improvement,Poor
Jacob Lewis,95.9,56,69,54,Sports,40335.0,Yes,1.7,Placed,59.666666666666664,Need Improvement,Average
Edward Martin,69.2,56,66,98,Music,50425.0,Yes,7.8,Placed,73.33333333333333,safe,Good
Susan Ramirez,91.7,53,69,71,Sports,49490.0,Yes,4.9,Placed,64.33333333333333,safe,Average
Jason Gonzalez,91.6,66,71,40,Sports,66791.0,No,3.7,Placed,59.0,Need Improvement,Average
Melissa Jackson,97.4,78,69,82,Sports,111450.0,No,8.2,Placed,76.33333333333333,safe,Good
Joshua Martin,76.3,73,77,83,Music,40091.0,No,7.3,Placed,77.66666666666667,safe,Good
Nicholas Sanchez,76.5,27,46,59,Sports,123978.0,No,3.8,Not Placed,44.0,Need Improvement,Poor
Emily Taylor,67.8,61,58,75,Volunteer,79028.0,No,6.1,Not Placed,64.66666666666667,safe,Average
Richard Harris,62.5,74,62,87,Sports,128479.0,Yes,6.9,Placed,74.33333333333333,safe,Good
Karen Wright,82.8,93,90,100,Volunteer,53115.0,Yes,9.3,Placed,94.33333333333333,safe,Excellent
Matthew Allen,95.9,57,64,68,Music,41017.0,No,4.6,Placed,63.0,safe,Average
Amy Brown,85.4,62,64,68,Debate,35307.0,Yes,3.8,Placed,64.66666666666667,safe,Average
Mary Martin,100.0,84,89,79,Sports,67659.0,Yes,5.8,Placed,84.0,safe,Good
Nicholas Jones,67.1,36,40,67,Volunteer,50153.0,Yes,5.0,Not Placed,47.666666666666664,Need Improvement,Poor
Robert Young,79.2,66,80,95,Music,26554.0,Yes,6.4,Placed,80.33333333333333,safe,Good
Nicholas Davis,85.2,69,84,86,NCC,120170.0,Yes,7.2,Placed,79.66666666666667,safe,Good
Sarah Lewis,68.5,71,90,93,Sports,33131.0,Yes,5.7,Placed,84.66666666666667,safe,Good
Michael Gonzalez,89.7,73,74,100,Music,60358.0,Yes,7.5,Placed,82.33333333333333,safe,Good
Joseph Young,72.0,50,70,60,Sports,24050.0,Yes,4.7,Not Placed,60.0,safe,Average
Rebecca Jones,80.0,54,79,61,Debate,22593.0,No,3.7,Placed,64.66666666666667,safe,Average
Laura Flores,82.1,63,74,82,Sports,93672.0,No,7.6,Placed,73.0,safe,Good
Michael Clark,78.7,56,64,62,Volunteer,54448.0,Yes,4.6,Placed,60.666666666666664,safe,Average
George Moore,92.4,59,60,68,Music,72718.0,No,5.9,Placed,62.333333333333336,safe,Average
Stephanie Williams,91.8,87,100,92,Sports,83014.0,No,7.3,Placed,93.0,safe,Excellent
Rebecca Wilson,58.4,70,78,72,Sports,22072.0,Yes,6.7,Placed,73.33333333333333,safe,Good
Linda Torres,52.1,47,56,70,Debate,37728.0,Yes,4.8,Not Placed,57.666666666666664,Need Improvement,Average
Emma Allen,80.0,54,77,85,NCC,91060.0,No,6.8,Placed,72.0,safe,Good
Patricia Clark,100.0,64,72,42,Debate,63555.0,Yes,3.5,Placed,59.333333333333336,Need Improvement,Average
Emily Flores,80.0,35,56,75,Sports,103057.0,No,4.8,Not Placed,55.333333333333336,Need Improvement,Average
Richard Moore,87.3,34,58,70,Debate,95529.0,No,4.6,Not Placed,54.0,Need Improvement,Average
Stephanie Walker,63.9,37,45,53,Volunteer,51647.0,Yes,2.6,Not Placed,45.0,Need Improvement,Poor
Rebecca Ramirez,92.6,85,86,100,NCC,61441.0,Yes,8.2,Placed,90.33333333333333,safe,Excellent
Patricia Anderson,90.5,71,86,77,Volunteer,64702.0,Yes,4.8,Placed,78.0,safe,Good
Joshua Martinez,81.9,67,70,87,Sports,78029.0,No,5.7,Placed,74.66666666666667,safe,Good
Susan Jackson,79.6,60,70,77,Debate,8000.0,No,5.2,Placed,69.0,safe,Average
Deborah Scott,91.7,57,86,52,NCC,68189.0,Yes,3.7,Placed,65.0,safe,Average
Daniel Lewis,73.6,44,34,55,Debate,35276.0,Yes,3.6,Not Placed,44.333333333333336,Need Improvement,Poor
Gary Anderson,80.0,65,74,68,NCC,71107.0,Yes,4.8,Placed,69.0,safe,Average
Patricia Wilson,67.4,72,78,96,Debate,52966.0,Yes,8.2,Placed,82.0,safe,Good
Richard Rodriguez,78.9,38,51,30,Sports,103958.0,Yes,3.2,Not Placed,39.666666666666664,At risk,Poor
Susan Thompson,86.4,61,66,60,Sports,108769.0,Yes,5.1,Placed,62.333333333333336,safe,Average
Kimberly Brown,90.8,67,68,67,NCC,96864.0,Yes,6.5,Placed,67.33333333333333,safe,Average
Rebecca Young,68.2,70,68,69,Sports,39522.0,Yes,5.9,Placed,69.0,safe,Average
Susan Gonzalez,80.0,25,56,61,Volunteer,25144.0,Yes,2.9,Not Placed,47.333333333333336,Need Improvement,Poor
Ryan Young,89.2,90,87,94,Music,75068.0,Yes,8.2,Placed,90.33333333333333,safe,Excellent
David Williams,80.0,38,64,67,Music,43683.0,No,3.5,Placed,56.333333333333336,Need Improvement,Average
Rebecca Moore,72.2,82,90,100,Sports,28666.0,Yes,10.0,Placed,90.66666666666667,safe,Excellent
Joshua Lopez,67.4,55,45,40,Music,41803.0,Yes,2.9,Not Placed,46.666666666666664,Need Improvement,Poor
Donald Miller,80.6,66,92,83,Music,132324.0,Yes,4.4,Placed,80.33333333333333,safe,Good
Charles Thompson,91.5,57,58,72,NCC,64371.0,No,5.3,Not Placed,62.333333333333336,safe,Average
Emma Brown,86.4,51,77,83,Sports,41463.0,Yes,5.4,Placed,70.33333333333333,safe,Good
Patricia Taylor,66.8,60,84,100,Volunteer,34306.0,Yes,7.0,Placed,81.33333333333333,safe,Good
John Martin,63.7,59,90,56,Sports,77803.0,Yes,5.8,Not Placed,68.33333333333333,safe,Average
David White,97.0,74,84,77,Sports,51140.0,No,5.0,Placed,78.33333333333333,safe,Good
Laura Brown,100.0,77,86,87,Debate,57758.0,Yes,6.5,Placed,83.33333333333333,safe,Good
Gary Williams,72.1,56,71,67,Volunteer,61037.0,No,5.7,Placed,64.66666666666667,safe,Average
Kimberly Allen,72.8,39,45,32,Music,115850.0,Yes,1.0,Not Placed,38.666666666666664,At risk,Poor
Jennifer Walker,62.4,53,76,79,NCC,43709.0,Yes,5.3,Placed,69.33333333333333,safe,Average
George Martinez,85.6,56,60,48,NCC,49724.0,Yes,3.5,Placed,54.666666666666664,Need Improvement,Average
Kevin Flores,72.2,41,48,53,Volunteer,47113.0,Yes,3.8,Not Placed,47.333333333333336,Need Improvement,Poor
Ryan Thomas,75.2,84,79,100,Music,70491.0,Yes,8.8,Placed,87.66666666666667,safe,Excellent
Michael Lopez,96.7,65,61,76,Volunteer,41137.0,No,6.0,Placed,67.33333333333333,safe,Average
Karen Thomas,75.0,52,48,75,NCC,76665.0,Yes,5.6,Not Placed,58.333333333333336,Need Improvement,Average
Carol Jones,97.6,53,65,58,Debate,14548.0,Yes,4.6,Placed,58.666666666666664,Need Improvement,Average
Mark Brown,63.4,47,69,89,Volunteer,71573.0,Yes,5.4,Placed,68.33333333333333,safe,Average
Jessica Clark,68.5,60,81,88,NCC,29198.0,Yes,5.3,Placed,76.33333333333333,safe,Good
Jason Moore,76.6,31,90,58,Music,59105.0,No,3.5,Not Placed,59.666666666666664,Need Improvement,Average
Donald Wright,67.5,57,84,77,Music,73490.0,No,6.1,Placed,72.66666666666667,safe,Good
Steven Thompson,71.0,60,67,78,Music,92643.0,No,6.5,Placed,68.33333333333333,safe,Average
Ryan Allen,69.8,35,54,47,NCC,59046.0,Yes,1.0,Not Placed,45.333333333333336,Need Improvement,Poor
Donna Lee,100.0,75,77,79,Sports,49418.0,Yes,4.9,Placed,77.0,safe,Good
Lisa Rodriguez,67.9,76,59,80,Sports,125486.0,Yes,6.1,Not Placed,71.66666666666667,safe,Good
Jessica Gonzalez,83.5,78,80,93,NCC,133939.0,Yes,7.3,Placed,83.66666666666667,safe,Good
Sandra Robinson,84.6,63,71,87,Debate,53395.0,Yes,7.3,Placed,73.66666666666667,safe,Good
Nancy Hill,77.3,47,51,51,Sports,66929.0,Yes,3.3,Not Placed,49.666666666666664,Need Improvement,Poor
Sarah Thompson,64.2,39,48,81,Sports,92606.0,Yes,3.7,Not Placed,56.0,Need Improvement,Average
Michael Wright,83.2,69,91,94,Volunteer,53888.0,No,7.3,Placed,84.66666666666667,safe,Good
Michelle Garcia,85.6,61,71,100,NCC,83364.0,Yes,6.4,Placed,77.33333333333333,safe,Good
Linda Ramirez,78.7,64,50,58,Sports,82094.0,Yes,5.3,Not Placed,57.333333333333336,Need Improvement,Average
Elizabeth Robinson,85.2,63,56,71,Sports,77340.0,Yes,6.4,Not Placed,63.333333333333336,safe,Average
Cynthia Allen,86.3,55,56,76,Music,66209.0,No,5.4,Not Placed,62.333333333333336,safe,Average
Angela Anderson,82.7,59,76,100,NCC,32747.0,No,7.9,Placed,78.33333333333333,safe,Good
Donald Williams,66.2,65,78,71,Volunteer,74152.0,Yes,4.7,Placed,71.33333333333333,safe,Good
Richard Ramirez,100.0,49,82,81,Volunteer,47612.0,Yes,5.4,Placed,70.66666666666667,safe,Good
Kevin Taylor,74.4,28,26,27,Sports,40449.0,No,1.0,Not Placed,27.0,At risk,Poor
Rebecca Lopez,88.1,68,85,94,Volunteer,49214.0,Yes,7.8,Placed,82.33333333333333,safe,Good
Sandra Garcia,91.0,60,74,52,Debate,86411.0,Yes,3.6,Placed,62.0,safe,Average
Betty Garcia,74.8,63,69,95,NCC,63931.0,No,7.0,Placed,75.66666666666667,safe,Good
Linda Lee,66.0,57,65,77,NCC,8000.0,No,5.1,Placed,66.33333333333333,safe,Average
Emily Sanchez,75.6,45,62,75,Sports,45810.0,No,5.7,Placed,60.666666666666664,safe,Average
Robert Lewis,66.8,51,60,61,Volunteer,88977.0,Yes,5.2,Placed,57.333333333333336,Need Improvement,Average
James Hill,63.6,33,52,82,Sports,72423.0,Yes,6.2,Not Placed,55.666666666666664,Need Improvement,Average
Gary Williams,73.2,40,47,51,Music,59182.0,No,4.5,Not Placed,46.0,Need Improvement,Poor
Andrew Scott,80.0,43,47,50,NCC,22637.0,No,4.7,Not Placed,46.666666666666664,Need Improvement,Poor
Jason Scott,76.1,68,81,97,Volunteer,8000.0,Yes,8.3,Placed,82.0,safe,Good
Kenneth Garcia,86.0,68,67,45,Sports,61700.0,Yes,2.5,Placed,60.0,safe,Average
Gary Thomas,87.6,74,85,72,Sports,52442.0,Yes,6.5,Placed,77.0,safe,Good
Brian Gonzalez,75.5,62,67,63,Debate,139669.0,Yes,4.4,Placed,64.0,safe,Average
George Hill,76.9,40,57,63,Sports,78166.0,Yes,4.2,Not Placed,53.333333333333336,Need Improvement,Average
Ashley Anderson,72.4,27,50,39,Sports,99785.0,Yes,2.2,Not Placed,38.666666666666664,At risk,Poor
George Young,76.8,42,61,81,Debate,60839.0,No,5.2,Placed,61.333333333333336,safe,Average
Ronald Jones,66.5,66,75,82,Sports,133715.0,Yes,7.1,Placed,74.33333333333333,safe,Good
Brian Miller,68.1,76,76,78,Debate,86735.0,Yes,6.2,Placed,76.66666666666667,safe,Good
Patricia Moore,74.8,46,47,50,Debate,70229.0,Yes,2.1,Not Placed,47.666666666666664,Need Improvement,Poor
Brian Garcia,84.9,65,60,75,Sports,64702.0,Yes,7.4,Placed,66.66666666666667,safe,Average
Thomas Williams,78.9,47,57,60,Volunteer,108653.0,No,3.4,Not Placed,54.666666666666664,Need Improvement,Average
Ronald Martin,67.0,62,62,67,Volunteer,63287.0,Yes,6.3,Placed,63.666666666666664,safe,Average
Rebecca Williams,84.6,64,0,99,Sports,62883.0,No,8.1,Placed,54.333333333333336,Need Improvement,Average
Angela Lopez,74.6,61,74,88,Volunteer,44165.0,Yes,6.9,Placed,74.33333333333333,safe,Good
Robert Torres,81.8,58,60,77,Sports,59638.0,Yes,6.7,Placed,65.0,safe,Average
Melissa Thomas,76.3,76,84,100,Sports,69981.0,Yes,8.7,Placed,86.66666666666667,safe,Excellent
Jessica Wright,100.0,56,68,71,Music,63282.0,Yes,6.7,Placed,65.0,safe,Average
Michael Moore,57.4,65,76,88,Sports,100570.0,Yes,7.1,Placed,76.33333333333333,safe,Good
Laura Davis,85.5,41,32,40,NCC,121360.0,Yes,1.9,Not Placed,37.666666666666664,At risk,Poor
David Robinson,83.6,60,63,77,Volunteer,125956.0,Yes,5.4,Placed,66.66666666666667,safe,Average
Edward Gonzalez,81.9,61,81,91,Music,142097.0,Yes,7.0,Placed,77.66666666666667,safe,Good
Andrew Rodriguez,64.3,62,77,85,Sports,75005.0,Yes,6.3,Placed,74.66666666666667,safe,Good
Donna Hernandez,62.5,39,47,56,Sports,36368.0,No,4.3,Not Placed,47.333333333333336,Need Improvement,Poor
Susan Lopez,100.0,84,80,54,Music,77077.0,Yes,4.4,Placed,72.66666666666667,safe,Good
Carol Brown,82.7,44,50,33,Sports,93644.0,Yes,1.0,Not Placed,42.333333333333336,Need Improvement,Poor
Jennifer Thompson,99.0,76,84,69,Volunteer,77865.0,No,6.1,Placed,76.33333333333333,safe,Good
Sandra Brown,98.2,60,67,65,Music,59626.0,No,5.8,Placed,64.0,safe,Average
Jason Harris,97.0,69,93,62,Sports,79240.0,No,5.0,Placed,74.66666666666667,safe,Good
Nicholas Hernandez,82.7,83,89,98,Sports,64702.0,Yes,7.9,Placed,90.0,safe,Excellent
Kenneth Rodriguez,100.0,68,67,67,Debate,86115.0,Yes,5.7,Placed,67.33333333333333,safe,Average
Emily Thomas,56.1,62,69,86,Music,89423.0,No,6.3,Placed,72.33333333333333,safe,Good
Elizabeth Perez,100.0,65,72,74,NCC,107096.0,No,4.4,Placed,70.33333333333333,safe,Good
Sandra Jackson,100.0,79,80,82,NCC,71800.0,Yes,5.7,Placed,80.33333333333333,safe,Good
Sarah Brown,92.3,57,72,74,Sports,77204.0,Yes,5.8,Placed,67.66666666666667,safe,Average
Charles Moore,72.8,37,65,69,Sports,93598.0,Yes,4.0,Placed,57.0,Need Improvement,Average
Nicholas Lewis,71.9,27,41,42,Sports,45214.0,Yes,2.9,Not Placed,36.666666666666664,At risk,Poor
Nancy Clark,93.5,53,77,45,Music,67622.0,Yes,1.0,Placed,58.333333333333336,Need Improvement,Average
Mary Flores,90.5,34,46,35,Sports,85261.0,Yes,1.5,Not Placed,38.333333333333336,At risk,Poor
Emma Scott,99.7,66,76,63,Sports,80808.0,Yes,4.0,Placed,68.33333333333333,safe,Average
Ryan Brown,77.7,38,46,87,Sports,76371.0,Yes,3.7,Not Placed,57.0,Need Improvement,Average
Joseph Martinez,73.6,72,61,81,Sports,64702.0,Yes,7.3,Placed,71.33333333333333,safe,Good
Kimberly Jones,84.3,55,65,63,Debate,62735.0,Yes,6.1,Placed,61.0,safe,Average
Mary Smith,82.0,68,59,51,Music,62127.0,No,5.2,Not Placed,59.333333333333336,Need Improvement,Average
Donna Brown,68.5,56,72,75,NCC,65694.0,Yes,5.6,Placed,67.66666666666667,safe,Average
Elizabeth Perez,92.5,66,78,77,Sports,68148.0,Yes,6.0,Placed,73.66666666666667,safe,Good
Charles Hill,80.6,70,70,99,Volunteer,35112.0,Yes,7.0,Placed,79.66666666666667,safe,Good
Emma Wilson,78.8,73,66,86,Sports,36701.0,Yes,6.6,Placed,75.0,safe,Good
Andrew Clark,88.8,83,95,92,Volunteer,34121.0,No,6.7,Placed,90.0,safe,Excellent
Ashley Jones,73.2,63,50,86,NCC,97401.0,Yes,5.1,Not Placed,66.33333333333333,safe,Average
Sandra Jones,71.2,69,78,88,Volunteer,41105.0,No,6.1,Placed,78.33333333333333,safe,Good
Laura Smith,71.4,53,47,30,Sports,92867.0,Yes,3.8,Not Placed,43.333333333333336,Need Improvement,Poor
George Walker,89.9,44,43,43,Volunteer,67104.0,Yes,2.3,Not Placed,43.333333333333336,Need Improvement,Poor
Gary Taylor,82.9,71,74,97,NCC,100572.0,Yes,7.0,Placed,80.66666666666667,safe,Good
John White,88.7,73,83,80,Sports,42392.0,Yes,5.2,Placed,78.66666666666667,safe,Good
James Davis,69.7,72,60,66,Sports,36590.0,Yes,5.0,Placed,66.0,safe,Average
George Jones,93.9,79,85,100,Sports,61071.0,Yes,7.9,Placed,88.0,safe,Excellent
Linda Lopez,83.1,55,72,65,Sports,84990.0,Yes,5.5,Placed,64.0,safe,Average
Melissa Sanchez,77.5,43,64,66,Sports,91014.0,No,4.3,Placed,57.666666666666664,Need Improvement,Average
Steven Thomas,79.2,68,80,100,Sports,43787.0,No,7.6,Placed,82.66666666666667,safe,Good
Jacob Martin,100.0,32,67,73,Music,29257.0,No,4.2,Placed,57.333333333333336,Need Improvement,Average
Jason Williams,100.0,84,89,100,Music,44671.0,Yes,8.9,Placed,91.0,safe,Excellent
Kimberly Hill,63.2,74,73,69,Debate,68027.0,Yes,5.5,Placed,72.0,safe,Good
Melissa Harris,63.8,87,87,100,Sports,28395.0,No,10.0,Placed,91.33333333333333,safe,Excellent
Anthony Torres,79.7,49,72,57,Debate,60831.0,No,4.7,Placed,59.333333333333336,Need Improvement,Average
Kevin Wright,63.5,69,75,69,Music,75332.0,Yes,6.3,Placed,71.0,safe,Good
Brian Perez,75.9,48,56,58,Sports,64702.0,Yes,3.5,Not Placed,54.0,Need Improvement,Average
Ronald Taylor,79.4,46,65,53,Sports,103665.0,Yes,3.4,Placed,54.666666666666664,Need Improvement,Average
Elizabeth Ramirez,77.0,47,70,75,Debate,57567.0,Yes,6.4,Placed,64.0,safe,Average
Nicholas White,85.3,54,68,91,Debate,26756.0,Yes,6.8,Placed,71.0,safe,Good
Jason Anderson,80.4,38,54,68,Debate,54005.0,Yes,4.3,Not Placed,53.333333333333336,Need Improvement,Average
Rebecca Allen,81.4,72,70,81,Music,70948.0,Yes,5.9,Placed,74.33333333333333,safe,Good
David White,78.2,82,76,79,Sports,51143.0,No,6.9,Placed,79.0,safe,Good
Laura Smith,97.5,95,100,100,Volunteer,28579.0,No,10.0,Placed,98.33333333333333,safe,Excellent
Nancy Harris,73.4,65,62,93,Sports,94956.0,No,7.2,Placed,73.33333333333333,safe,Good
Stephanie Scott,91.8,74,76,61,Sports,11104.0,Yes,5.7,Placed,70.33333333333333,safe,Good
Susan Sanchez,89.4,58,59,47,NCC,57947.0,Yes,3.4,Not Placed,54.666666666666664,Need Improvement,Average
Donna Davis,86.9,58,71,69,Volunteer,56498.0,No,5.9,Placed,66.0,safe,Average
George King,72.2,94,86,100,Sports,53987.0,Yes,9.8,Placed,93.33333333333333,safe,Excellent
Emily Thomas,69.9,59,70,67,Volunteer,65914.0,Yes,5.8,Placed,65.33333333333333,safe,Average
Kenneth Martin,80.3,64,73,79,Debate,61272.0,Yes,6.6,Placed,72.0,safe,Good
Amanda Taylor,63.6,51,30,58,Music,31985.0,Yes,4.8,Not Placed,46.333333333333336,Need Improvement,Poor
Nancy Nguyen,55.9,68,66,84,Debate,130458.0,No,6.9,Placed,72.66666666666667,safe,Good
Ronald Wright,66.2,40,31,50,Debate,75495.0,Yes,3.9,Not Placed,40.333333333333336,Need Improvement,Poor
Patricia Torres,72.7,63,72,80,Sports,56240.0,Yes,5.4,Placed,71.66666666666667,safe,Good
Ryan Thomas,80.0,72,81,87,Sports,48358.0,Yes,6.5,Placed,80.0,safe,Good
James Smith,93.8,60,49,55,Debate,64702.0,No,5.4,Not Placed,54.666666666666664,Need Improvement,Average
Michelle Thomas,77.6,49,69,79,Sports,94316.0,No,5.3,Placed,65.66666666666667,safe,Average
Carol Miller,87.4,89,89,70,Sports,87576.0,No,5.6,Placed,82.66666666666667,safe,Good
Nancy Harris,92.9,69,84,100,Music,43933.0,No,8.2,Placed,84.33333333333333,safe,Good
Emily Ramirez,89.8,43,54,61,Debate,23101.0,Yes,4.3,Not Placed,52.666666666666664,Need Improvement,Average
Rebecca Walker,79.7,60,85,99,NCC,41227.0,Yes,8.2,Placed,81.33333333333333,safe,Good
Charles Young,80.0,52,59,60,Sports,79170.0,Yes,3.5,Not Placed,57.0,Need Improvement,Average
Andrew Torres,77.0,67,86,95,Sports,81328.0,No,6.3,Placed,82.66666666666667,safe,Good
Deborah Miller,81.0,56,58,56,Sports,92500.0,No,4.8,Not Placed,56.666666666666664,Need Improvement,Average
Sandra Garcia,89.1,44,46,52,NCC,66649.0,Yes,3.0,Not Placed,47.333333333333336,Need Improvement,Poor
Gary King,81.8,67,82,55,Sports,62113.0,Yes,4.7,Placed,68.0,safe,Average
Sharon King,89.9,83,92,95,Volunteer,65689.0,Yes,7.8,Placed,90.0,safe,Excellent
Melissa Wilson,81.8,52,60,64,Sports,81928.0,No,4.5,Placed,58.666666666666664,Need Improvement,Average
William Davis,73.0,49,62,75,NCC,79815.0,Yes,5.5,Placed,62.0,safe,Average
Ronald Thomas,89.8,50,62,49,NCC,98121.0,Yes,2.4,Placed,53.666666666666664,Need Improvement,Average
Elizabeth Anderson,69.3,66,82,87,Sports,64702.0,Yes,6.0,Placed,78.33333333333333,safe,Good
Kimberly Smith,82.1,60,65,59,NCC,49102.0,Yes,4.6,Placed,61.333333333333336,safe,Average
Robert Harris,58.7,24,21,48,Debate,48693.0,Yes,4.1,Not Placed,31.0,At risk,Poor
Sarah Robinson,86.8,61,79,82,Sports,72419.0,Yes,6.2,Placed,74.0,safe,Good
Anthony Young,70.8,51,0,92,NCC,35147.0,No,6.8,Placed,47.666666666666664,Need Improvement,Poor
Ryan Lewis,80.0,67,82,100,Debate,30225.0,No,6.8,Placed,83.0,safe,Good
Joshua Miller,80.2,46,90,89,Volunteer,8000.0,No,5.8,Placed,75.0,safe,Good
John Jones,80.7,47,50,46,Debate,119615.0,Yes,3.4,Not Placed,47.666666666666664,Need Improvement,Poor
Mark Johnson,83.1,87,82,100,Debate,93514.0,Yes,7.0,Placed,89.66666666666667,safe,Excellent
Donna White,76.6,40,57,42,Sports,60676.0,Yes,3.0,Not Placed,46.333333333333336,Need Improvement,Poor
David Lee,72.9,45,62,87,Sports,67752.0,Yes,5.8,Placed,64.66666666666667,safe,Average
Charles Jackson,80.0,67,61,99,Sports,64702.0,Yes,9.4,Placed,75.66666666666667,safe,Good
Kenneth Smith,58.7,49,57,75,Debate,90227.0,Yes,5.2,Not Placed,60.333333333333336,safe,Average
Kenneth Hill,80.1,55,49,59,Sports,44955.0,No,5.3,Not Placed,54.333333333333336,Need Improvement,Average
Joseph Rodriguez,71.8,45,61,75,Music,98036.0,Yes,5.9,Placed,60.333333333333336,safe,Average
Amy Thompson,70.6,50,61,69,Volunteer,86996.0,Yes,4.1,Placed,60.0,safe,Average
Elizabeth Scott,74.8,84,85,81,Music,14490.0,Yes,7.2,Placed,83.33333333333333,safe,Good
John Nguyen,93.4,50,74,94,Debate,79044.0,No,7.2,Placed,72.66666666666667,safe,Good
Ronald Lewis,66.0,44,46,48,Volunteer,77075.0,Yes,4.0,Not Placed,46.0,Need Improvement,Poor
Michelle Flores,100.0,100,81,64,Sports,51519.0,Yes,5.6,Placed,81.66666666666667,safe,Good
Steven Johnson,95.9,68,80,79,Music,79246.0,Yes,5.6,Placed,75.66666666666667,safe,Good
Karen Jackson,64.6,40,62,58,Sports,68625.0,Yes,4.1,Placed,53.333333333333336,Need Improvement,Average
Ashley Scott,77.2,70,89,100,Music,46518.0,Yes,7.4,Placed,86.33333333333333,safe,Excellent
Donna Flores,84.1,56,61,90,Sports,75955.0,Yes,6.4,Placed,69.0,safe,Average
Amanda White,90.1,100,0,100,NCC,76686.0,Yes,10.0,Placed,66.66666666666667,safe,Average
Elizabeth Scott,83.6,65,65,69,Volunteer,82538.0,Yes,6.8,Placed,66.33333333333333,safe,Average
Anthony Garcia,71.8,51,53,82,Sports,68924.0,Yes,6.1,Not Placed,62.0,safe,Average
Elizabeth Flores,80.0,65,63,80,NCC,69425.0,No,4.4,Placed,69.33333333333333,safe,Average
Jacob Brown,82.4,64,76,86,Debate,94413.0,Yes,8.1,Placed,75.33333333333333,safe,Good
Jennifer Lee,71.4,39,48,84,Volunteer,85105.0,No,5.3,Not Placed,57.0,Need Improvement,Average
Amanda Scott,75.1,51,57,65,Music,108616.0,Yes,4.6,Not Placed,57.666666666666664,Need Improvement,Average
Sandra Anderson,75.8,74,68,100,Volunteer,60927.0,No,7.3,Placed,80.66666666666667,safe,Good
Steven White,69.3,74,77,97,Volunteer,40280.0,No,9.9,Placed,82.66666666666667,safe,Good
Andrew Johnson,66.6,78,71,100,NCC,114887.0,Yes,7.3,Placed,83.0,safe,Good
Jennifer Thomas,72.4,35,41,51,Sports,73640.0,Yes,2.8,Not Placed,42.333333333333336,Need Improvement,Poor
Karen Flores,100.0,62,65,72,NCC,38278.0,Yes,5.8,Placed,66.33333333333333,safe,Average
Ashley Allen,81.1,64,69,77,Volunteer,100606.0,Yes,5.8,Placed,70.0,safe,Good
Ryan Hill,93.1,67,69,64,Music,60759.0,No,6.6,Placed,66.66666666666667,safe,Average
Deborah Clark,72.8,88,86,80,Sports,65512.0,Yes,6.5,Placed,84.66666666666667,safe,Good
Rebecca Davis,94.1,60,77,100,Volunteer,64702.0,Yes,6.8,Placed,79.0,safe,Good
Jason Wright,87.3,73,81,82,Music,70116.0,Yes,8.2,Placed,78.66666666666667,safe,Good
Sharon Davis,100.0,57,80,79,Sports,40669.0,No,5.8,Placed,72.0,safe,Good
Angela Jackson,75.4,46,66,72,Music,24770.0,Yes,3.3,Placed,61.333333333333336,safe,Average
Anthony Hernandez,78.7,62,62,90,Music,75717.0,Yes,6.1,Placed,71.33333333333333,safe,Good
Matthew Davis,75.0,62,68,89,Music,35654.0,Yes,6.2,Placed,73.0,safe,Good
Jacob Martinez,89.0,73,78,74,Volunteer,75921.0,No,6.3,Placed,75.0,safe,Good
Jason Thomas,67.3,37,56,38,NCC,44302.0,Yes,2.2,Not Placed,43.666666666666664,Need Improvement,Poor
Laura Young,82.4,70,78,83,Music,84426.0,Yes,6.7,Placed,77.0,safe,Good
Elizabeth Garcia,100.0,80,72,71,Music,78330.0,Yes,6.4,Placed,74.33333333333333,safe,Good
Kenneth Lee,61.9,45,60,78,Sports,54188.0,Yes,5.6,Placed,61.0,safe,Average
Sandra Robinson,81.6,60,58,40,NCC,27085.0,Yes,2.4,Not Placed,52.666666666666664,Need Improvement,Average
Deborah Scott,74.2,75,92,81,NCC,53860.0,No,6.3,Placed,82.66666666666667,safe,Good
Gary Perez,78.8,60,53,87,Volunteer,44588.0,No,5.4,Not Placed,66.66666666666667,safe,Average
Emma Moore,64.0,58,70,89,Sports,70667.0,Yes,6.0,Placed,72.33333333333333,safe,Good
George Lewis,97.4,61,78,85,Music,59938.0,Yes,4.7,Placed,74.66666666666667,safe,Good
Thomas Gonzalez,85.6,63,64,75,Sports,55023.0,No,7.4,Placed,67.33333333333333,safe,Average
Steven Davis,73.2,60,59,63,NCC,67926.0,Yes,6.0,Not Placed,60.666666666666664,safe,Average
Gary Ramirez,83.8,35,51,45,Sports,47663.0,Yes,2.8,Not Placed,43.666666666666664,Need Improvement,Poor
Ryan Sanchez,87.6,57,76,93,Debate,59305.0,Yes,5.9,Placed,75.33333333333333,safe,Good
George Thompson,80.0,76,76,100,Sports,106584.0,No,8.4,Placed,84.0,safe,Good
Stephanie Harris,53.6,40,42,43,Debate,87260.0,No,3.5,Not Placed,41.666666666666664,Need Improvement,Poor
Charles Young,83.0,67,83,87,Debate,67968.0,Yes,6.3,Placed,79.0,safe,Good
Stephanie Flores,73.8,41,40,63,Volunteer,102372.0,Yes,2.5,Not Placed,48.0,Need Improvement,Poor
Susan Moore,83.5,84,83,96,Sports,62910.0,Yes,5.9,Placed,87.66666666666667,safe,Excellent
Sarah White,62.8,26,32,47,Volunteer,60713.0,Yes,2.7,Not Placed,35.0,At risk,Poor
Edward Walker,100.0,62,80,70,NCC,64384.0,Yes,3.9,Placed,70.66666666666667,safe,Good
Paul Jones,82.8,59,62,81,Sports,79169.0,Yes,7.3,Placed,67.33333333333333,safe,Average
Jennifer King,83.0,80,73,70,Music,8000.0,Yes,5.6,Placed,74.33333333333333,safe,Good
Lisa Wilson,72.2,44,39,41,Volunteer,64702.0,Yes,2.4,Not Placed,41.333333333333336,Need Improvement,Poor
Karen Walker,68.9,50,72,93,Volunteer,110133.0,No,7.0,Placed,71.66666666666667,safe,Good
Nicholas Rodriguez,63.9,56,64,100,Music,80259.0,Yes,8.1,Placed,73.33333333333333,safe,Good
Angela Jackson,62.3,69,72,64,Sports,79180.0,Yes,6.8,Placed,68.33333333333333,safe,Average
Sarah Moore,81.7,70,85,73,Sports,30110.0,Yes,4.3,Placed,76.0,safe,Good
Sarah Gonzalez,76.2,57,68,85,Music,79615.0,Yes,7.2,Placed,70.0,safe,Good
Nancy Lopez,77.7,78,97,96,Volunteer,8000.0,Yes,7.6,Placed,90.33333333333333,safe,Excellent
Kenneth Anderson,62.6,62,75,89,Volunteer,28099.0,Yes,6.2,Placed,75.33333333333333,safe,Good
Paul Martinez,83.3,66,75,66,NCC,86516.0,No,7.3,Placed,69.0,safe,Average
Joshua Thompson,74.0,55,45,73,Volunteer,8000.0,Yes,5.3,Not Placed,57.666666666666664,Need Improvement,Average
Paul Garcia,64.5,32,90,65,Sports,99105.0,No,3.7,Not Placed,62.333333333333336,safe,Average
Mark Walker,92.2,67,59,45,NCC,84832.0,Yes,5.8,Not Placed,57.0,Need Improvement,Average
Kimberly King,70.5,48,52,54,Debate,35124.0,No,4.6,Not Placed,51.333333333333336,Need Improvement,Average
Paul Anderson,77.1,53,49,60,NCC,70184.0,Yes,4.8,Not Placed,54.0,Need Improvement,Average
John Thompson,91.6,46,52,70,Debate,91625.0,Yes,3.2,Not Placed,56.0,Need Improvement,Average
Nicholas Gonzalez,86.1,74,80,75,Volunteer,52901.0,No,7.4,Placed,76.33333333333333,safe,Good
Richard Scott,84.8,91,100,100,Sports,57395.0,Yes,10.0,Placed,97.0,safe,Excellent
Amy Williams,86.5,55,69,67,Sports,99946.0,No,5.5,Placed,63.666666666666664,safe,Average
Karen Jackson,96.6,60,62,71,NCC,89295.0,Yes,4.3,Placed,64.33333333333333,safe,Average
Anthony Harris,80.9,83,81,79,Debate,46069.0,No,7.6,Placed,81.0,safe,Good
Lisa Nguyen,93.9,74,79,82,Music,92019.0,No,7.4,Placed,78.33333333333333,safe,Good
Michelle Miller,70.8,48,62,56,Sports,56167.0,Yes,3.2,Placed,55.333333333333336,Need Improvement,Average
Nancy Thomas,81.3,96,100,100,Volunteer,24964.0,No,9.6,Placed,98.66666666666667,safe,Excellent
Melissa Moore,93.6,84,85,100,Sports,142193.0,Yes,8.3,Placed,89.66666666666667,safe,Excellent
James Robinson,63.9,68,61,100,NCC,54379.0,No,8.2,Placed,76.33333333333333,safe,Good
Andrew Allen,86.8,70,80,96,Sports,50593.0,Yes,7.1,Placed,82.0,safe,Good
Ryan Allen,65.5,55,57,84,NCC,80926.0,No,5.9,Not Placed,65.33333333333333,safe,Average
Elizabeth Robinson,78.1,52,70,84,Sports,23682.0,No,6.7,Placed,68.66666666666667,safe,Average
Linda Ramirez,73.6,47,65,59,Music,48021.0,Yes,4.9,Placed,57.0,Need Improvement,Average
Jacob Lopez,69.0,62,73,82,NCC,32290.0,Yes,4.1,Placed,72.33333333333333,safe,Good
Sarah Robinson,86.6,83,90,93,Sports,64702.0,No,8.4,Placed,88.66666666666667,safe,Excellent
Ryan Johnson,69.8,72,81,97,Sports,54358.0,Yes,7.4,Placed,83.33333333333333,safe,Good
Gary Taylor,83.2,73,82,78,NCC,49538.0,Yes,6.6,Placed,77.66666666666667,safe,Good
Nicholas Miller,87.3,60,90,69,Volunteer,100736.0,Yes,5.2,Not Placed,73.0,safe,Good
Andrew Sanchez,67.6,71,62,81,Debate,29755.0,No,6.0,Placed,71.33333333333333,safe,Good
Joshua Martin,58.0,53,60,67,Debate,124197.0,Yes,6.0,Placed,60.0,safe,Average
Cynthia Moore,77.6,64,89,94,NCC,87086.0,Yes,6.3,Placed,82.33333333333333,safe,Good
Nancy Scott,66.7,65,82,93,Debate,113764.0,Yes,7.3,Placed,80.0,safe,Good
Jason Torres,79.1,60,65,92,Sports,99470.0,No,8.1,Placed,72.33333333333333,safe,Good
Cynthia Garcia,75.3,51,56,52,NCC,27794.0,Yes,2.3,Not Placed,53.0,Need Improvement,Average
William Allen,87.8,72,64,81,Volunteer,116650.0,Yes,5.1,Placed,72.33333333333333,safe,Good
Emma Thompson,92.3,92,96,91,Music,109572.0,Yes,7.2,Placed,93.0,safe,Excellent
Melissa Clark,74.8,68,68,74,Debate,57536.0,Yes,5.8,Placed,70.0,safe,Good
Lisa Hill,74.3,37,34,52,Sports,31561.0,Yes,4.6,Not Placed,41.0,Need Improvement,Poor
Richard Clark,91.7,34,54,65,Music,76669.0,No,4.7,Not Placed,51.0,Need Improvement,Average
Michelle Perez,64.9,75,75,95,Sports,86298.0,No,7.1,Placed,81.66666666666667,safe,Good
David Martinez,79.9,51,67,67,Debate,95539.0,Yes,4.8,Placed,61.666666666666664,safe,Average
Daniel Gonzalez,75.9,51,57,77,Music,78604.0,Yes,5.6,Not Placed,61.666666666666664,safe,Average
Cynthia Miller,75.8,46,57,54,Volunteer,80412.0,Yes,4.8,Not Placed,52.333333333333336,Need Improvement,Average
Kevin Walker,100.0,92,98,100,Sports,84822.0,No,9.2,Placed,96.66666666666667,safe,Excellent
Sandra Scott,100.0,69,83,59,Volunteer,19260.0,Yes,5.3,Placed,70.33333333333333,safe,Good
Linda Harris,81.8,77,89,99,Debate,68226.0,Yes,7.3,Placed,88.33333333333333,safe,Excellent
Richard Lewis,81.0,88,88,100,Sports,64003.0,Yes,9.9,Placed,92.0,safe,Excellent
Gary Wright,80.7,36,44,64,Debate,52216.0,Yes,4.6,Not Placed,48.0,Need Improvement,Poor
Robert Young,85.6,54,59,51,Volunteer,63124.0,Yes,3.4,Not Placed,54.666666666666664,Need Improvement,Average
Donna Hernandez,69.3,59,51,77,Sports,74662.0,Yes,6.8,Not Placed,62.333333333333336,safe,Average
Joseph Robinson,95.1,53,69,68,NCC,48098.0,No,5.8,Placed,63.333333333333336,safe,Average
Jason Sanchez,74.8,47,70,74,Music,44589.0,Yes,4.4,Placed,63.666666666666664,safe,Average
Laura Anderson,72.3,53,65,43,Volunteer,61339.0,No,2.5,Placed,53.666666666666664,Need Improvement,Average
Edward Allen,78.0,87,88,100,Sports,45453.0,Yes,8.1,Placed,91.66666666666667,safe,Excellent
Elizabeth Taylor,74.7,78,78,100,Music,28719.0,Yes,9.5,Placed,85.33333333333333,safe,Excellent
Susan Miller,75.3,64,74,62,NCC,70381.0,No,5.7,Placed,66.66666666666667,safe,Average
Donna Brown,82.6,39,62,67,Sports,64702.0,No,4.0,Placed,56.0,Need Improvement,Average
Jason Scott,81.0,54,49,72,Sports,89875.0,No,5.4,Not Placed,58.333333333333336,Need Improvement,Average
Steven Thompson,86.0,89,93,97,Sports,50971.0,Yes,6.7,Placed,93.0,safe,Excellent
Jennifer White,84.2,57,76,56,NCC,90224.0,No,3.7,Placed,63.0,safe,Average
Stephanie Nguyen,67.4,32,43,53,NCC,64702.0,Yes,1.8,Not Placed,42.666666666666664,Need Improvement,Poor
John Hernandez,98.2,49,38,51,Music,64702.0,Yes,2.6,Not Placed,46.0,Need Improvement,Poor
Amy Thompson,66.0,45,65,79,Music,46954.0,Yes,4.7,Placed,63.0,safe,Average
Melissa Wilson,74.5,39,57,63,Sports,54291.0,No,4.2,Not Placed,53.0,Need Improvement,Average
Patricia Smith,75.1,100,98,100,Sports,69948.0,Yes,9.7,Placed,99.33333333333333,safe,Excellent
Stephanie Nguyen,88.1,73,71,44,Sports,8000.0,Yes,3.7,Placed,62.666666666666664,safe,Average
Gary Perez,68.8,49,65,53,Music,67299.0,No,4.0,Placed,55.666666666666664,Need Improvement,Average
Rebecca Nguyen,88.5,100,100,100,Sports,67845.0,Yes,10.0,Placed,100.0,safe,Excellent
Robert Rodriguez,76.6,48,70,67,Volunteer,91505.0,Yes,3.6,Not Placed,61.666666666666664,safe,Average
Nicholas Lee,85.8,61,69,67,Sports,44612.0,Yes,5.9,Placed,65.66666666666667,safe,Average
Joseph Scott,74.1,51,65,78,Music,86886.0,No,5.2,Placed,64.66666666666667,safe,Average
Sarah Thompson,81.4,66,83,92,Music,48691.0,No,8.0,Placed,80.33333333333333,safe,Good
Stephanie Robinson,74.3,85,81,100,Music,114850.0,Yes,8.3,Placed,88.66666666666667,safe,Excellent
Amy Walker,96.0,57,65,52,Debate,49055.0,No,3.5,Placed,58.0,Need Improvement,Average
Nicholas Wright,63.2,71,83,95,Music,31453.0,Yes,8.4,Placed,83.0,safe,Good
Lisa Rodriguez,87.3,48,49,54,Sports,55014.0,No,4.7,Not Placed,50.333333333333336,Need Improvement,Average
Emma Garcia,82.9,41,44,49,Volunteer,24127.0,No,4.2,Not Placed,44.666666666666664,Need Improvement,Poor
Brian Flores,82.7,38,68,69,Music,55859.0,Yes,3.9,Placed,58.333333333333336,Need Improvement,Average
Kenneth Walker,94.0,81,61,37,Sports,61427.0,No,3.5,Placed,59.666666666666664,Need Improvement,Average
Kevin Walker,73.4,69,76,75,Music,64702.0,Yes,6.2,Placed,73.33333333333333,safe,Good
Brian King,67.8,57,54,25,Debate,27413.0,Yes,3.0,Not Placed,45.333333333333336,Need Improvement,Poor
Lisa Scott,83.4,70,82,75,Volunteer,47149.0,Yes,6.1,Placed,75.66666666666667,safe,Good
Angela Nguyen,93.7,76,85,74,Sports,51222.0,Yes,6.3,Placed,78.33333333333333,safe,Good
Sandra Smith,63.8,77,78,93,Volunteer,52248.0,No,10.0,Placed,82.66666666666667,safe,Good
Lisa Clark,79.4,90,100,100,Debate,36184.0,No,9.9,Placed,96.66666666666667,safe,Excellent
Ryan Martinez,74.0,46,51,50,NCC,43150.0,Yes,3.5,Not Placed,49.0,Need Improvement,Poor
Richard Johnson,86.9,50,65,41,Music,76211.0,Yes,2.6,Placed,52.0,Need Improvement,Average
Paul Perez,85.1,100,87,100,Music,64702.0,Yes,9.1,Placed,95.66666666666667,safe,Excellent
Mary Martinez,80.0,62,65,62,Music,24280.0,Yes,5.0,Placed,63.0,safe,Average
Angela Scott,80.0,65,87,81,NCC,79527.0,Yes,5.7,Placed,77.66666666666667,safe,Good
Sharon Brown,78.7,52,90,67,Volunteer,58086.0,Yes,4.3,Placed,69.66666666666667,safe,Average
Michelle Moore,64.8,44,43,78,Music,67589.0,No,4.8,Not Placed,55.0,Need Improvement,Average
Edward Davis,65.1,46,61,93,Volunteer,114386.0,No,5.9,Placed,66.66666666666667,safe,Average
Mark Williams,54.2,73,85,100,Sports,52213.0,No,10.0,Placed,86.0,safe,Excellent
Karen Nguyen,81.8,75,82,100,Sports,45160.0,No,8.2,Placed,85.66666666666667,safe,Excellent
Betty Clark,71.9,57,70,67,Sports,64702.0,No,3.5,Placed,64.66666666666667,safe,Average
Melissa Walker,73.4,54,39,55,Sports,46750.0,Yes,3.6,Not Placed,49.333333333333336,Need Improvement,Poor
Richard Flores,80.0,59,59,66,Sports,107458.0,No,4.7,Not Placed,61.333333333333336,safe,Average
Sandra Young,78.1,43,44,41,Music,10225.0,Yes,4.3,Not Placed,42.666666666666664,Need Improvement,Poor
James Flores,85.4,37,53,57,NCC,97877.0,No,3.5,Not Placed,49.0,Need Improvement,Poor
Emma Jones,74.5,56,56,59,Music,46441.0,Yes,3.7,Not Placed,57.0,Need Improvement,Average
Melissa Sanchez,89.4,45,63,71,Music,77967.0,Yes,3.3,Placed,59.666666666666664,Need Improvement,Average
Gary Nguyen,77.2,59,60,60,Sports,16722.0,Yes,5.1,Placed,59.666666666666664,Need Improvement,Average
Sarah Ramirez,80.8,46,70,61,NCC,64702.0,Yes,4.9,Placed,59.0,Need Improvement,Average
Sandra Flores,70.0,85,91,88,Debate,41303.0,No,7.8,Placed,88.0,safe,Excellent
Ryan Lewis,74.2,63,79,90,Volunteer,74970.0,No,6.4,Placed,77.33333333333333,safe,Good
Sharon White,75.2,70,79,78,Volunteer,36945.0,Yes,5.2,Placed,75.66666666666667,safe,Good
Steven Taylor,81.2,47,60,79,Debate,8000.0,Yes,5.7,Placed,62.0,safe,Average
Mary King,58.6,48,70,57,Debate,64267.0,Yes,4.7,Not Placed,58.333333333333336,Need Improvement,Average
Jacob Wilson,79.1,67,75,82,NCC,8000.0,Yes,5.7,Placed,74.66666666666667,safe,Good
Steven Smith,73.9,54,69,65,Debate,85256.0,Yes,4.4,Placed,62.666666666666664,safe,Average
Melissa Wilson,99.7,85,89,72,Volunteer,44261.0,Yes,6.2,Placed,82.0,safe,Good
Angela Allen,86.3,68,0,74,NCC,106448.0,Yes,6.5,Placed,47.333333333333336,Need Improvement,Poor
Thomas Robinson,84.5,65,66,70,NCC,53229.0,No,5.3,Placed,67.0,safe,Average
Kevin Moore,72.5,87,88,100,Debate,54247.0,Yes,8.6,Placed,91.66666666666667,safe,Excellent
Jessica Thomas,100.0,36,59,53,Debate,45841.0,Yes,2.3,Not Placed,49.333333333333336,Need Improvement,Poor
Karen Sanchez,72.3,68,62,49,Debate,36133.0,Yes,4.6,Placed,59.666666666666664,Need Improvement,Average
Emily White,77.6,41,45,23,Debate,67209.0,No,1.6,Not Placed,36.333333333333336,At risk,Poor
Gary Lopez,73.0,66,65,76,Volunteer,60623.0,Yes,6.6,Placed,69.0,safe,Average
Ronald Anderson,64.4,71,70,100,Debate,57366.0,Yes,9.5,Placed,80.33333333333333,safe,Good
Angela Davis,83.9,46,63,56,Music,30555.0,Yes,3.2,Placed,55.0,Need Improvement,Average
Kenneth Gonzalez,79.5,68,80,92,Sports,52370.0,No,7.9,Placed,80.0,safe,Good
Amy Johnson,88.2,73,78,77,Debate,56723.0,Yes,5.8,Placed,76.0,safe,Good
Donna Wilson,99.8,52,58,26,Sports,118503.0,Yes,1.4,Not Placed,45.333333333333336,Need Improvement,Poor
Patricia Garcia,74.2,52,49,42,Sports,82634.0,Yes,4.6,Not Placed,47.666666666666664,Need Improvement,Poor
Patricia White,96.2,63,78,84,Sports,78318.0,No,6.5,Placed,75.0,safe,Good
Donna Jackson,92.2,42,44,47,NCC,64295.0,No,5.1,Not Placed,44.333333333333336,Need Improvement,Poor
William Martinez,63.7,48,52,74,NCC,103417.0,No,5.1,Not Placed,58.0,Need Improvement,Average
Joseph Walker,79.2,66,78,92,Sports,46717.0,Yes,7.0,Placed,78.66666666666667,safe,Good
George Allen,93.9,57,55,59,Sports,53419.0,No,5.1,Not Placed,57.0,Need Improvement,Average
Stephanie Torres,79.9,20,29,32,Music,76619.0,No,1.0,Not Placed,27.0,At risk,Poor
Sandra Lopez,72.6,71,78,69,Volunteer,79228.0,Yes,5.4,Placed,72.66666666666667,safe,Good
Patricia Torres,80.0,59,85,82,NCC,106570.0,Yes,5.1,Placed,75.33333333333333,safe,Good
Thomas Taylor,80.0,58,84,90,Sports,64631.0,Yes,5.1,Placed,77.33333333333333,safe,Good
Laura Martin,87.5,38,51,32,Debate,97276.0,Yes,1.4,Not Placed,40.333333333333336,Need Improvement,Poor
Mark Martin,95.0,69,93,100,Music,53160.0,Yes,8.6,Placed,87.33333333333333,safe,Excellent
Angela Martin,74.5,59,70,68,Debate,64702.0,Yes,6.3,Placed,65.66666666666667,safe,Average
Betty Rodriguez,92.4,59,53,94,Music,37287.0,No,5.6,Not Placed,68.66666666666667,safe,Average
Ronald Harris,66.5,44,46,45,Sports,63256.0,Yes,2.7,Not Placed,45.0,Need Improvement,Poor
Karen White,89.6,75,68,89,Sports,66177.0,Yes,7.5,Placed,77.33333333333333,safe,Good
Daniel Johnson,78.0,68,75,78,Music,34203.0,Yes,5.5,Placed,73.66666666666667,safe,Good
Elizabeth Jones,80.0,42,45,58,NCC,42402.0,No,4.1,Not Placed,48.333333333333336,Need Improvement,Poor
Michael Ramirez,77.8,53,57,54,Music,21454.0,Yes,5.2,Not Placed,54.666666666666664,Need Improvement,Average
Anthony Jones,97.0,53,66,60,Sports,57033.0,Yes,4.8,Placed,59.666666666666664,Need Improvement,Average
Karen King,69.6,65,69,60,Sports,37369.0,Yes,6.7,Placed,64.66666666666667,safe,Average
Joshua Johnson,75.1,67,92,100,Volunteer,64702.0,Yes,6.5,Placed,86.33333333333333,safe,Excellent
Michelle Scott,82.6,43,80,52,Debate,109873.0,Yes,3.9,Not Placed,58.333333333333336,Need Improvement,Average
Thomas Sanchez,78.2,66,90,87,NCC,75080.0,No,5.1,Placed,81.0,safe,Good
Mark Miller,80.0,41,49,47,Sports,52030.0,Yes,2.1,Not Placed,45.666666666666664,Need Improvement,Poor
Jennifer Walker,69.8,49,70,75,Volunteer,37850.0,Yes,4.3,Placed,64.66666666666667,safe,Average
Kimberly Moore,79.1,70,88,81,Sports,44014.0,No,6.3,Placed,79.66666666666667,safe,Good
Nancy Sanchez,67.1,57,61,60,Music,92910.0,Yes,5.7,Placed,59.333333333333336,Need Improvement,Average
George Davis,100.0,67,61,29,NCC,46157.0,Yes,1.0,Placed,52.333333333333336,Need Improvement,Average
Susan Rodriguez,96.9,70,74,99,Sports,54908.0,No,6.9,Placed,81.0,safe,Good
Jacob Perez,72.1,48,55,65,Debate,55755.0,Yes,5.2,Not Placed,56.0,Need Improvement,Average
Cynthia Wright,71.1,50,88,90,NCC,38216.0,Yes,5.9,Placed,76.0,safe,Good
Jessica Ramirez,84.8,80,90,82,Sports,65251.0,No,7.0,Placed,84.0,safe,Good
Jennifer Thomas,86.8,66,64,62,NCC,28384.0,Yes,2.7,Placed,64.0,safe,Average
Rebecca Wilson,79.2,72,79,100,NCC,123718.0,Yes,6.6,Placed,83.66666666666667,safe,Good
Sarah Thompson,92.4,38,54,46,Debate,29169.0,Yes,2.9,Not Placed,46.0,Need Improvement,Poor
Steven Sanchez,77.8,78,78,54,Sports,36242.0,Yes,5.2,Placed,70.0,safe,Good
Kenneth Brown,81.7,70,75,96,Music,87293.0,No,7.9,Placed,80.33333333333333,safe,Good
Sandra Williams,80.3,35,80,70,NCC,77481.0,No,4.4,Not Placed,61.666666666666664,safe,Average
Stephanie Wright,51.2,80,66,84,Debate,65450.0,Yes,5.6,Placed,76.66666666666667,safe,Good
Carol Robinson,83.7,52,60,82,Music,72177.0,Yes,4.8,Placed,64.66666666666667,safe,Average
Joseph Martinez,70.9,58,65,66,Debate,33358.0,Yes,4.6,Placed,63.0,safe,Average
Michelle Martin,96.8,84,83,100,Music,69664.0,Yes,8.5,Placed,89.0,safe,Excellent
Jason Robinson,85.2,71,79,81,Music,74747.0,Yes,6.8,Placed,77.0,safe,Good
Gary Martin,83.2,59,76,100,Sports,86019.0,Yes,6.7,Placed,78.33333333333333,safe,Good
Amanda Martinez,76.3,59,61,66,Sports,90574.0,Yes,6.4,Placed,62.0,safe,Average
Nicholas Gonzalez,73.9,31,56,77,Volunteer,37265.0,No,4.4,Not Placed,54.666666666666664,Need Improvement,Average
Andrew White,72.8,58,66,59,Music,62655.0,Yes,4.9,Placed,61.0,safe,Average
Betty Martinez,72.2,50,60,53,Music,79172.0,Yes,4.3,Placed,54.333333333333336,Need Improvement,Average
Betty Jones,85.4,58,55,57,Sports,90123.0,Yes,3.6,Not Placed,56.666666666666664,Need Improvement,Average
Sandra Scott,81.0,56,70,88,Music,64702.0,No,5.1,Placed,71.33333333333333,safe,Good
Nancy Nguyen,70.3,66,70,87,Volunteer,14022.0,Yes,5.7,Placed,74.33333333333333,safe,Good
Patricia Martin,77.5,52,77,84,Sports,79149.0,Yes,6.3,Placed,71.0,safe,Good
Richard Hill,100.0,66,79,91,Sports,59839.0,Yes,6.6,Placed,78.66666666666667,safe,Good
Charles Smith,80.1,63,59,44,Sports,88058.0,Yes,3.5,Not Placed,55.333333333333336,Need Improvement,Average
Joshua Williams,78.7,50,70,80,Sports,10158.0,Yes,6.9,Placed,66.66666666666667,safe,Average
Gary Miller,84.0,73,78,68,Sports,83179.0,Yes,6.5,Placed,73.0,safe,Good
Carol Perez,100.0,61,69,75,Sports,85192.0,Yes,5.8,Placed,68.33333333333333,safe,Average
Andrew Lee,86.4,63,67,74,Sports,111535.0,No,5.5,Placed,68.0,safe,Average
Kenneth King,80.6,69,77,81,Volunteer,98550.0,No,6.7,Placed,75.66666666666667,safe,Good
Charles Nguyen,85.1,45,53,59,Music,44056.0,No,3.1,Not Placed,52.333333333333336,Need Improvement,Average
Sarah Hill,90.8,47,66,46,Volunteer,114652.0,Yes,3.8,Placed,53.0,Need Improvement,Average
Stephanie Rodriguez,80.3,76,69,100,Music,81275.0,Yes,8.1,Placed,81.66666666666667,safe,Good
Kimberly Young,89.1,69,82,88,Music,99982.0,Yes,8.0,Placed,79.66666666666667,safe,Good
Ryan Ramirez,85.3,44,47,20,Debate,53167.0,No,2.1,Not Placed,37.0,At risk,Poor
Richard Torres,64.4,52,57,77,Debate,9587.0,Yes,5.6,Not Placed,62.0,safe,Average
Carol Moore,80.0,42,56,62,Music,78938.0,Yes,3.2,Not Placed,53.333333333333336,Need Improvement,Average
Cynthia Lee,90.8,60,63,63,Music,68501.0,Yes,4.4,Placed,62.0,safe,Average
Rebecca Brown,67.6,70,57,94,Volunteer,70858.0,No,7.8,Not Placed,73.66666666666667,safe,Good
Michael Young,93.0,71,86,75,Debate,45423.0,Yes,5.6,Placed,77.33333333333333,safe,Good
Lisa Thompson,100.0,75,76,76,Sports,70345.0,Yes,6.4,Placed,75.66666666666667,safe,Good
Sandra Garcia,76.9,86,83,100,Sports,88910.0,Yes,8.3,Placed,89.66666666666667,safe,Excellent
Joshua Thompson,71.2,63,61,67,Volunteer,62279.0,Yes,5.4,Placed,63.666666666666664,safe,Average
Carol Allen,86.3,90,96,97,NCC,32048.0,Yes,7.5,Placed,94.33333333333333,safe,Excellent
Stephanie Robinson,58.6,62,65,49,Volunteer,54502.0,Yes,4.1,Placed,58.666666666666664,Need Improvement,Average
Stephanie Young,67.6,71,53,55,Sports,50409.0,Yes,4.9,Not Placed,59.666666666666664,Need Improvement,Average
Laura Garcia,97.8,60,53,68,Sports,64702.0,Yes,6.0,Not Placed,60.333333333333336,safe,Average
Michelle Wilson,93.2,65,75,67,Debate,64702.0,Yes,3.4,Placed,69.0,safe,Average
William King,81.3,88,94,100,NCC,87334.0,Yes,9.3,Placed,94.0,safe,Excellent
Amy King,64.8,81,86,91,Sports,58072.0,Yes,8.4,Placed,86.0,safe,Excellent
Paul Allen,86.4,31,38,42,Sports,25782.0,No,2.6,Not Placed,37.0,At risk,Poor
Michelle Harris,68.0,51,67,89,Music,72073.0,Yes,6.6,Placed,69.0,safe,Average
Edward Clark,92.0,54,52,56,NCC,132332.0,No,4.2,Not Placed,54.0,Need Improvement,Average
Edward Hernandez,83.0,43,69,66,Sports,71213.0,No,4.6,Placed,59.333333333333336,Need Improvement,Average
Jason Davis,71.6,75,75,74,Music,86393.0,Yes,5.2,Placed,74.66666666666667,safe,Good
Michael Hill,89.9,76,68,99,Sports,76733.0,Yes,8.0,Placed,81.0,safe,Good
George Martin,59.8,55,53,63,Debate,19826.0,Yes,3.6,Not Placed,57.0,Need Improvement,Average
Brian Harris,58.6,24,52,52,Volunteer,94061.0,No,4.1,Not Placed,42.666666666666664,Need Improvement,Poor
Lisa Rodriguez,72.0,55,74,100,Debate,58579.0,Yes,7.0,Placed,76.33333333333333,safe,Good
Elizabeth Young,72.2,44,62,53,Debate,32565.0,Yes,2.2,Placed,53.0,Need Improvement,Average
Emma Lopez,82.4,52,57,72,Sports,73713.0,Yes,4.3,Not Placed,60.333333333333336,safe,Average
Amy Harris,80.1,84,91,100,Volunteer,67755.0,No,7.3,Placed,91.66666666666667,safe,Excellent
Sharon Williams,91.6,60,86,72,NCC,79332.0,Yes,5.3,Placed,72.66666666666667,safe,Good
David Hernandez,82.6,37,53,43,NCC,23998.0,Yes,2.8,Not Placed,44.333333333333336,Need Improvement,Poor
Rebecca Thomas,91.4,65,71,87,Music,83334.0,Yes,5.5,Placed,74.33333333333333,safe,Good
Donna King,69.0,69,78,74,Debate,17388.0,Yes,6.6,Placed,73.66666666666667,safe,Good
Rebecca Davis,83.3,64,75,100,Sports,28295.0,No,7.3,Placed,79.66666666666667,safe,Good
Patricia Jackson,70.0,54,59,58,Volunteer,114429.0,Yes,3.6,Not Placed,57.0,Need Improvement,Average
William Williams,56.2,42,48,59,Debate,106354.0,No,3.1,Not Placed,49.666666666666664,Need Improvement,Poor
Ryan Flores,64.2,37,46,46,Sports,86177.0,No,3.0,Not Placed,43.0,Need Improvement,Poor
Joshua Walker,94.7,61,57,41,Sports,88389.0,Yes,2.1,Not Placed,53.0,Need Improvement,Average
Joshua Torres,80.8,45,62,54,Sports,51974.0,No,4.1,Placed,53.666666666666664,Need Improvement,Average
Brian Martin,86.1,60,74,79,Debate,32087.0,Yes,3.6,Placed,71.0,safe,Good
Rebecca Garcia,87.9,51,51,67,Sports,39933.0,No,3.7,Not Placed,56.333333333333336,Need Improvement,Average
Patricia Smith,77.3,64,66,82,NCC,8000.0,Yes,6.4,Placed,70.66666666666667,safe,Good
Melissa Scott,81.8,51,80,54,Music,72915.0,Yes,4.6,Not Placed,61.666666666666664,safe,Average
Mary White,74.8,53,44,45,Debate,74746.0,Yes,3.2,Not Placed,47.333333333333336,Need Improvement,Poor
Ryan Garcia,87.2,54,60,92,Sports,57126.0,No,7.1,Placed,68.66666666666667,safe,Average
Ashley Torres,81.7,65,69,62,Sports,47509.0,Yes,3.6,Placed,65.33333333333333,safe,Average
Richard Williams,61.5,42,38,49,Music,67823.0,Yes,3.3,Not Placed,43.0,Need Improvement,Poor
Brian Davis,83.2,47,58,67,NCC,76535.0,No,2.9,Not Placed,57.333333333333336,Need Improvement,Average
Daniel Lee,67.9,43,57,72,Sports,94356.0,No,4.3,Not Placed,57.333333333333336,Need Improvement,Average
Laura Young,80.0,58,76,78,Sports,111237.0,Yes,5.5,Placed,70.66666666666667,safe,Good
Linda Jones,73.5,35,46,46,Debate,96826.0,Yes,2.0,Not Placed,42.333333333333336,Need Improvement,Poor
Elizabeth Thompson,76.2,71,70,69,Debate,93633.0,Yes,4.3,Placed,70.0,safe,Good
Sandra White,68.8,19,46,92,Sports,34628.0,Yes,4.0,Not Placed,52.333333333333336,Need Improvement,Average
Anthony Allen,100.0,54,69,75,NCC,93190.0,Yes,4.3,Placed,66.0,safe,Average
Rebecca Harris,80.7,50,49,54,Volunteer,51626.0,No,4.4,Not Placed,51.0,Need Improvement,Average
Nancy Harris,86.8,48,72,67,Volunteer,101520.0,Yes,5.9,Placed,62.333333333333336,safe,Average
William Clark,79.5,42,55,52,Sports,77183.0,No,4.0,Not Placed,49.666666666666664,Need Improvement,Poor
Carol Jones,79.6,53,45,37,Sports,58427.0,Yes,2.8,Not Placed,45.0,Need Improvement,Poor
Donna Smith,61.7,80,80,73,Sports,66776.0,No,7.2,Placed,77.66666666666667,safe,Good
Rebecca Nguyen,85.5,52,52,49,NCC,70660.0,Yes,3.0,Not Placed,51.0,Need Improvement,Average
Betty Wright,73.1,59,64,88,Music,114917.0,No,6.5,Placed,70.33333333333333,safe,Good
Rebecca Anderson,75.0,51,71,99,NCC,62309.0,Yes,7.1,Placed,73.66666666666667,safe,Good
Mark Johnson,83.9,55,69,69,Sports,71491.0,No,5.9,Placed,64.33333333333333,safe,Average
Anthony Sanchez,90.1,67,87,97,NCC,59165.0,Yes,7.3,Placed,83.66666666666667,safe,Good
Melissa Thompson,83.5,55,70,73,NCC,64702.0,Yes,3.8,Placed,66.0,safe,Average
Elizabeth Scott,75.5,61,68,79,Volunteer,60426.0,No,5.5,Placed,69.33333333333333,safe,Average
David Hill,80.0,44,29,31,Sports,116878.0,Yes,3.4,Not Placed,34.666666666666664,At risk,Poor
Steven Nguyen,70.9,84,82,84,Volunteer,57616.0,Yes,6.8,Placed,83.33333333333333,safe,Good
Mary Ramirez,46.0,47,52,91,Debate,35365.0,Yes,7.4,Not Placed,63.333333333333336,safe,Average
William Torres,91.4,53,74,61,NCC,97661.0,Yes,3.4,Placed,62.666666666666664,safe,Average
Lisa Ramirez,56.6,60,65,71,Sports,64195.0,Yes,4.7,Placed,65.33333333333333,safe,Average
Steven Miller,73.6,86,92,100,Sports,41460.0,Yes,9.2,Placed,92.66666666666667,safe,Excellent
Richard Lopez,87.7,80,0,85,Sports,64702.0,Yes,6.1,Placed,55.0,Need Improvement,Average
Jennifer Thomas,87.5,60,96,100,Sports,52223.0,No,7.9,Placed,85.33333333333333,safe,Excellent
Ryan Lopez,100.0,68,67,73,Debate,84070.0,Yes,4.2,Placed,69.33333333333333,safe,Average
Kenneth Hill,85.2,47,54,58,Sports,55961.0,No,3.2,Not Placed,53.0,Need Improvement,Average
Mary Lewis,74.1,80,70,92,Debate,65619.0,Yes,7.8,Placed,80.66666666666667,safe,Good
Gary Lopez,90.7,85,93,81,Volunteer,90032.0,Yes,5.3,Placed,86.33333333333333,safe,Excellent
Sarah Johnson,81.2,48,69,62,NCC,80338.0,No,4.1,Placed,59.666666666666664,Need Improvement,Average
Nancy Lee,76.8,63,62,60,NCC,88344.0,Yes,3.8,Placed,61.666666666666664,safe,Average
Steven Anderson,100.0,52,55,66,Volunteer,102383.0,No,4.2,Not Placed,57.666666666666664,Need Improvement,Average
Susan Harris,72.7,66,86,86,Music,103127.0,Yes,5.6,Placed,79.33333333333333,safe,Good
Susan Garcia,88.8,58,64,87,Sports,45160.0,Yes,6.0,Placed,69.66666666666667,safe,Average
Elizabeth Jackson,67.7,59,49,76,Debate,54565.0,Yes,5.8,Not Placed,61.333333333333336,safe,Average
Donna Clark,77.1,52,77,62,NCC,87111.0,Yes,4.9,Placed,63.666666666666664,safe,Average
Edward Brown,84.3,42,61,46,Sports,25769.0,No,2.1,Placed,49.666666666666664,Need Improvement,Poor
Joseph Garcia,87.4,48,56,44,Sports,64702.0,Yes,3.1,Not Placed,49.333333333333336,Need Improvement,Poor
Elizabeth Davis,96.6,69,88,100,NCC,50894.0,Yes,6.1,Placed,85.66666666666667,safe,Excellent
Sarah Walker,71.5,21,39,35,Sports,43253.0,No,1.9,Not Placed,31.666666666666668,At risk,Poor
Laura Perez,77.7,91,90,100,Sports,70016.0,No,8.0,Placed,93.66666666666667,safe,Excellent
Thomas Davis,79.1,50,58,40,Debate,95208.0,Yes,3.8,Not Placed,49.333333333333336,Need Improvement,Poor
Michelle King,77.1,57,64,86,Sports,61563.0,No,7.1,Placed,69.0,safe,Average
Rebecca Brown,72.3,50,61,73,Sports,49812.0,Yes,5.6,Placed,61.333333333333336,safe,Average
Betty Young,92.6,58,90,83,Volunteer,65782.0,Yes,6.8,Not Placed,77.0,safe,Good
Donna Flores,84.0,74,85,65,Volunteer,109153.0,No,4.8,Placed,74.66666666666667,safe,Good
Andrew Hernandez,95.1,82,82,73,Music,59710.0,No,6.1,Placed,79.0,safe,Good
Ryan Thompson,82.6,37,41,49,Volunteer,40916.0,No,3.4,Not Placed,42.333333333333336,Need Improvement,Poor
Emily Lewis,60.5,60,57,90,Music,59414.0,No,4.5,Not Placed,69.0,safe,Average
Jessica Allen,85.4,60,80,89,Sports,94093.0,Yes,4.9,Placed,76.33333333333333,safe,Good
Jessica Wright,80.7,45,68,78,Sports,58171.0,Yes,4.7,Placed,63.666666666666664,safe,Average
Emma Thomas,85.1,62,82,72,Music,53026.0,Yes,5.0,Placed,72.0,safe,Good
Cynthia Williams,75.0,25,0,65,Volunteer,59861.0,No,3.0,Not Placed,30.0,At risk,Poor
Lisa Robinson,91.0,79,84,83,Music,53213.0,No,6.7,Placed,82.0,safe,Good
Nancy Flores,78.5,69,82,100,NCC,77097.0,Yes,7.0,Placed,83.66666666666667,safe,Good
William Thomas,73.4,63,69,76,Sports,72196.0,Yes,4.8,Placed,69.33333333333333,safe,Average
Elizabeth Rodriguez,83.1,76,70,75,Music,49809.0,Yes,6.7,Placed,73.66666666666667,safe,Good
Sandra Gonzalez,73.7,46,52,85,Debate,76674.0,Yes,6.0,Not Placed,61.0,safe,Average
Robert Gonzalez,73.4,71,0,76,Debate,75603.0,No,6.8,Placed,49.0,Need Improvement,Poor
Melissa Harris,85.4,72,77,98,Volunteer,66467.0,Yes,6.8,Placed,82.33333333333333,safe,Good
Sandra Walker,80.0,63,80,84,NCC,88098.0,No,6.5,Placed,75.66666666666667,safe,Good
Lisa Ramirez,77.0,57,79,83,Debate,72162.0,No,5.7,Placed,73.0,safe,Good
Jennifer Torres,81.0,54,56,39,NCC,98163.0,Yes,2.6,Not Placed,49.666666666666664,Need Improvement,Poor
Emma White,80.9,95,95,100,NCC,51539.0,Yes,9.8,Placed,96.66666666666667,safe,Excellent
Michael Martinez,84.5,38,56,79,Music,115380.0,No,4.9,Not Placed,57.666666666666664,Need Improvement,Average
Melissa Perez,69.4,41,45,52,Debate,47929.0,No,3.2,Not Placed,46.0,Need Improvement,Poor
Deborah Johnson,77.7,34,46,58,Volunteer,35906.0,Yes,3.9,Not Placed,46.0,Need Improvement,Poor
Richard Martin,77.9,70,69,64,Volunteer,58159.0,Yes,5.4,Placed,67.66666666666667,safe,Average
Gary Ramirez,93.5,41,40,41,Debate,37910.0,Yes,1.7,Not Placed,40.666666666666664,Need Improvement,Poor
John Lewis,79.2,76,88,100,Debate,82988.0,Yes,7.9,Placed,88.0,safe,Excellent
Sharon Flores,77.6,69,73,55,Sports,102746.0,Yes,6.5,Placed,65.66666666666667,safe,Average
David Hernandez,78.0,53,65,100,Volunteer,76306.0,Yes,7.0,Placed,72.66666666666667,safe,Good
Thomas Rodriguez,73.0,77,65,66,Debate,58184.0,Yes,5.7,Placed,69.33333333333333,safe,Average
Ashley Young,89.9,52,53,82,Music,67970.0,Yes,3.8,Not Placed,62.333333333333336,safe,Average
Betty Rodriguez,71.1,22,29,44,Volunteer,32824.0,Yes,3.8,Not Placed,31.666666666666668,At risk,Poor
George Jackson,52.6,36,44,68,Music,79485.0,Yes,5.4,Not Placed,49.333333333333336,Need Improvement,Poor
Emma Smith,75.4,61,64,71,Volunteer,97290.0,Yes,6.0,Placed,65.33333333333333,safe,Average
Cynthia Sanchez,61.9,63,55,80,NCC,64702.0,Yes,6.5,Not Placed,66.0,safe,Average
Edward Allen,80.0,44,54,81,Volunteer,60309.0,Yes,5.1,Not Placed,59.666666666666664,Need Improvement,Average
Joseph Hernandez,100.0,88,90,69,Music,15450.0,Yes,7.0,Placed,82.33333333333333,safe,Good
Jacob Rodriguez,56.2,51,71,78,Music,38057.0,No,7.0,Placed,66.66666666666667,safe,Average
Ashley Nguyen,92.4,60,74,86,Sports,57289.0,Yes,5.2,Placed,73.33333333333333,safe,Good
Kenneth Flores,92.7,69,86,70,Sports,96507.0,Yes,6.1,Placed,75.0,safe,Good
Michael Moore,87.9,45,41,33,Sports,49880.0,No,2.5,Not Placed,39.666666666666664,At risk,Poor
Thomas Lopez,91.3,69,71,76,Volunteer,64384.0,Yes,5.4,Placed,72.0,safe,Good
Kimberly Moore,79.8,67,71,89,Debate,52046.0,Yes,8.3,Placed,75.66666666666667,safe,Good
Kenneth Robinson,62.7,60,61,73,Sports,46363.0,Yes,5.3,Placed,64.66666666666667,safe,Average
Brian Gonzalez,85.2,69,69,72,Volunteer,48380.0,Yes,4.6,Placed,70.0,safe,Good
Michael Anderson,85.2,63,75,86,Debate,42920.0,Yes,6.1,Placed,74.66666666666667,safe,Good
Ronald Flores,80.0,52,50,52,Volunteer,53300.0,Yes,5.0,Not Placed,51.333333333333336,Need Improvement,Average
Daniel Flores,61.1,51,59,83,Debate,72475.0,Yes,5.5,Not Placed,64.33333333333333,safe,Average
Paul Brown,73.9,59,74,100,Sports,123997.0,Yes,6.6,Placed,77.66666666666667,safe,Good
Jessica Johnson,84.4,51,54,57,Sports,98702.0,Yes,4.8,Not Placed,54.0,Need Improvement,Average
Richard King,70.5,41,61,74,NCC,77985.0,Yes,5.2,Placed,58.666666666666664,Need Improvement,Average
Rebecca Martin,75.7,54,49,67,Volunteer,65059.0,Yes,3.9,Not Placed,56.666666666666664,Need Improvement,Average
Joseph King,59.7,75,86,98,Sports,90130.0,Yes,8.0,Placed,86.33333333333333,safe,Excellent
Nancy Lee,76.6,55,57,50,Sports,64702.0,Yes,2.9,Not Placed,54.0,Need Improvement,Average
Joseph Hernandez,71.5,26,0,53,Sports,47732.0,No,2.9,Not Placed,26.333333333333332,At risk,Poor
Amanda Walker,84.9,63,80,95,Debate,31718.0,Yes,6.4,Placed,79.33333333333333,safe,Good
Ronald Hernandez,77.8,78,78,71,Debate,55818.0,Yes,7.3,Placed,75.66666666666667,safe,Good
David Harris,87.0,66,0,70,Sports,62989.0,Yes,4.9,Placed,45.333333333333336,Need Improvement,Poor
Mary Thomas,90.0,48,66,86,Sports,114044.0,No,6.1,Placed,66.66666666666667,safe,Average
Sharon Taylor,87.0,78,73,100,Volunteer,79574.0,Yes,7.6,Placed,83.66666666666667,safe,Good
Donna Scott,61.7,55,73,78,Music,40364.0,No,5.6,Placed,68.66666666666667,safe,Average
Donna Wilson,76.9,61,67,77,Sports,46181.0,Yes,4.3,Placed,68.33333333333333,safe,Average
Emily Thomas,80.2,29,21,36,Sports,85767.0,No,3.4,Not Placed,28.666666666666668,At risk,Poor
Amy Walker,58.3,72,74,90,Sports,46125.0,Yes,6.3,Placed,78.66666666666667,safe,Good
Steven Clark,81.3,80,78,81,Music,101501.0,Yes,6.9,Placed,79.66666666666667,safe,Good
Stephanie Brown,65.6,65,54,69,NCC,68470.0,Yes,6.6,Not Placed,62.666666666666664,safe,Average
Brian Garcia,100.0,53,68,49,Volunteer,74358.0,Yes,2.3,Placed,56.666666666666664,Need Improvement,Average
Joshua Moore,92.1,67,85,99,Debate,70480.0,Yes,7.7,Placed,83.66666666666667,safe,Good
Emily Thomas,96.3,79,92,92,Sports,19617.0,No,7.3,Placed,87.66666666666667,safe,Excellent
Edward Lee,76.0,51,55,57,Sports,84233.0,Yes,3.6,Not Placed,54.333333333333336,Need Improvement,Average
Jessica Hernandez,81.1,70,73,88,Music,63868.0,No,8.4,Placed,77.0,safe,Good
Michelle Allen,83.7,81,69,69,Sports,19916.0,Yes,7.6,Placed,73.0,safe,Good
Kimberly King,92.3,58,52,38,Sports,65331.0,No,1.7,Not Placed,49.333333333333336,Need Improvement,Poor
Joshua Hernandez,75.7,52,80,61,Volunteer,65417.0,No,4.4,Placed,64.33333333333333,safe,Average
Nicholas Robinson,74.3,38,51,33,Sports,35457.0,No,3.2,Not Placed,40.666666666666664,Need Improvement,Poor
Daniel White,85.5,49,53,55,Debate,116752.0,Yes,1.5,Not Placed,52.333333333333336,Need Improvement,Average
Emily Wilson,51.6,50,59,62,Sports,44742.0,No,4.1,Not Placed,57.0,Need Improvement,Average
Laura Martin,77.8,75,90,89,Music,81900.0,Yes,7.4,Placed,84.66666666666667,safe,Good
Amy Jones,63.7,49,63,64,Sports,55285.0,No,6.0,Placed,58.666666666666664,Need Improvement,Average
Rebecca Scott,77.4,36,44,65,Debate,24986.0,Yes,4.3,Not Placed,48.333333333333336,Need Improvement,Poor
Kenneth Davis,75.2,86,97,100,Volunteer,101542.0,Yes,8.3,Placed,94.33333333333333,safe,Excellent
Karen Hill,88.6,59,67,36,Music,58407.0,Yes,2.3,Placed,54.0,Need Improvement,Average
Ryan Thomas,100.0,53,56,35,Sports,48893.0,No,2.0,Not Placed,48.0,Need Improvement,Poor
Brian Young,88.7,69,68,87,Music,123630.0,Yes,6.7,Placed,74.66666666666667,safe,Good
Steven Young,82.6,48,69,76,Music,80952.0,Yes,5.2,Placed,64.33333333333333,safe,Average
Charles Lee,76.8,27,30,29,NCC,98187.0,No,1.3,Not Placed,28.666666666666668,At risk,Poor
Paul Thomas,64.0,41,67,87,Music,21391.0,Yes,5.1,Placed,65.0,safe,Average
Deborah Lewis,69.1,54,60,81,Volunteer,59489.0,No,5.3,Placed,65.0,safe,Average
Betty Hernandez,73.1,46,68,74,NCC,77146.0,Yes,5.3,Placed,62.666666666666664,safe,Average
Daniel King,80.0,62,66,91,Sports,58786.0,No,7.1,Placed,73.0,safe,Good
Deborah Davis,84.9,44,55,71,NCC,37006.0,No,4.4,Not Placed,56.666666666666664,Need Improvement,Average
Kevin Martin,76.6,71,59,84,Debate,49806.0,No,5.9,Not Placed,71.33333333333333,safe,Good
Deborah Garcia,72.5,63,68,84,Debate,74170.0,No,6.0,Placed,71.66666666666667,safe,Good
Robert Anderson,80.0,76,81,79,Sports,25461.0,Yes,6.3,Placed,78.66666666666667,safe,Good
Ryan Williams,82.0,53,58,69,NCC,102625.0,No,6.6,Not Placed,60.0,safe,Average
Robert King,78.7,76,92,100,Debate,64702.0,Yes,9.8,Placed,89.33333333333333,safe,Excellent
Linda Torres,99.4,62,75,37,Sports,80305.0,Yes,1.8,Placed,58.0,Need Improvement,Average
Lisa Perez,83.0,60,78,72,Sports,97712.0,Yes,6.1,Placed,70.0,safe,Good
Richard Robinson,77.6,53,79,89,Sports,72764.0,Yes,7.3,Placed,73.66666666666667,safe,Good
Amy Rodriguez,76.2,63,66,61,Sports,68977.0,Yes,5.2,Placed,63.333333333333336,safe,Average
Amy Flores,95.3,86,86,91,Sports,72029.0,Yes,6.7,Placed,87.66666666666667,safe,Excellent
Jacob Jones,73.0,71,70,65,NCC,68860.0,No,5.6,Placed,68.66666666666667,safe,Average
William Miller,79.4,46,70,56,Volunteer,50432.0,No,4.9,Placed,57.333333333333336,Need Improvement,Average
Angela Martin,86.1,52,74,86,Sports,70793.0,No,7.2,Placed,70.66666666666667,safe,Good
James Wilson,90.8,55,51,48,NCC,41805.0,No,3.8,Not Placed,51.333333333333336,Need Improvement,Average
Carol White,93.9,72,80,84,Volunteer,68763.0,Yes,6.6,Placed,78.66666666666667,safe,Good
Linda Lee,72.2,32,54,63,Music,77373.0,No,4.9,Not Placed,49.666666666666664,Need Improvement,Poor
James Ramirez,82.3,47,56,70,Debate,107735.0,Yes,5.4,Not Placed,57.666666666666664,Need Improvement,Average
Edward Thompson,100.0,74,72,67,Sports,63512.0,No,5.0,Placed,71.0,safe,Good
Jennifer Allen,96.2,38,62,60,Debate,36788.0,No,3.6,Placed,53.333333333333336,Need Improvement,Average
Anthony Moore,71.1,34,39,44,NCC,44728.0,Yes,3.7,Not Placed,39.0,At risk,Poor
Brian Smith,94.6,81,70,64,Debate,54515.0,Yes,4.7,Placed,71.66666666666667,safe,Good
Kenneth Thomas,83.4,70,82,98,Sports,41222.0,Yes,7.6,Placed,83.33333333333333,safe,Good
Kevin Gonzalez,86.8,42,68,40,Music,72654.0,No,2.6,Placed,50.0,Need Improvement,Average
Donna Torres,72.6,60,55,55,Debate,64702.0,Yes,5.0,Not Placed,56.666666666666664,Need Improvement,Average
Thomas Rodriguez,94.2,37,42,40,Volunteer,80174.0,No,2.1,Not Placed,39.666666666666664,At risk,Poor
William Lewis,90.8,55,67,59,Music,97134.0,Yes,3.9,Placed,60.333333333333336,safe,Average
Daniel Sanchez,77.0,43,53,78,Sports,79672.0,Yes,5.2,Not Placed,58.0,Need Improvement,Average
Ashley Walker,86.0,68,72,81,Music,74049.0,Yes,5.7,Placed,73.66666666666667,safe,Good
Charles Thomas,94.0,61,71,74,Sports,48345.0,Yes,5.2,Placed,68.66666666666667,safe,Average
Edward Miller,79.2,70,61,83,NCC,56147.0,No,5.5,Placed,71.33333333333333,safe,Good
Karen Hill,80.0,51,50,52,Volunteer,18310.0,No,4.5,Not Placed,51.0,Need Improvement,Average
Carol Scott,80.2,74,71,74,NCC,74977.0,Yes,5.5,Placed,73.0,safe,Good
Rebecca Robinson,66.4,65,67,76,Sports,123694.0,Yes,6.0,Placed,69.33333333333333,safe,Average
Ashley Gonzalez,91.7,56,62,57,Sports,86539.0,Yes,3.9,Placed,58.333333333333336,Need Improvement,Average
Betty Taylor,70.7,63,79,69,NCC,91891.0,No,4.6,Placed,70.33333333333333,safe,Good
Joshua Anderson,76.5,54,73,61,Sports,50361.0,Yes,4.4,Placed,62.666666666666664,safe,Average
Donna Torres,69.1,45,54,26,NCC,72958.0,Yes,3.2,Not Placed,41.666666666666664,Need Improvement,Poor
David Sanchez,98.4,93,86,91,Sports,46082.0,Yes,7.7,Placed,90.0,safe,Excellent
Michael Torres,94.2,60,63,64,Debate,83760.0,No,3.5,Placed,62.333333333333336,safe,Average
Jennifer Thompson,67.3,76,75,100,Music,76358.0,Yes,7.5,Placed,83.66666666666667,safe,Good
Kimberly Williams,74.9,51,69,81,Music,111507.0,Yes,5.0,Placed,67.0,safe,Average
Kevin Martin,75.7,100,90,100,Volunteer,83335.0,Yes,10.0,Placed,96.66666666666667,safe,Excellent
Ronald Gonzalez,86.4,71,77,75,Sports,103331.0,Yes,5.8,Placed,74.33333333333333,safe,Good
David Anderson,71.2,67,77,94,Volunteer,76693.0,Yes,5.8,Placed,79.33333333333333,safe,Good
Kenneth Wright,89.1,57,70,79,Volunteer,53861.0,Yes,6.5,Not Placed,68.66666666666667,safe,Average
Laura Walker,82.6,65,84,65,Music,44299.0,No,3.8,Placed,71.33333333333333,safe,Good
Amy Perez,80.4,65,61,69,Sports,69650.0,Yes,5.3,Placed,65.0,safe,Average
Rebecca Thompson,97.6,62,72,68,Music,78296.0,No,4.7,Placed,67.33333333333333,safe,Average
Jason Gonzalez,73.4,79,68,74,Sports,48444.0,No,5.6,Placed,73.66666666666667,safe,Good
Linda Johnson,72.3,30,43,57,Sports,9790.0,Yes,4.6,Not Placed,43.333333333333336,Need Improvement,Poor
Michael King,70.1,72,61,79,Volunteer,16908.0,Yes,6.5,Placed,70.66666666666667,safe,Good
Emma Johnson,80.5,68,71,89,NCC,84177.0,Yes,7.5,Placed,76.0,safe,Good
Sarah Allen,87.8,64,70,81,Sports,15913.0,Yes,6.2,Placed,71.66666666666667,safe,Good
Robert Brown,100.0,69,71,63,Music,30135.0,Yes,4.1,Placed,67.66666666666667,safe,Average
Jason Lopez,69.0,43,43,51,Debate,64702.0,Yes,4.5,Not Placed,45.666666666666664,Need Improvement,Poor
Emily Lopez,56.5,53,65,94,Debate,63199.0,No,5.0,Placed,70.66666666666667,safe,Good
George Sanchez,94.6,79,80,87,NCC,79791.0,Yes,8.8,Placed,82.0,safe,Good
Daniel Miller,54.4,53,45,81,Sports,81599.0,Yes,6.5,Not Placed,59.666666666666664,Need Improvement,Average
Kenneth Martin,78.3,70,75,100,NCC,78950.0,Yes,7.2,Placed,81.66666666666667,safe,Good
Steven Hill,90.4,61,63,63,Music,45418.0,Yes,5.1,Placed,62.333333333333336,safe,Average
Matthew Perez,82.0,61,77,88,Volunteer,62159.0,Yes,7.0,Placed,75.33333333333333,safe,Good
Linda Ramirez,84.5,42,43,40,Sports,28321.0,Yes,2.5,Not Placed,41.666666666666664,Need Improvement,Poor
Anthony Garcia,81.3,47,62,73,Debate,83136.0,Yes,4.9,Placed,60.666666666666664,safe,Average
Angela Garcia,67.8,66,63,100,NCC,56554.0,No,8.3,Placed,76.33333333333333,safe,Good
Jason Martin,64.0,42,53,69,NCC,46440.0,No,4.5,Not Placed,54.666666666666664,Need Improvement,Average
Lisa Miller,91.9,82,77,97,Volunteer,61102.0,Yes,7.8,Placed,85.33333333333333,safe,Excellent
Daniel Brown,56.2,51,57,73,NCC,64702.0,Yes,5.7,Not Placed,60.333333333333336,safe,Average
Michelle Hernandez,83.8,73,72,77,Debate,35640.0,No,6.3,Placed,74.0,safe,Good
Jacob Martin,75.7,44,65,51,Sports,46324.0,Yes,2.3,Placed,53.333333333333336,Need Improvement,Average
Thomas Hernandez,63.1,79,86,88,NCC,75747.0,Yes,6.7,Placed,84.33333333333333,safe,Good
Daniel Wilson,95.4,60,58,64,NCC,74613.0,Yes,6.4,Not Placed,60.666666666666664,safe,Average
Karen Flores,71.2,77,69,59,Sports,59245.0,Yes,4.9,Placed,68.33333333333333,safe,Average
Jason Wright,77.0,37,66,74,Sports,27528.0,Yes,5.3,Placed,59.0,Need Improvement,Average
Michelle Johnson,48.1,41,48,64,Volunteer,42130.0,No,4.4,Not Placed,51.0,Need Improvement,Average
Stephanie Wilson,88.6,67,87,80,Sports,75536.0,Yes,5.7,Placed,78.0,safe,Good
Michelle Lewis,72.9,59,59,65,Music,17366.0,Yes,4.4,Not Placed,61.0,safe,Average
Mary Anderson,87.5,62,86,91,Debate,92607.0,No,7.3,Placed,79.66666666666667,safe,Good
William Anderson,92.0,63,67,90,Music,37642.0,Yes,7.6,Placed,73.33333333333333,safe,Good
Michael Scott,65.9,70,69,100,Music,103386.0,Yes,7.8,Placed,79.66666666666667,safe,Good
Mark Davis,75.3,56,70,76,Music,91541.0,Yes,5.5,Placed,67.33333333333333,safe,Average
John Hernandez,83.0,40,56,70,Volunteer,46779.0,Yes,5.5,Not Placed,55.333333333333336,Need Improvement,Average
Lisa Perez,86.5,60,73,86,Sports,97539.0,No,5.3,Placed,73.0,safe,Good
Matthew Garcia,72.2,70,80,91,Volunteer,131730.0,No,8.3,Placed,80.33333333333333,safe,Good
Emily Wright,60.3,29,45,53,Music,99643.0,No,2.6,Not Placed,42.333333333333336,Need Improvement,Poor
John Sanchez,87.1,66,89,73,Sports,36686.0,Yes,7.0,Placed,76.0,safe,Good
Jennifer Garcia,80.4,62,69,72,Music,87158.0,Yes,6.9,Placed,67.66666666666667,safe,Average
Deborah Miller,65.7,86,87,100,Sports,56312.0,Yes,6.9,Placed,91.0,safe,Excellent
Betty Martinez,89.6,73,63,73,Volunteer,72720.0,Yes,5.7,Placed,69.66666666666667,safe,Average
Charles Anderson,86.7,91,89,81,Volunteer,64702.0,Yes,6.7,Placed,87.0,safe,Excellent
Sharon Wright,90.4,70,46,35,Music,70717.0,Yes,2.1,Not Placed,50.333333333333336,Need Improvement,Average
David Hernandez,92.7,65,74,63,Sports,54817.0,Yes,5.0,Placed,67.33333333333333,safe,Average
Kenneth Thompson,71.8,81,67,77,Music,75193.0,Yes,6.2,Placed,75.0,safe,Good
Jason White,74.7,19,34,33,Sports,80826.0,Yes,1.7,Not Placed,28.666666666666668,At risk,Poor
Donna Moore,74.1,56,61,49,Sports,75652.0,No,3.6,Placed,55.333333333333336,Need Improvement,Average
Amy Flores,63.8,52,53,66,NCC,56672.0,Yes,5.5,Not Placed,57.0,Need Improvement,Average
Daniel Allen,81.4,51,76,62,Sports,115950.0,Yes,4.1,Placed,63.0,safe,Average
Lisa Moore,80.0,54,63,61,Music,139417.0,Yes,3.9,Placed,59.333333333333336,Need Improvement,Average
Kenneth Rodriguez,95.5,68,73,73,Volunteer,70002.0,Yes,4.9,Placed,71.33333333333333,safe,Good
Donald Garcia,94.2,53,78,67,NCC,35688.0,Yes,4.4,Placed,66.0,safe,Average
Jacob Thomas,76.7,48,68,91,Debate,35941.0,Yes,5.0,Placed,69.0,safe,Average
Sandra Jones,93.9,61,85,100,Sports,132323.0,No,7.7,Placed,82.0,safe,Good
Stephanie Lee,73.6,47,67,83,NCC,70540.0,No,5.2,Placed,65.66666666666667,safe,Average
Cynthia Rodriguez,80.0,57,65,64,Volunteer,70213.0,No,4.0,Placed,62.0,safe,Average
John Brown,86.2,60,52,42,Volunteer,81679.0,No,3.8,Not Placed,51.333333333333336,Need Improvement,Average
Ashley Nguyen,80.0,72,78,94,Sports,64501.0,Yes,6.5,Placed,81.33333333333333,safe,Good
Cynthia Walker,78.0,60,72,87,Sports,106249.0,Yes,5.9,Placed,73.0,safe,Good
Angela Lewis,80.4,43,59,55,Music,58667.0,Yes,3.5,Not Placed,52.333333333333336,Need Improvement,Average
Ryan Rodriguez,68.0,84,76,68,NCC,38994.0,Yes,6.6,Placed,76.0,safe,Good
Carol Ramirez,100.0,64,82,72,Volunteer,8000.0,Yes,4.3,Placed,72.66666666666667,safe,Good
Mark Hill,86.7,53,70,94,Music,57638.0,No,6.1,Placed,72.33333333333333,safe,Good
Mary Hernandez,95.0,58,80,48,Music,47154.0,Yes,3.5,Placed,62.0,safe,Average
John Scott,82.2,61,74,82,Sports,115966.0,Yes,4.5,Placed,72.33333333333333,safe,Good
Jennifer King,59.4,58,41,58,Sports,48841.0,Yes,4.5,Not Placed,52.333333333333336,Need Improvement,Average
Rebecca Thomas,71.1,66,58,56,Sports,108511.0,Yes,4.5,Not Placed,60.0,safe,Average
Mark Miller,55.7,50,52,58,NCC,99813.0,Yes,3.7,Not Placed,53.333333333333336,Need Improvement,Average
Emily Clark,75.4,50,57,73,Debate,40828.0,No,6.1,Not Placed,60.0,safe,Average
Kevin Miller,94.5,54,58,39,Sports,25395.0,No,3.3,Not Placed,50.333333333333336,Need Improvement,Average
Lisa Anderson,80.0,66,73,70,Volunteer,47108.0,No,5.7,Placed,69.66666666666667,safe,Average
Karen Harris,90.5,56,65,65,Volunteer,71323.0,Yes,3.7,Placed,62.0,safe,Average
Susan Smith,76.9,59,69,74,Sports,11549.0,Yes,5.9,Placed,67.33333333333333,safe,Average
Emily Rodriguez,97.1,55,63,78,Volunteer,65670.0,No,5.7,Placed,65.33333333333333,safe,Average
Jessica Hill,70.0,18,36,46,Debate,71537.0,No,2.6,Not Placed,33.333333333333336,At risk,Poor
Amanda Martinez,85.8,18,18,25,Sports,65469.0,Yes,1.0,Not Placed,20.333333333333332,At risk,Poor
Michelle Rodriguez,71.7,44,54,83,Sports,63486.0,No,4.5,Not Placed,60.333333333333336,safe,Average
Thomas Garcia,83.6,77,75,77,Volunteer,69719.0,No,6.6,Placed,76.33333333333333,safe,Good
Richard Ramirez,80.4,100,94,100,Debate,64702.0,Yes,9.2,Placed,98.0,safe,Excellent
Donna Nguyen,72.2,43,24,43,Debate,9452.0,No,1.3,Not Placed,36.666666666666664,At risk,Poor
Steven Wilson,80.0,75,71,70,NCC,69899.0,Yes,5.5,Placed,72.0,safe,Good
Amanda Gonzalez,88.0,54,64,79,Sports,81493.0,Yes,5.7,Placed,65.66666666666667,safe,Average
Melissa Torres,73.4,48,51,52,Music,65322.0,Yes,3.4,Not Placed,50.333333333333336,Need Improvement,Average
Elizabeth Lewis,82.3,72,84,94,Music,113580.0,Yes,7.4,Placed,83.33333333333333,safe,Good
David Nguyen,60.1,57,59,84,NCC,50883.0,No,6.6,Not Placed,66.66666666666667,safe,Average
Laura Clark,68.1,58,67,37,Sports,30696.0,Yes,3.0,Placed,54.0,Need Improvement,Average
Angela Robinson,98.3,76,91,100,Sports,81123.0,Yes,7.1,Placed,89.0,safe,Excellent
John Moore,81.8,37,48,42,Volunteer,26737.0,Yes,2.3,Not Placed,42.333333333333336,Need Improvement,Poor
Kenneth Lee,90.8,61,77,84,Debate,59265.0,Yes,5.6,Placed,74.0,safe,Good
Joseph Jackson,60.7,39,53,66,Sports,34668.0,No,4.8,Not Placed,52.666666666666664,Need Improvement,Average
Joseph Ramirez,84.2,48,59,75,Sports,46494.0,No,5.4,Not Placed,60.666666666666664,safe,Average
Daniel Davis,67.5,48,56,82,Music,8000.0,No,5.3,Not Placed,62.0,safe,Average
John Anderson,84.6,70,80,52,NCC,82291.0,Yes,3.5,Placed,67.33333333333333,safe,Average
Richard King,66.7,50,53,90,Music,113713.0,No,7.4,Not Placed,64.33333333333333,safe,Average
Rebecca Martinez,80.7,69,64,78,Music,79388.0,Yes,6.1,Placed,70.33333333333333,safe,Good
Kenneth Johnson,57.8,46,65,78,Sports,47082.0,Yes,5.7,Placed,63.0,safe,Average
Susan Robinson,75.0,50,57,58,Volunteer,48076.0,Yes,4.2,Not Placed,55.0,Need Improvement,Average
George Miller,80.2,69,64,74,Sports,92863.0,Yes,6.1,Placed,69.0,safe,Average
Stephanie Sanchez,89.6,60,83,73,Sports,8438.0,Yes,6.0,Placed,72.0,safe,Good
James Wilson,68.6,33,23,44,Music,74312.0,Yes,1.9,Not Placed,33.333333333333336,At risk,Poor
Jason Harris,67.8,75,80,100,Sports,38871.0,Yes,8.3,Placed,85.0,safe,Excellent
Anthony Scott,70.1,72,83,100,Music,90336.0,No,7.3,Placed,85.0,safe,Excellent
Kimberly Martin,96.1,57,0,57,Sports,66249.0,Yes,4.3,Placed,38.0,At risk,Poor
Mark Williams,88.8,78,53,48,Sports,55739.0,Yes,4.6,Not Placed,59.666666666666664,Need Improvement,Average
Amy Wilson,65.7,20,28,26,Sports,8000.0,No,2.1,Not Placed,24.666666666666668,At risk,Poor
Edward Walker,80.5,77,89,90,NCC,90741.0,Yes,7.8,Placed,85.33333333333333,safe,Excellent
Deborah Jackson,83.9,65,74,63,Music,80343.0,Yes,4.6,Placed,67.33333333333333,safe,Average
Joseph Rodriguez,96.4,94,100,100,Debate,54966.0,No,9.2,Placed,98.0,safe,Excellent
George Hernandez,94.0,66,73,73,Sports,29219.0,Yes,3.7,Placed,70.66666666666667,safe,Good
Michael Davis,77.5,91,90,100,NCC,39607.0,No,10.0,Placed,93.66666666666667,safe,Excellent
Sandra Gonzalez,97.2,60,54,53,Sports,20696.0,Yes,3.6,Not Placed,55.666666666666664,Need Improvement,Average
Jacob Scott,80.0,90,88,79,Debate,36820.0,Yes,7.3,Placed,85.66666666666667,safe,Excellent
Donald Miller,75.0,66,78,66,Sports,56326.0,No,4.8,Placed,70.0,safe,Good
Ryan Flores,87.8,50,67,64,Sports,17866.0,Yes,5.4,Placed,60.333333333333336,safe,Average
Anthony Garcia,77.2,43,45,65,Sports,111178.0,No,2.9,Not Placed,51.0,Need Improvement,Average
Melissa Taylor,83.1,42,67,65,Debate,41615.0,Yes,2.2,Placed,58.0,Need Improvement,Average
Karen Garcia,85.6,54,56,40,Sports,37934.0,Yes,1.6,Not Placed,50.0,Need Improvement,Average
Brian Brown,96.9,81,0,72,Music,70629.0,Yes,6.2,Placed,51.0,Need Improvement,Average
Ashley Torres,68.6,51,51,46,Music,54901.0,Yes,3.2,Not Placed,49.333333333333336,Need Improvement,Poor
James Lewis,72.4,55,66,65,Sports,68788.0,Yes,5.3,Placed,62.0,safe,Average
Ashley Johnson,62.5,57,64,69,Music,77334.0,Yes,5.7,Placed,63.333333333333336,safe,Average
George Jackson,98.2,42,36,58,Music,58650.0,Yes,2.4,Not Placed,45.333333333333336,Need Improvement,Poor
Richard Harris,66.8,32,62,52,Volunteer,109278.0,No,3.2,Placed,48.666666666666664,Need Improvement,Poor
Sarah Scott,86.6,69,84,100,Sports,38093.0,Yes,7.8,Placed,84.33333333333333,safe,Good
Amanda Taylor,100.0,65,73,91,Debate,109420.0,No,9.0,Placed,76.33333333333333,safe,Good
Joshua Wilson,77.2,35,52,65,Volunteer,50609.0,Yes,5.4,Not Placed,50.666666666666664,Need Improvement,Average
Sarah Brown,88.4,53,68,94,Volunteer,43612.0,Yes,6.6,Placed,71.66666666666667,safe,Good
Sandra Thomas,73.7,34,46,48,Music,69610.0,Yes,3.2,Not Placed,42.666666666666664,Need Improvement,Poor
George Lee,70.8,56,59,52,NCC,50773.0,Yes,5.0,Not Placed,55.666666666666664,Need Improvement,Average
Ryan Lee,82.8,66,78,82,NCC,39565.0,Yes,5.6,Placed,75.33333333333333,safe,Good
Jason Davis,61.8,35,59,68,Sports,68765.0,Yes,3.6,Not Placed,54.0,Need Improvement,Average
Gary Martinez,84.9,20,44,73,NCC,67456.0,Yes,4.4,Not Placed,45.666666666666664,Need Improvement,Poor
Nicholas Brown,83.3,47,48,65,Sports,93907.0,Yes,3.5,Not Placed,53.333333333333336,Need Improvement,Average
Susan Wilson,92.4,60,51,64,Sports,37646.0,Yes,3.4,Not Placed,58.333333333333336,Need Improvement,Average
Joseph Taylor,84.5,57,67,66,Sports,70772.0,No,5.8,Placed,63.333333333333336,safe,Average
Elizabeth Martin,94.0,59,67,71,NCC,57197.0,No,5.5,Placed,65.66666666666667,safe,Average
Ashley Lee,80.0,88,86,100,Sports,43339.0,Yes,8.2,Placed,91.33333333333333,safe,Excellent
Jason Garcia,80.0,60,64,77,NCC,109050.0,No,6.6,Placed,67.0,safe,Average
Michael Thompson,72.6,66,57,79,Volunteer,37055.0,Yes,5.3,Not Placed,67.33333333333333,safe,Average
Karen Johnson,81.7,67,62,75,Sports,99048.0,Yes,6.0,Placed,68.0,safe,Average
John Taylor,80.0,73,74,96,NCC,86075.0,Yes,8.2,Placed,81.0,safe,Good
Steven Anderson,61.1,28,40,56,Sports,109374.0,No,3.3,Not Placed,41.333333333333336,Need Improvement,Poor
Jennifer Lewis,68.4,44,49,81,Music,50710.0,Yes,5.8,Not Placed,58.0,Need Improvement,Average
Matthew Taylor,76.9,48,63,43,Sports,44689.0,Yes,3.6,Placed,51.333333333333336,Need Improvement,Average
Betty White,96.2,73,74,71,Music,75380.0,No,5.6,Placed,72.66666666666667,safe,Good
Michael Ramirez,75.0,64,72,76,Music,73494.0,Yes,4.2,Placed,70.66666666666667,safe,Good
Nancy Davis,94.3,94,88,91,Sports,119632.0,Yes,7.1,Placed,91.0,safe,Excellent
Nancy White,88.3,45,52,55,Sports,107458.0,Yes,4.2,Not Placed,50.666666666666664,Need Improvement,Average
Deborah Rodriguez,79.9,66,71,52,Debate,74579.0,Yes,3.5,Placed,63.0,safe,Average
Ashley Clark,76.2,80,90,100,Debate,90385.0,Yes,8.9,Placed,90.0,safe,Excellent
Mary Thomas,85.0,83,78,100,Debate,96876.0,Yes,8.1,Placed,87.0,safe,Excellent
Jason Anderson,87.0,27,32,49,Debate,71171.0,Yes,1.8,Not Placed,36.0,At risk,Poor
Paul Torres,68.7,66,62,73,Music,60240.0,Yes,4.1,Placed,67.0,safe,Average
Brian Harris,57.8,53,57,49,Debate,47443.0,Yes,2.9,Not Placed,53.0,Need Improvement,Average
Thomas Thompson,80.0,41,67,59,Debate,97018.0,No,2.4,Placed,55.666666666666664,Need Improvement,Average
Ronald Wright,84.3,42,32,33,Volunteer,57873.0,No,2.4,Not Placed,35.666666666666664,At risk,Poor
Joshua Torres,96.4,93,97,100,Volunteer,45709.0,Yes,8.0,Placed,96.66666666666667,safe,Excellent
Matthew Garcia,100.0,86,87,94,Music,91734.0,Yes,7.7,Placed,89.0,safe,Excellent
William Thomas,92.6,60,73,70,Sports,59656.0,No,6.5,Placed,67.66666666666667,safe,Average
Rebecca Nguyen,79.5,64,84,73,NCC,25254.0,Yes,6.6,Placed,73.66666666666667,safe,Good
Amanda Lopez,72.9,91,94,100,Music,85831.0,Yes,9.4,Placed,95.0,safe,Excellent
Melissa Ramirez,76.4,53,77,69,Music,50413.0,No,4.3,Placed,66.33333333333333,safe,Average
Mary White,82.8,59,83,94,NCC,21971.0,No,9.2,Placed,78.66666666666667,safe,Good
Anthony Thompson,66.6,56,73,80,Music,80905.0,Yes,7.1,Placed,69.66666666666667,safe,Average
Cynthia Taylor,59.4,19,24,65,Sports,66480.0,Yes,4.0,Not Placed,36.0,At risk,Poor
Donna Clark,90.7,80,80,100,Volunteer,49184.0,Yes,8.6,Placed,86.66666666666667,safe,Excellent
Karen Allen,70.3,47,56,67,Sports,102591.0,Yes,5.2,Not Placed,56.666666666666664,Need Improvement,Average
Michael Walker,76.7,37,52,61,NCC,36765.0,Yes,3.9,Not Placed,50.0,Need Improvement,Average
Carol Miller,92.3,62,80,73,NCC,46650.0,Yes,5.6,Placed,71.66666666666667,safe,Good
Anthony Anderson,85.6,59,90,90,Music,48318.0,Yes,5.6,Placed,79.66666666666667,safe,Good
Matthew Harris,84.7,57,64,60,Sports,30559.0,Yes,4.2,Placed,60.333333333333336,safe,Average
Charles Young,88.7,82,96,83,Volunteer,33039.0,Yes,6.3,Placed,87.0,safe,Excellent
Amanda Jones,95.0,99,100,93,Volunteer,122080.0,Yes,9.0,Placed,97.33333333333333,safe,Excellent
Patricia Lopez,86.4,77,90,70,Volunteer,18886.0,Yes,6.8,Placed,79.0,safe,Good
James Thomas,80.0,90,96,100,Volunteer,62230.0,Yes,8.5,Placed,95.33333333333333,safe,Excellent
Paul Taylor,74.8,56,59,81,Sports,62642.0,No,5.6,Not Placed,65.33333333333333,safe,Average
Laura Smith,89.2,50,61,67,Music,62157.0,Yes,3.5,Placed,59.333333333333336,Need Improvement,Average
Emma Wright,90.6,70,79,85,NCC,90947.0,Yes,6.7,Placed,78.0,safe,Good
David King,80.4,50,54,50,Sports,92795.0,No,5.4,Not Placed,51.333333333333336,Need Improvement,Average
Andrew Hernandez,100.0,55,83,68,Sports,56575.0,No,3.8,Placed,68.66666666666667,safe,Average
Anthony Ramirez,62.6,75,92,100,Debate,32873.0,Yes,8.0,Placed,89.0,safe,Excellent
William Smith,100.0,54,54,64,Debate,8000.0,Yes,3.7,Not Placed,57.333333333333336,Need Improvement,Average
Ryan White,84.5,66,87,93,Sports,60532.0,Yes,6.9,Placed,82.0,safe,Good
Elizabeth Harris,96.2,66,56,72,NCC,71493.0,No,7.0,Not Placed,64.66666666666667,safe,Average
Paul Williams,82.8,82,81,80,Debate,9806.0,Yes,6.1,Placed,81.0,safe,Good
Kevin Williams,85.3,65,69,58,Music,47812.0,Yes,4.6,Placed,64.0,safe,Average
Karen Young,93.0,67,81,67,Volunteer,48739.0,Yes,4.4,Placed,71.66666666666667,safe,Good
Jacob Hill,76.7,47,72,62,Music,81038.0,Yes,5.6,Placed,60.333333333333336,safe,Average
Andrew Smith,73.2,57,73,78,Music,18091.0,Yes,5.4,Placed,69.33333333333333,safe,Average
Gary Smith,60.9,67,69,54,NCC,64702.0,Yes,3.3,Placed,63.333333333333336,safe,Average
Kevin Davis,84.2,55,71,79,Debate,81772.0,No,7.0,Placed,68.33333333333333,safe,Average
Laura Thomas,80.0,85,83,69,Sports,59944.0,Yes,7.4,Placed,79.0,safe,Good
Elizabeth White,80.0,58,70,66,Music,52857.0,Yes,5.2,Placed,64.66666666666667,safe,Average
Jennifer Jones,78.0,63,73,79,Debate,99273.0,Yes,5.0,Placed,71.66666666666667,safe,Good
Joseph Rodriguez,66.6,32,62,61,Music,89008.0,No,4.4,Placed,51.666666666666664,Need Improvement,Average
Patricia White,88.6,85,80,78,Music,10561.0,Yes,7.5,Placed,81.0,safe,Good
Ryan Flores,91.6,100,100,100,NCC,48549.0,Yes,8.2,Placed,100.0,safe,Excellent
Paul Jackson,74.7,39,34,32,Volunteer,79263.0,Yes,2.0,Not Placed,35.0,At risk,Poor
Kevin Hernandez,91.2,67,87,85,Volunteer,37582.0,Yes,6.2,Placed,79.66666666666667,safe,Good
Thomas Brown,61.2,66,81,91,NCC,35026.0,Yes,7.8,Placed,79.33333333333333,safe,Good
Brian Harris,69.9,40,67,100,Debate,85577.0,Yes,7.5,Placed,69.0,safe,Average
Thomas Walker,90.5,36,47,37,Sports,45001.0,Yes,1.0,Not Placed,40.0,Need Improvement,Poor
Jacob Torres,84.5,27,46,54,Music,52282.0,Yes,2.3,Not Placed,42.333333333333336,Need Improvement,Poor
Linda Martin,68.5,32,38,28,Sports,64173.0,Yes,1.2,Not Placed,32.666666666666664,At risk,Poor
Karen Moore,80.7,100,98,100,Sports,73435.0,Yes,9.2,Placed,99.33333333333333,safe,Excellent
Gary Johnson,67.5,57,68,81,Debate,125430.0,Yes,5.3,Placed,68.66666666666667,safe,Average
Steven Perez,81.1,48,58,60,Sports,148198.0,Yes,3.7,Not Placed,55.333333333333336,Need Improvement,Average
Nancy Thomas,85.0,63,81,74,Volunteer,93016.0,No,5.8,Placed,72.66666666666667,safe,Good
Mary Torres,93.3,48,47,33,Music,30971.0,Yes,1.0,Not Placed,42.666666666666664,Need Improvement,Poor
Susan Wright,70.3,42,31,50,Debate,53590.0,Yes,3.8,Not Placed,41.0,Need Improvement,Poor
William King,71.2,69,77,78,Music,64702.0,Yes,6.7,Placed,74.66666666666667,safe,Good
George Garcia,83.3,37,66,59,NCC,37096.0,Yes,3.6,Placed,54.0,Need Improvement,Average
Linda Moore,69.1,53,59,46,NCC,52922.0,Yes,3.3,Not Placed,52.666666666666664,Need Improvement,Average
Karen Allen,82.5,64,70,83,Volunteer,38111.0,Yes,6.1,Placed,72.33333333333333,safe,Good
Michelle Lee,66.2,49,57,56,Volunteer,71878.0,No,4.8,Not Placed,54.0,Need Improvement,Average
Carol Torres,79.0,46,62,56,Debate,99632.0,Yes,3.7,Placed,54.666666666666664,Need Improvement,Average
Emma Moore,74.9,60,73,79,NCC,52722.0,No,4.7,Placed,70.66666666666667,safe,Good
Mark Martin,98.9,80,74,64,Sports,87398.0,Yes,6.1,Placed,72.66666666666667,safe,Good
Edward Anderson,79.5,67,73,93,Sports,71417.0,Yes,6.9,Placed,77.66666666666667,safe,Good
Matthew Hernandez,95.9,74,80,78,Sports,13969.0,Yes,6.7,Placed,77.33333333333333,safe,Good
Michael King,77.7,28,48,49,Volunteer,73378.0,No,2.9,Not Placed,41.666666666666664,Need Improvement,Poor
Stephanie Jackson,76.4,42,55,62,Sports,68263.0,Yes,4.4,Not Placed,53.0,Need Improvement,Average
Stephanie White,91.1,71,83,96,Sports,50352.0,No,6.9,Placed,83.33333333333333,safe,Good
Ronald Taylor,88.2,73,87,84,Music,82580.0,Yes,7.2,Placed,81.33333333333333,safe,Good
Emily Martinez,86.6,61,73,85,NCC,64212.0,Yes,6.0,Placed,73.0,safe,Good
Jason Hernandez,83.7,52,64,60,Debate,37937.0,Yes,5.2,Placed,58.666666666666664,Need Improvement,Average
Michelle Sanchez,60.2,65,67,100,Sports,109250.0,No,7.1,Placed,77.33333333333333,safe,Good
James Rodriguez,82.7,79,79,76,Music,33813.0,Yes,5.4,Placed,78.0,safe,Good
Amy Ramirez,80.5,44,55,56,Music,57049.0,Yes,4.2,Not Placed,51.666666666666664,Need Improvement,Average
Carol Young,87.4,64,80,70,Debate,64303.0,No,4.7,Placed,71.33333333333333,safe,Good
Laura Brown,81.5,65,69,51,Sports,94132.0,Yes,4.9,Placed,61.666666666666664,safe,Average
Melissa Thompson,81.7,57,67,71,Debate,65213.0,Yes,5.5,Placed,65.0,safe,Average
Mary Garcia,81.2,65,74,95,Debate,36482.0,Yes,6.9,Placed,78.0,safe,Good
William Walker,91.7,53,40,52,Music,43783.0,No,4.0,Not Placed,48.333333333333336,Need Improvement,Poor
Kevin Allen,55.1,39,39,69,Sports,87487.0,Yes,4.5,Not Placed,49.0,Need Improvement,Poor
Mark Moore,84.8,81,79,66,NCC,78080.0,Yes,4.9,Placed,75.33333333333333,safe,Good
John Walker,100.0,39,48,49,Sports,90376.0,Yes,2.5,Not Placed,45.333333333333336,Need Improvement,Poor
Nancy Clark,64.2,77,80,100,Volunteer,55215.0,No,8.9,Placed,85.66666666666667,safe,Excellent
Jennifer Young,98.7,78,87,74,NCC,80959.0,Yes,6.4,Placed,79.66666666666667,safe,Good
Robert Allen,88.0,30,57,65,Volunteer,86251.0,No,2.7,Not Placed,50.666666666666664,Need Improvement,Average
Melissa Miller,87.5,72,87,79,Music,17826.0,Yes,7.4,Placed,79.33333333333333,safe,Good
Lisa Moore,66.0,42,45,42,Sports,27230.0,Yes,3.4,Not Placed,43.0,Need Improvement,Poor
Michael Robinson,96.7,71,65,82,NCC,50970.0,Yes,6.4,Placed,72.66666666666667,safe,Good
Elizabeth Wilson,80.0,32,43,51,Sports,42804.0,Yes,3.7,Not Placed,42.0,Need Improvement,Poor
Matthew Lewis,82.9,35,80,52,Volunteer,65182.0,Yes,2.3,Not Placed,55.666666666666664,Need Improvement,Average
Susan Lee,68.0,46,48,69,Sports,64702.0,Yes,6.0,Not Placed,54.333333333333336,Need Improvement,Average
Rebecca Lopez,75.7,67,74,64,Sports,75968.0,Yes,3.3,Placed,68.33333333333333,safe,Average
Jacob Flores,57.7,53,40,40,Sports,89638.0,Yes,3.2,Not Placed,44.333333333333336,Need Improvement,Poor
Kevin Moore,88.0,82,85,91,NCC,79430.0,Yes,6.1,Placed,86.0,safe,Excellent
Jacob Hill,78.4,50,50,74,Music,64702.0,Yes,3.6,Not Placed,58.0,Need Improvement,Average
Joshua Lopez,90.6,72,71,81,NCC,100495.0,Yes,5.4,Placed,74.66666666666667,safe,Good
Matthew Young,88.7,87,87,100,Volunteer,95164.0,Yes,7.8,Placed,91.33333333333333,safe,Excellent
Emma Taylor,74.6,59,66,59,Sports,56943.0,Yes,4.7,Placed,61.333333333333336,safe,Average
William Young,65.4,74,80,89,NCC,64702.0,Yes,7.2,Placed,81.0,safe,Good
Melissa Wilson,82.8,62,60,66,NCC,51990.0,Yes,4.3,Placed,62.666666666666664,safe,Average
Robert Davis,81.5,53,57,51,Music,45279.0,No,3.8,Not Placed,53.666666666666664,Need Improvement,Average
Deborah Williams,74.0,55,75,71,Debate,10869.0,Yes,4.7,Placed,67.0,safe,Average
Cynthia Martin,61.6,47,72,70,Debate,10609.0,No,3.1,Placed,63.0,safe,Average
Kimberly Johnson,59.9,50,58,68,Debate,41843.0,No,5.5,Not Placed,58.666666666666664,Need Improvement,Average
Nancy Miller,76.1,58,60,67,Debate,43943.0,Yes,4.5,Placed,61.666666666666664,safe,Average
Emma Thompson,72.1,65,76,100,Sports,74530.0,Yes,7.5,Placed,80.33333333333333,safe,Good
Kevin Lee,79.8,36,51,62,NCC,38563.0,Yes,2.8,Not Placed,49.666666666666664,Need Improvement,Poor
Ronald Harris,88.6,48,76,76,Debate,72598.0,No,6.5,Placed,66.66666666666667,safe,Average
Sandra Anderson,67.0,53,74,98,Debate,74226.0,No,5.2,Placed,75.0,safe,Good
Robert Johnson,87.8,71,78,76,Debate,103451.0,Yes,5.9,Placed,75.0,safe,Good
Gary Gonzalez,82.8,43,52,57,NCC,37930.0,No,4.3,Not Placed,50.666666666666664,Need Improvement,Average
Gary Torres,69.6,75,76,100,Sports,71129.0,Yes,9.3,Placed,83.66666666666667,safe,Good
Andrew Ramirez,60.1,70,75,66,Volunteer,56018.0,No,5.1,Placed,70.33333333333333,safe,Good
Amy Jackson,94.0,42,53,50,Sports,61678.0,Yes,1.8,Not Placed,48.333333333333336,Need Improvement,Poor
Betty Lopez,88.1,80,75,67,Music,47465.0,Yes,5.5,Placed,74.0,safe,Good
Ryan Taylor,66.0,74,85,98,Sports,95358.0,Yes,7.8,Placed,85.66666666666667,safe,Excellent
Richard Clark,80.5,56,66,52,Sports,43130.0,Yes,3.0,Placed,58.0,Need Improvement,Average
Kimberly Nguyen,99.9,81,81,70,Sports,35118.0,Yes,6.4,Placed,77.33333333333333,safe,Good
Amy Young,68.3,58,69,72,Volunteer,66350.0,Yes,6.0,Placed,66.33333333333333,safe,Average
Ashley Torres,82.7,66,74,55,Sports,72162.0,Yes,4.2,Placed,65.0,safe,Average
Richard Brown,81.5,75,83,89,Sports,67462.0,No,6.7,Placed,82.33333333333333,safe,Good
Daniel Clark,95.6,58,60,67,Sports,157812.0,Yes,4.1,Placed,61.666666666666664,safe,Average
Elizabeth Williams,84.3,68,70,72,Sports,117257.0,Yes,5.8,Placed,70.0,safe,Good
Jennifer Hill,60.5,65,76,77,Volunteer,85181.0,Yes,5.5,Placed,72.66666666666667,safe,Good
Lisa Clark,72.2,56,68,71,Volunteer,91842.0,Yes,4.4,Placed,65.0,safe,Average
Amy Jones,97.0,69,75,81,Sports,89370.0,No,8.8,Placed,75.0,safe,Good
Ashley Thompson,56.6,10,35,46,Sports,65720.0,No,2.5,Not Placed,30.333333333333332,At risk,Poor
Michelle Young,70.9,63,72,100,NCC,46987.0,Yes,5.7,Placed,78.33333333333333,safe,Good
Cynthia Clark,88.1,91,100,100,Sports,86715.0,No,9.6,Placed,97.0,safe,Excellent
William Ramirez,76.6,67,74,71,Sports,61693.0,Yes,5.6,Placed,70.66666666666667,safe,Good
Sandra Perez,88.8,41,41,43,Sports,35402.0,Yes,1.0,Not Placed,41.666666666666664,Need Improvement,Poor
Cynthia Hill,62.7,27,33,44,NCC,76043.0,Yes,2.3,Not Placed,34.666666666666664,At risk,Poor
Joseph Young,63.1,58,70,74,Sports,71954.0,Yes,6.1,Placed,67.33333333333333,safe,Average
Donna Williams,90.5,55,63,82,NCC,47674.0,Yes,5.7,Placed,66.66666666666667,safe,Average
Gary Davis,51.4,51,55,83,Music,104357.0,No,5.8,Not Placed,63.0,safe,Average
Mary Perez,100.0,69,91,93,NCC,64702.0,No,6.9,Placed,84.33333333333333,safe,Good
Angela Robinson,80.0,57,54,53,Debate,92366.0,Yes,4.5,Not Placed,54.666666666666664,Need Improvement,Average
Lisa Walker,100.0,52,61,75,NCC,113930.0,Yes,4.7,Placed,62.666666666666664,safe,Average
Daniel Nguyen,82.9,60,60,80,Sports,67607.0,Yes,7.6,Placed,66.66666666666667,safe,Average
Joseph Young,88.1,37,51,52,Sports,85829.0,No,2.6,Not Placed,46.666666666666664,Need Improvement,Poor
Daniel Garcia,66.0,55,65,65,Debate,76225.0,No,5.6,Placed,61.666666666666664,safe,Average
James Young,79.6,64,72,47,NCC,72771.0,No,3.6,Placed,61.0,safe,Average
David Ramirez,63.6,64,69,100,Sports,45815.0,Yes,7.7,Placed,77.66666666666667,safe,Good
Michelle Walker,80.6,60,80,74,Volunteer,28452.0,Yes,7.4,Placed,71.33333333333333,safe,Good
Gary Martin,65.6,36,45,41,Volunteer,81577.0,Yes,2.4,Not Placed,40.666666666666664,Need Improvement,Poor
Edward Moore,93.9,83,83,81,Music,112971.0,Yes,6.5,Placed,82.33333333333333,safe,Good
Cynthia Young,81.1,45,53,65,Sports,96181.0,Yes,3.5,Not Placed,54.333333333333336,Need Improvement,Average
Gary Torres,67.8,48,58,43,Sports,81440.0,No,2.9,Not Placed,49.666666666666664,Need Improvement,Poor
Sandra Sanchez,86.4,60,41,47,Music,14691.0,No,2.6,Not Placed,49.333333333333336,Need Improvement,Poor
Sharon Rodriguez,79.0,25,43,22,Volunteer,107396.0,Yes,1.0,Not Placed,30.0,At risk,Poor
Jacob Ramirez,89.7,48,62,68,Debate,100991.0,Yes,5.0,Placed,59.333333333333336,Need Improvement,Average
Donna Anderson,52.2,52,62,69,Volunteer,64702.0,Yes,4.7,Placed,61.0,safe,Average
George Jones,47.3,55,62,57,Sports,57878.0,Yes,6.8,Placed,58.0,Need Improvement,Average
Jessica Martinez,79.6,83,71,86,NCC,94882.0,No,6.5,Placed,80.0,safe,Good
Matthew Anderson,75.4,40,51,50,Music,76287.0,Yes,2.2,Not Placed,47.0,Need Improvement,Poor
Ashley Flores,89.3,59,94,92,Debate,84548.0,Yes,5.8,Placed,81.66666666666667,safe,Good
Nancy Johnson,72.2,55,70,60,Sports,67726.0,Yes,5.1,Not Placed,61.666666666666664,safe,Average
David Jones,85.6,39,46,57,Sports,56921.0,Yes,3.7,Not Placed,47.333333333333336,Need Improvement,Poor
Amanda Williams,60.0,49,56,53,Sports,61769.0,Yes,1.7,Not Placed,52.666666666666664,Need Improvement,Average
Patricia Miller,69.8,45,52,67,Sports,36723.0,No,6.1,Not Placed,54.666666666666664,Need Improvement,Average
Stephanie Robinson,97.8,88,81,100,Music,84907.0,Yes,10.0,Placed,89.66666666666667,safe,Excellent
Stephanie White,97.1,54,70,68,Sports,70054.0,Yes,5.0,Placed,64.0,safe,Average
Richard Williams,83.7,94,87,100,Music,64702.0,No,10.0,Placed,93.66666666666667,safe,Excellent
Jennifer White,58.5,57,49,74,Sports,55088.0,Yes,5.3,Not Placed,60.0,safe,Average
Thomas Martin,62.4,63,65,81,Sports,42318.0,Yes,5.4,Placed,69.66666666666667,safe,Average
Kevin Wright,83.3,52,58,63,NCC,104801.0,No,4.9,Not Placed,57.666666666666664,Need Improvement,Average
Deborah Thompson,98.6,93,84,93,Sports,72022.0,No,9.3,Placed,90.0,safe,Excellent
Richard Taylor,64.3,43,58,63,Music,46663.0,Yes,4.8,Not Placed,54.666666666666664,Need Improvement,Average
Kevin Clark,79.0,100,85,100,NCC,66765.0,Yes,10.0,Placed,95.0,safe,Excellent
Gary Sanchez,79.0,82,83,79,Sports,47620.0,Yes,8.5,Placed,81.33333333333333,safe,Good
Jessica White,89.2,39,57,72,Music,81791.0,No,4.9,Not Placed,56.0,Need Improvement,Average
Jennifer Williams,79.0,63,78,92,Sports,57762.0,No,5.4,Placed,77.66666666666667,safe,Good
Betty Miller,76.7,45,70,33,Sports,77226.0,Yes,4.1,Not Placed,49.333333333333336,Need Improvement,Poor
Ronald Johnson,77.5,37,57,42,Volunteer,86701.0,Yes,3.2,Not Placed,45.333333333333336,Need Improvement,Poor
Steven Rodriguez,63.0,69,73,95,Music,79386.0,Yes,7.6,Placed,79.0,safe,Good
Thomas Miller,95.6,40,47,52,NCC,47442.0,No,3.7,Not Placed,46.333333333333336,Need Improvement,Poor
Ryan Gonzalez,63.0,56,57,62,Debate,39341.0,Yes,5.5,Not Placed,58.333333333333336,Need Improvement,Average
David Garcia,52.0,58,66,100,Debate,64702.0,Yes,7.8,Placed,74.66666666666667,safe,Good
Kevin Martinez,85.6,57,57,59,Debate,18921.0,Yes,4.1,Not Placed,57.666666666666664,Need Improvement,Average
Betty Garcia,88.9,66,81,78,Debate,53900.0,Yes,6.3,Placed,75.0,safe,Good
Karen Hill,69.3,65,81,99,Sports,56926.0,Yes,7.3,Placed,81.66666666666667,safe,Good
Sarah Gonzalez,69.7,45,48,40,Debate,94456.0,Yes,4.0,Not Placed,44.333333333333336,Need Improvement,Poor
Nancy Moore,76.2,38,47,38,Sports,61188.0,Yes,3.7,Not Placed,41.0,Need Improvement,Poor
William Lopez,93.3,72,76,85,Debate,60420.0,Yes,7.1,Placed,77.66666666666667,safe,Good
Jacob Walker,80.0,60,57,69,Sports,65335.0,Yes,5.2,Not Placed,62.0,safe,Average
Mark Jackson,82.8,54,53,38,Sports,69269.0,Yes,2.7,Not Placed,48.333333333333336,Need Improvement,Poor
Kevin Allen,76.1,93,92,94,Sports,59349.0,No,8.1,Placed,93.0,safe,Excellent
Cynthia Walker,84.9,85,97,92,Sports,86484.0,No,7.8,Placed,91.33333333333333,safe,Excellent
Joseph Taylor,78.9,30,63,71,Volunteer,49458.0,No,5.4,Placed,54.666666666666664,Need Improvement,Average
Steven Hernandez,83.5,39,51,39,Sports,82646.0,No,2.7,Not Placed,43.0,Need Improvement,Poor
Angela Robinson,65.7,66,78,93,Debate,102875.0,Yes,8.5,Placed,79.0,safe,Good
Nancy Davis,95.1,68,84,68,NCC,97505.0,Yes,4.3,Placed,73.33333333333333,safe,Good
Betty Clark,90.0,50,0,60,Sports,27622.0,No,5.1,Placed,36.666666666666664,At risk,Poor
Cynthia Nguyen,82.4,50,68,62,Sports,75125.0,Yes,5.3,Placed,60.0,safe,Average
Jessica Young,89.2,60,83,100,Music,104886.0,No,8.2,Placed,81.0,safe,Good
Donald Jackson,41.0,40,59,67,Sports,91715.0,No,5.3,Not Placed,55.333333333333336,Need Improvement,Average
Deborah Allen,100.0,79,94,100,Volunteer,114789.0,Yes,7.4,Placed,91.0,safe,Excellent
Angela Thompson,91.4,67,71,78,Music,42032.0,No,6.9,Placed,72.0,safe,Good
Robert Harris,61.5,52,64,99,Sports,50826.0,No,7.8,Placed,71.66666666666667,safe,Good
Jason Perez,75.0,67,71,71,Volunteer,67236.0,Yes,5.2,Placed,69.66666666666667,safe,Average
Jacob Johnson,80.1,57,61,53,Sports,42268.0,Yes,2.3,Placed,57.0,Need Improvement,Average
Jennifer Lewis,100.0,54,73,68,Sports,102627.0,No,4.7,Placed,65.0,safe,Average
Deborah White,68.3,21,41,48,Volunteer,47277.0,No,1.7,Not Placed,36.666666666666664,At risk,Poor
Joshua Wright,80.0,80,70,79,Music,46957.0,Yes,8.1,Placed,76.33333333333333,safe,Good
Amy Scott,82.4,51,60,75,Volunteer,75275.0,No,5.0,Placed,62.0,safe,Average
Edward Allen,89.6,72,60,75,Debate,85018.0,No,6.3,Placed,69.0,safe,Average
Sandra Smith,85.9,70,73,72,Music,97019.0,No,7.0,Placed,71.66666666666667,safe,Good
Edward Smith,68.3,48,59,63,Sports,97696.0,No,5.3,Not Placed,56.666666666666664,Need Improvement,Average
Laura Williams,81.2,87,83,96,NCC,76009.0,Yes,7.8,Placed,88.66666666666667,safe,Excellent
Elizabeth Allen,78.4,57,58,80,Volunteer,65916.0,No,6.6,Not Placed,65.0,safe,Average
Cynthia Miller,80.6,58,55,59,Music,59494.0,Yes,3.8,Not Placed,57.333333333333336,Need Improvement,Average
Lisa Harris,67.9,50,61,62,Music,86178.0,No,4.7,Placed,57.666666666666664,Need Improvement,Average
Sandra Lee,80.0,65,66,67,Volunteer,38831.0,Yes,5.4,Placed,66.0,safe,Average
Steven Hill,67.2,67,67,100,NCC,93779.0,Yes,7.7,Placed,78.0,safe,Good
Brian Scott,100.0,75,70,67,Sports,83839.0,Yes,5.3,Placed,70.66666666666667,safe,Good
Michael Lopez,90.4,60,55,52,Debate,82020.0,Yes,2.4,Not Placed,55.666666666666664,Need Improvement,Average
Jennifer Lopez,77.9,60,55,47,Music,147986.0,Yes,4.7,Not Placed,54.0,Need Improvement,Average
George Taylor,68.0,81,79,74,Sports,36704.0,Yes,6.8,Placed,78.0,safe,Good
Carol Davis,66.4,47,61,65,NCC,54630.0,Yes,5.3,Placed,57.666666666666664,Need Improvement,Average
Robert Williams,75.2,44,67,68,Music,8000.0,No,3.4,Placed,59.666666666666664,Need Improvement,Average
Matthew Hill,92.5,54,55,56,Debate,40325.0,Yes,3.0,Not Placed,55.0,Need Improvement,Average
Karen Williams,89.1,42,58,71,Music,99481.0,No,4.3,Not Placed,57.0,Need Improvement,Average
Jason Torres,78.3,59,72,69,NCC,102540.0,No,6.3,Placed,66.66666666666667,safe,Average
Anthony Hernandez,89.8,89,85,100,NCC,66446.0,Yes,9.2,Placed,91.33333333333333,safe,Excellent
Jennifer Martinez,93.1,83,93,84,Volunteer,30993.0,Yes,6.5,Placed,86.66666666666667,safe,Excellent
Sarah Anderson,71.4,58,73,85,Sports,64702.0,No,6.0,Placed,72.0,safe,Good
Gary Moore,80.3,74,70,74,Sports,57678.0,No,6.9,Placed,72.66666666666667,safe,Good
Joseph Brown,74.9,49,64,60,Debate,103540.0,Yes,3.9,Placed,57.666666666666664,Need Improvement,Average
James King,76.7,54,52,56,Volunteer,125859.0,No,3.2,Not Placed,54.0,Need Improvement,Average
Joshua Jackson,63.0,31,43,56,NCC,72651.0,No,6.0,Not Placed,43.333333333333336,Need Improvement,Poor
John Ramirez,72.1,66,87,76,Music,36110.0,No,6.6,Placed,76.33333333333333,safe,Good
Karen Walker,67.3,62,55,79,Volunteer,76968.0,Yes,6.4,Not Placed,65.33333333333333,safe,Average
Jennifer Thompson,80.8,58,59,57,Sports,67398.0,Yes,4.8,Not Placed,58.0,Need Improvement,Average
Ronald Harris,81.6,76,71,72,NCC,47509.0,No,4.5,Placed,73.0,safe,Good
Sharon Williams,75.2,67,65,82,NCC,106735.0,No,6.0,Placed,71.33333333333333,safe,Good
Joseph Williams,94.9,51,70,62,Volunteer,93322.0,No,4.9,Placed,61.0,safe,Average
Thomas Davis,71.2,60,69,71,Sports,76545.0,Yes,4.0,Placed,66.66666666666667,safe,Average
Edward Taylor,81.1,93,0,97,NCC,108475.0,Yes,8.4,Placed,63.333333333333336,safe,Average
Richard Young,82.2,50,72,95,Sports,90401.0,No,5.7,Placed,72.33333333333333,safe,Good
James Nguyen,80.0,60,78,88,Debate,46094.0,No,5.9,Placed,75.33333333333333,safe,Good
Kenneth Walker,89.2,78,90,100,Sports,58703.0,Yes,8.2,Placed,89.33333333333333,safe,Excellent
Sarah Flores,64.1,47,49,46,Sports,90525.0,Yes,2.9,Not Placed,47.333333333333336,Need Improvement,Poor
Jacob Sanchez,75.8,64,66,69,Sports,61740.0,No,4.9,Placed,66.33333333333333,safe,Average
Emma Jackson,80.0,40,62,74,Volunteer,44662.0,Yes,4.6,Placed,58.666666666666664,Need Improvement,Average
Charles Ramirez,71.8,62,67,89,Debate,25154.0,Yes,7.3,Placed,72.66666666666667,safe,Good
Emily White,90.6,36,0,62,Debate,52209.0,Yes,2.4,Not Placed,32.666666666666664,At risk,Poor
Matthew Rodriguez,67.2,65,63,78,Sports,59591.0,No,5.7,Placed,68.66666666666667,safe,Average
Daniel Sanchez,80.0,77,81,79,Volunteer,84018.0,Yes,6.8,Placed,79.0,safe,Good
Kimberly Williams,81.4,22,80,35,Volunteer,45331.0,Yes,1.0,Not Placed,45.666666666666664,Need Improvement,Poor
Andrew Lopez,80.0,64,80,57,Music,101351.0,Yes,4.5,Placed,67.0,safe,Average
Steven Williams,81.5,41,59,42,NCC,67084.0,Yes,1.2,Not Placed,47.333333333333336,Need Improvement,Poor
Carol Harris,96.5,82,86,83,NCC,37277.0,No,7.7,Placed,83.66666666666667,safe,Good
Brian Allen,93.0,88,87,80,Sports,46787.0,Yes,6.5,Placed,85.0,safe,Excellent
Emma Harris,88.4,55,77,53,Sports,80126.0,Yes,2.9,Placed,61.666666666666664,safe,Average
Sarah Lewis,90.9,76,94,81,Volunteer,101329.0,Yes,8.0,Placed,83.66666666666667,safe,Good
Sandra King,96.8,54,74,88,Music,114962.0,Yes,4.6,Placed,72.0,safe,Good
Amanda Young,85.6,49,66,49,Sports,40712.0,Yes,3.5,Placed,54.666666666666664,Need Improvement,Average
Emily Anderson,88.1,69,75,66,Sports,80688.0,No,5.5,Placed,70.0,safe,Good
Anthony Garcia,76.3,59,70,46,Volunteer,98744.0,No,4.4,Not Placed,58.333333333333336,Need Improvement,Average
Mary Jackson,74.4,55,68,61,Sports,56128.0,No,5.6,Placed,61.333333333333336,safe,Average
Paul Jackson,80.4,71,72,89,Volunteer,90266.0,Yes,6.4,Placed,77.33333333333333,safe,Good
Amy Young,72.9,46,52,53,Music,101933.0,No,3.4,Not Placed,50.333333333333336,Need Improvement,Average
Kevin Rodriguez,72.5,42,44,69,Sports,75396.0,Yes,5.3,Not Placed,51.666666666666664,Need Improvement,Average
George Jackson,81.6,57,61,64,Volunteer,45655.0,Yes,6.2,Placed,60.666666666666664,safe,Average
Betty Smith,80.3,75,71,76,Sports,64702.0,No,6.0,Placed,74.0,safe,Good
Jessica Lopez,94.5,79,69,45,Sports,80582.0,Yes,3.8,Placed,64.33333333333333,safe,Average
Emma Martin,83.7,32,50,51,Music,54721.0,No,3.2,Not Placed,44.333333333333336,Need Improvement,Poor
Anthony Sanchez,86.2,63,65,87,Music,50315.0,Yes,5.1,Placed,71.66666666666667,safe,Good
Ryan Hernandez,74.2,79,81,93,Sports,81970.0,Yes,6.3,Placed,84.33333333333333,safe,Good
Ryan Wilson,92.3,64,71,63,Music,33487.0,No,7.0,Placed,66.0,safe,Average
Emily White,75.1,79,67,63,Sports,59084.0,Yes,4.9,Placed,69.66666666666667,safe,Average
Anthony Lewis,80.1,45,44,49,Sports,22955.0,Yes,1.3,Not Placed,46.0,Need Improvement,Poor
Anthony Moore,97.4,79,81,92,Sports,52364.0,Yes,7.6,Placed,84.0,safe,Good
Kimberly Williams,80.5,67,79,99,Debate,71363.0,No,7.4,Placed,81.66666666666667,safe,Good
Melissa Anderson,93.7,75,78,73,NCC,52982.0,Yes,5.5,Placed,75.33333333333333,safe,Good
Ronald Harris,92.3,62,75,80,Sports,69494.0,No,5.6,Placed,72.33333333333333,safe,Good
Matthew King,81.1,84,90,79,NCC,69617.0,Yes,6.5,Placed,84.33333333333333,safe,Good
Michelle King,94.7,88,79,100,Volunteer,53924.0,Yes,8.7,Placed,89.0,safe,Excellent
Amanda Scott,100.0,92,98,96,Music,78560.0,Yes,8.5,Placed,95.33333333333333,safe,Excellent
Emma Allen,77.3,82,0,84,Sports,37938.0,Yes,8.6,Placed,55.333333333333336,Need Improvement,Average
Robert Smith,71.7,47,43,82,Debate,35827.0,No,5.5,Not Placed,57.333333333333336,Need Improvement,Average
Nancy Flores,71.6,83,61,77,Sports,64702.0,Yes,6.2,Placed,73.66666666666667,safe,Good
Joshua Young,68.1,39,80,74,Debate,37262.0,No,5.1,Not Placed,64.33333333333333,safe,Average
Carol King,66.9,29,48,46,Sports,71745.0,Yes,3.3,Not Placed,41.0,Need Improvement,Poor
George Flores,70.8,98,86,100,Volunteer,39520.0,Yes,9.9,Placed,94.66666666666667,safe,Excellent
James Anderson,84.0,44,51,69,Music,96416.0,No,3.9,Not Placed,54.666666666666664,Need Improvement,Average
William Wilson,96.1,68,71,67,Sports,68112.0,Yes,5.6,Placed,68.66666666666667,safe,Average
Nicholas Martinez,66.2,40,60,68,Debate,58647.0,Yes,5.3,Placed,56.0,Need Improvement,Average
Matthew Taylor,89.8,46,51,59,Music,43832.0,Yes,5.3,Not Placed,52.0,Need Improvement,Average
Amy Brown,75.4,53,69,89,Debate,115533.0,Yes,6.6,Placed,70.33333333333333,safe,Good
Donald Gonzalez,89.6,55,58,61,Sports,94176.0,Yes,3.9,Not Placed,58.0,Need Improvement,Average
Gary Anderson,80.7,62,83,96,Sports,89538.0,Yes,8.0,Placed,80.33333333333333,safe,Good
Donald Clark,80.9,34,46,23,Sports,41192.0,Yes,1.0,Not Placed,34.333333333333336,At risk,Poor
Linda Walker,81.2,74,78,76,Volunteer,80793.0,No,5.8,Placed,76.0,safe,Good
Michael Ramirez,81.2,61,81,96,NCC,84526.0,Yes,7.9,Placed,79.33333333333333,safe,Good
John Lee,73.8,62,78,100,Music,29015.0,Yes,7.2,Placed,80.0,safe,Good
Mary Martinez,79.2,35,43,41,Debate,94560.0,No,3.5,Not Placed,39.666666666666664,At risk,Poor
Ashley Robinson,72.2,54,60,61,Debate,84667.0,Yes,3.6,Placed,58.333333333333336,Need Improvement,Average
James Lee,89.1,65,85,67,Music,93801.0,Yes,5.6,Placed,72.33333333333333,safe,Good
Susan Lewis,63.8,26,45,77,Volunteer,107540.0,No,4.8,Not Placed,49.333333333333336,Need Improvement,Poor
Nancy Allen,63.8,83,91,93,Music,83781.0,Yes,8.6,Placed,89.0,safe,Excellent
Elizabeth Ramirez,59.8,49,65,100,Sports,45644.0,No,9.6,Placed,71.33333333333333,safe,Good
Patricia Harris,75.5,60,65,87,Debate,80614.0,No,5.7,Placed,70.66666666666667,safe,Good
John Thomas,68.3,68,70,82,Volunteer,61592.0,Yes,5.5,Placed,73.33333333333333,safe,Good
Jacob Walker,85.7,64,69,75,Sports,52466.0,Yes,5.2,Placed,69.33333333333333,safe,Average
Edward Flores,72.8,42,49,60,Sports,98364.0,No,4.3,Not Placed,50.333333333333336,Need Improvement,Average
James Anderson,54.5,40,26,74,NCC,8000.0,No,4.7,Not Placed,46.666666666666664,Need Improvement,Poor
Steven Walker,84.1,43,51,28,Volunteer,13387.0,Yes,2.8,Not Placed,40.666666666666664,Need Improvement,Poor
Matthew Nguyen,73.1,56,47,68,Sports,64263.0,Yes,5.2,Not Placed,57.0,Need Improvement,Average
Jennifer Rodriguez,78.0,61,64,100,Debate,59234.0,Yes,7.9,Placed,75.0,safe,Good
Stephanie Jackson,54.7,59,57,72,Sports,50975.0,Yes,6.0,Not Placed,62.666666666666664,safe,Average
Charles Wright,94.9,55,76,80,Sports,8219.0,Yes,4.8,Placed,70.33333333333333,safe,Good
Matthew Sanchez,77.6,69,70,70,Volunteer,68856.0,No,6.4,Placed,69.66666666666667,safe,Average
Deborah Scott,74.0,84,90,89,Sports,65954.0,Yes,7.3,Placed,87.66666666666667,safe,Excellent
Sarah Davis,69.1,45,58,76,Volunteer,59118.0,No,5.9,Not Placed,59.666666666666664,Need Improvement,Average
Paul Wilson,68.6,63,61,75,Volunteer,60010.0,Yes,5.2,Placed,66.33333333333333,safe,Average
Robert Nguyen,85.6,59,62,59,Sports,22496.0,Yes,3.3,Placed,60.0,safe,Average
Emma Lewis,81.1,59,66,55,Sports,82877.0,Yes,4.5,Placed,60.0,safe,Average
Amy Jackson,56.1,37,35,58,Music,10265.0,No,3.7,Not Placed,43.333333333333336,Need Improvement,Poor
Carol Hernandez,83.5,78,67,80,Sports,67667.0,Yes,6.5,Placed,75.0,safe,Good
Gary Young,76.5,34,42,80,Sports,95503.0,No,7.6,Not Placed,52.0,Need Improvement,Average
Emma Sanchez,79.1,47,57,82,NCC,32289.0,No,5.9,Not Placed,62.0,safe,Average
Daniel Robinson,88.3,60,89,89,Volunteer,71314.0,Yes,6.3,Placed,79.33333333333333,safe,Good
Laura Clark,87.9,60,69,84,Sports,69543.0,Yes,6.7,Placed,71.0,safe,Good
Angela Thomas,86.7,61,80,89,Sports,33010.0,Yes,7.1,Placed,76.66666666666667,safe,Good
Kenneth Lee,76.2,65,79,82,Debate,69477.0,Yes,6.2,Placed,75.33333333333333,safe,Good
Linda Miller,76.8,45,54,76,Sports,57021.0,No,4.7,Not Placed,58.333333333333336,Need Improvement,Average
Betty Perez,62.6,37,46,73,Sports,20815.0,Yes,3.7,Not Placed,52.0,Need Improvement,Average
Charles Wilson,61.5,22,43,47,Debate,63201.0,Yes,1.7,Not Placed,37.333333333333336,At risk,Poor
David Flores,75.1,59,54,69,Music,41081.0,Yes,4.8,Not Placed,60.666666666666664,safe,Average
Amy White,92.6,72,81,100,Music,107982.0,Yes,8.6,Placed,84.33333333333333,safe,Good
Patricia Brown,83.6,55,61,65,NCC,52606.0,Yes,5.2,Placed,60.333333333333336,safe,Average
Ronald Scott,68.6,41,56,67,Sports,55594.0,No,4.2,Not Placed,54.666666666666664,Need Improvement,Average
Betty White,92.5,64,66,70,Debate,23906.0,Yes,6.2,Placed,66.66666666666667,safe,Average
Steven Brown,78.9,61,90,46,Sports,52876.0,Yes,4.7,Not Placed,65.66666666666667,safe,Average
Amy Moore,70.8,77,62,92,Debate,46794.0,Yes,6.0,Placed,77.0,safe,Good
Jason Ramirez,81.0,63,75,100,Music,73601.0,No,9.4,Placed,79.33333333333333,safe,Good
Cynthia Jackson,96.8,70,88,90,NCC,64657.0,Yes,6.4,Placed,82.66666666666667,safe,Good
James Miller,84.8,21,40,51,NCC,104365.0,Yes,1.4,Not Placed,37.333333333333336,At risk,Poor
Steven Moore,63.9,60,53,64,Sports,57812.0,No,6.1,Not Placed,59.0,Need Improvement,Average
Linda Gonzalez,64.0,100,85,100,Sports,92644.0,Yes,7.0,Placed,95.0,safe,Excellent
Elizabeth King,80.0,32,42,41,Sports,64702.0,Yes,2.0,Not Placed,38.333333333333336,At risk,Poor
Steven Torres,83.4,39,44,41,NCC,85655.0,Yes,3.0,Not Placed,41.333333333333336,Need Improvement,Poor
Michael Sanchez,81.8,56,63,64,Sports,90980.0,Yes,3.2,Placed,61.0,safe,Average
Amanda Perez,86.3,75,74,80,Music,76395.0,Yes,6.1,Placed,76.33333333333333,safe,Good
Ashley Williams,75.1,83,82,83,Sports,64702.0,No,6.9,Placed,82.66666666666667,safe,Good
Cynthia Miller,80.4,41,54,75,NCC,64702.0,Yes,5.1,Not Placed,56.666666666666664,Need Improvement,Average
James Garcia,100.0,55,70,59,Music,64702.0,No,3.7,Placed,61.333333333333336,safe,Average
Ronald Smith,79.4,58,72,78,NCC,101043.0,No,6.7,Placed,69.33333333333333,safe,Average
Paul Young,81.5,64,65,71,Music,113710.0,No,4.6,Placed,66.66666666666667,safe,Average
Amy Allen,84.5,64,60,81,Volunteer,44733.0,Yes,6.1,Placed,68.33333333333333,safe,Average
Susan Wright,72.7,46,62,75,Sports,63315.0,Yes,4.3,Placed,61.0,safe,Average
Michael Hernandez,80.0,55,55,53,Sports,104309.0,Yes,4.2,Not Placed,54.333333333333336,Need Improvement,Average
Edward Johnson,69.1,70,68,91,Volunteer,61136.0,Yes,6.4,Placed,76.33333333333333,safe,Good
Deborah Thompson,65.1,67,80,84,Sports,39606.0,No,6.9,Placed,77.0,safe,Good
Jason Smith,92.5,93,84,91,Sports,64233.0,Yes,7.1,Placed,89.33333333333333,safe,Excellent
Linda Garcia,83.6,38,59,62,NCC,73864.0,No,3.2,Not Placed,53.0,Need Improvement,Average
Michael Flores,71.8,55,52,62,Sports,73658.0,Yes,4.9,Not Placed,56.333333333333336,Need Improvement,Average
Thomas Martinez,81.9,42,0,72,Music,101750.0,Yes,5.0,Placed,38.0,At risk,Poor
Emily Young,98.6,44,62,63,Sports,49822.0,Yes,4.6,Placed,56.333333333333336,Need Improvement,Average
Linda Flores,100.0,42,71,52,Debate,76454.0,Yes,2.5,Placed,55.0,Need Improvement,Average
Patricia Jones,96.4,79,91,91,Debate,119797.0,Yes,7.6,Placed,87.0,safe,Excellent
Emily Hill,86.6,41,59,83,Sports,33726.0,Yes,4.6,Not Placed,61.0,safe,Average
Sarah Brown,79.6,62,79,77,Debate,63682.0,No,5.0,Placed,72.66666666666667,safe,Good
Emily Torres,91.7,57,67,64,NCC,42266.0,Yes,4.7,Placed,62.666666666666664,safe,Average
Edward Walker,80.7,43,48,47,Volunteer,79771.0,No,3.7,Not Placed,46.0,Need Improvement,Poor
Donald Davis,67.7,71,72,85,Debate,27895.0,No,5.9,Placed,76.0,safe,Good
Paul Jones,84.2,64,71,88,Sports,39648.0,Yes,7.0,Placed,74.33333333333333,safe,Good
Sarah Lopez,98.7,96,98,100,NCC,40408.0,Yes,8.7,Placed,98.0,safe,Excellent
Joshua Harris,86.3,56,72,81,Sports,108551.0,Yes,3.8,Placed,69.66666666666667,safe,Average
Jennifer Jackson,73.8,49,67,56,NCC,72596.0,Yes,4.4,Placed,57.333333333333336,Need Improvement,Average
Carol White,77.9,24,36,51,Sports,48376.0,No,3.0,Not Placed,37.0,At risk,Poor
Edward Brown,85.6,39,35,40,Sports,79235.0,Yes,1.6,Not Placed,38.0,At risk,Poor
John Garcia,84.8,76,71,88,Volunteer,63095.0,Yes,7.8,Placed,78.33333333333333,safe,Good
Sharon Perez,70.5,49,56,88,Music,17575.0,Yes,6.2,Not Placed,64.33333333333333,safe,Average
Patricia White,92.5,54,66,72,NCC,57741.0,No,4.8,Placed,64.0,safe,Average
Deborah Hill,82.5,57,72,60,Debate,86367.0,Yes,6.0,Placed,63.0,safe,Average
Mary Garcia,81.3,57,70,40,Sports,76604.0,Yes,2.1,Not Placed,55.666666666666664,Need Improvement,Average
Kimberly Wright,78.6,48,45,54,Sports,77774.0,Yes,3.6,Not Placed,49.0,Need Improvement,Poor
Deborah Davis,100.0,61,64,46,Sports,92942.0,Yes,4.8,Placed,57.0,Need Improvement,Average
Deborah Lewis,70.8,72,67,100,Debate,19953.0,Yes,7.0,Placed,79.66666666666667,safe,Good
John Davis,85.9,60,90,95,Volunteer,72243.0,No,6.8,Placed,81.66666666666667,safe,Good
David Smith,75.9,63,58,60,Debate,41616.0,No,4.2,Not Placed,60.333333333333336,safe,Average
Elizabeth Gonzalez,72.2,51,65,59,NCC,76579.0,Yes,4.0,Placed,58.333333333333336,Need Improvement,Average
Rebecca Lee,100.0,69,90,84,NCC,115189.0,Yes,5.8,Placed,81.0,safe,Good
Melissa Johnson,87.5,68,87,96,Volunteer,67848.0,Yes,6.6,Placed,83.66666666666667,safe,Good
Kevin Smith,75.4,54,69,73,NCC,115770.0,Yes,4.2,Placed,65.33333333333333,safe,Average
Andrew Thompson,63.6,63,72,75,Music,70383.0,Yes,6.2,Placed,70.0,safe,Good
David Lewis,95.1,34,36,24,Sports,56213.0,Yes,1.0,Not Placed,31.333333333333332,At risk,Poor
Betty Taylor,83.5,63,59,57,Sports,100608.0,Yes,4.3,Not Placed,59.666666666666664,Need Improvement,Average
Brian Miller,65.0,77,58,83,Debate,63383.0,Yes,7.1,Not Placed,72.66666666666667,safe,Good
Sandra Moore,77.9,52,71,72,Debate,58974.0,Yes,5.7,Placed,65.0,safe,Average
Angela Wilson,71.2,52,52,43,Music,86972.0,Yes,1.9,Not Placed,49.0,Need Improvement,Poor
Sandra Thompson,80.4,80,72,82,NCC,74174.0,No,6.7,Placed,78.0,safe,Good
Ashley Garcia,94.6,73,69,66,Music,72870.0,Yes,5.9,Placed,69.33333333333333,safe,Average
Paul Thomas,88.4,43,53,55,Sports,51625.0,Yes,1.0,Not Placed,50.333333333333336,Need Improvement,Average
Emma Lopez,73.5,39,48,69,Music,96912.0,Yes,3.3,Not Placed,52.0,Need Improvement,Average
Joseph Jackson,74.4,77,72,71,NCC,57449.0,No,7.1,Placed,73.33333333333333,safe,Good
Matthew Moore,80.0,44,48,45,Sports,77275.0,Yes,2.2,Not Placed,45.666666666666664,Need Improvement,Poor
Mark Walker,97.1,58,72,62,Debate,115077.0,Yes,3.3,Placed,64.0,safe,Average
Gary Sanchez,85.0,54,63,66,Volunteer,64702.0,Yes,3.4,Placed,61.0,safe,Average
Ryan Walker,80.0,48,70,82,Debate,87103.0,Yes,5.2,Placed,66.66666666666667,safe,Average
Steven Lewis,75.1,55,65,90,Sports,91717.0,Yes,6.4,Placed,70.0,safe,Good
Charles Sanchez,86.0,75,66,50,Music,84306.0,Yes,4.7,Placed,63.666666666666664,safe,Average
Melissa White,85.8,67,67,100,Volunteer,72793.0,Yes,5.5,Placed,78.0,safe,Good
Jacob Martinez,85.3,65,66,66,Music,34520.0,No,6.4,Placed,65.66666666666667,safe,Average
Ronald Lewis,77.9,78,70,65,Volunteer,137058.0,Yes,5.1,Placed,71.0,safe,Good
Stephanie Hill,100.0,87,97,100,Sports,92788.0,Yes,9.1,Placed,94.66666666666667,safe,Excellent
Daniel Gonzalez,57.9,72,69,78,Sports,46761.0,Yes,6.3,Placed,73.0,safe,Good
Deborah Brown,94.7,60,76,82,Music,46596.0,No,6.3,Placed,72.66666666666667,safe,Good
Betty Miller,74.7,60,88,97,Sports,48258.0,Yes,9.1,Placed,81.66666666666667,safe,Good
Michelle Lee,68.2,30,54,60,Music,42812.0,Yes,4.5,Not Placed,48.0,Need Improvement,Poor
Anthony Sanchez,100.0,52,59,54,Volunteer,52616.0,Yes,3.5,Not Placed,55.0,Need Improvement,Average
Jason Robinson,51.2,67,80,66,Debate,53337.0,Yes,3.4,Placed,71.0,safe,Good
Daniel Johnson,90.1,59,78,87,Sports,68458.0,Yes,6.5,Placed,74.66666666666667,safe,Good
Donna Sanchez,92.3,66,75,98,Sports,42502.0,Yes,7.8,Placed,79.66666666666667,safe,Good
Sarah Thompson,64.7,43,57,71,Sports,55288.0,No,6.1,Not Placed,57.0,Need Improvement,Average
Nancy Rodriguez,72.4,77,81,92,Sports,11079.0,Yes,7.1,Placed,83.33333333333333,safe,Good
Robert Thomas,92.6,60,76,78,NCC,110840.0,No,6.9,Placed,71.33333333333333,safe,Good
Deborah Young,100.0,68,76,77,Sports,34611.0,Yes,6.0,Placed,73.66666666666667,safe,Good
Jennifer Walker,81.4,50,70,73,Sports,64702.0,No,4.4,Placed,64.33333333333333,safe,Average
Kenneth Wilson,76.0,54,72,78,Sports,48090.0,No,6.9,Placed,68.0,safe,Average
Sharon Lee,68.5,88,89,100,Debate,112350.0,Yes,9.2,Placed,92.33333333333333,safe,Excellent
Joshua Lopez,93.0,56,60,63,Sports,112097.0,Yes,4.0,Placed,59.666666666666664,Need Improvement,Average
Michelle Anderson,80.0,82,88,95,Debate,77702.0,Yes,7.6,Placed,88.33333333333333,safe,Excellent
Nancy Wilson,97.5,77,76,76,NCC,30199.0,Yes,5.3,Placed,76.33333333333333,safe,Good
Gary Jackson,89.2,63,73,68,Volunteer,56841.0,Yes,5.0,Placed,68.0,safe,Average
Kimberly Gonzalez,65.0,55,90,56,Volunteer,90943.0,Yes,4.2,Placed,67.0,safe,Average
Andrew Harris,71.7,73,78,100,Sports,46148.0,No,7.4,Placed,83.66666666666667,safe,Good
Kevin Torres,84.1,65,70,69,Sports,40089.0,Yes,6.1,Placed,68.0,safe,Average
Sandra King,86.4,38,45,70,Sports,71190.0,No,3.9,Not Placed,51.0,Need Improvement,Average
Brian Walker,99.5,46,52,27,Sports,56263.0,Yes,2.2,Not Placed,41.666666666666664,Need Improvement,Poor
Patricia Thomas,84.6,73,73,73,Sports,37663.0,Yes,5.9,Placed,73.0,safe,Good
Lisa Rodriguez,80.4,63,54,57,Volunteer,59975.0,Yes,4.5,Not Placed,58.0,Need Improvement,Average
Lisa Davis,72.8,72,82,92,Volunteer,18161.0,Yes,6.9,Placed,82.0,safe,Good
Ashley Young,73.9,68,85,100,Music,111872.0,Yes,8.1,Placed,84.33333333333333,safe,Good
Mary Young,75.7,50,60,74,Volunteer,38315.0,Yes,3.5,Placed,61.333333333333336,safe,Average
Daniel Perez,81.6,54,47,70,NCC,102734.0,Yes,5.4,Not Placed,57.0,Need Improvement,Average
Charles Nguyen,79.4,68,73,87,Sports,8000.0,Yes,6.4,Placed,76.0,safe,Good
Andrew Moore,79.8,74,61,56,Music,54659.0,Yes,4.3,Placed,63.666666666666664,safe,Average
Amanda Gonzalez,87.7,61,69,58,Sports,64702.0,No,4.7,Placed,62.666666666666664,safe,Average
Jessica Johnson,100.0,22,40,23,NCC,103385.0,No,1.8,Not Placed,28.333333333333332,At risk,Poor
Nancy Jackson,77.2,53,55,57,Volunteer,22828.0,No,5.0,Not Placed,55.0,Need Improvement,Average
Steven Lee,100.0,87,100,97,Debate,64702.0,Yes,7.5,Placed,94.66666666666667,safe,Excellent
Ashley Wright,63.2,62,82,100,Volunteer,8000.0,No,7.5,Placed,81.33333333333333,safe,Good
Amanda Thomas,80.0,48,45,40,Sports,83420.0,No,3.4,Not Placed,44.333333333333336,Need Improvement,Poor
Lisa Lewis,67.9,68,74,79,Sports,91151.0,Yes,6.5,Placed,73.66666666666667,safe,Good
Sharon Garcia,78.7,73,84,89,Debate,61353.0,Yes,7.6,Placed,82.0,safe,Good
Michael Scott,83.4,47,63,60,Debate,110779.0,No,2.7,Placed,56.666666666666664,Need Improvement,Average
Karen Jones,77.3,48,64,64,Volunteer,59469.0,Yes,4.9,Placed,58.666666666666664,Need Improvement,Average
Emily Wilson,80.0,49,0,74,Sports,78650.0,Yes,5.0,Placed,41.0,Need Improvement,Poor
Laura Perez,84.5,66,68,74,Music,33513.0,No,5.7,Placed,69.33333333333333,safe,Average
Kevin Lewis,87.0,42,49,62,Debate,94228.0,Yes,4.9,Not Placed,51.0,Need Improvement,Average
Emily Martinez,72.1,60,71,68,Sports,37202.0,Yes,4.2,Placed,66.33333333333333,safe,Average
Sarah Jones,67.2,53,51,52,Music,122330.0,Yes,4.1,Not Placed,52.0,Need Improvement,Average
Jennifer Martin,80.6,76,78,79,Music,116888.0,Yes,7.7,Placed,77.66666666666667,safe,Good
Donald Lopez,74.7,57,79,100,Debate,72162.0,Yes,8.4,Placed,78.66666666666667,safe,Good
Angela Thompson,78.2,70,66,85,NCC,44179.0,No,7.3,Placed,73.66666666666667,safe,Good
John Williams,95.6,63,72,77,Music,45187.0,Yes,3.9,Placed,70.66666666666667,safe,Good
Amanda Lopez,80.5,29,46,61,Sports,67667.0,No,2.9,Not Placed,45.333333333333336,Need Improvement,Poor
Sarah Garcia,78.3,66,69,74,Volunteer,64702.0,Yes,6.0,Placed,69.66666666666667,safe,Average
Patricia Sanchez,91.6,55,60,55,Debate,60826.0,Yes,3.8,Placed,56.666666666666664,Need Improvement,Average
Donald Miller,94.0,61,77,65,Music,26955.0,Yes,4.6,Placed,67.66666666666667,safe,Average
Andrew Jones,69.8,60,74,85,Sports,87992.0,Yes,6.0,Placed,73.0,safe,Good
Susan Rodriguez,68.3,52,65,69,Sports,85885.0,Yes,4.3,Placed,62.0,safe,Average
David Ramirez,80.3,57,54,59,Volunteer,59855.0,Yes,4.7,Not Placed,56.666666666666664,Need Improvement,Average
Patricia Gonzalez,85.9,37,51,42,Sports,62665.0,No,2.7,Not Placed,43.333333333333336,Need Improvement,Poor
Kenneth Lee,82.3,61,77,69,Debate,61708.0,Yes,6.4,Placed,69.0,safe,Average
Mark Johnson,82.2,29,40,75,Volunteer,143715.0,No,4.5,Not Placed,48.0,Need Improvement,Poor
Gary Lewis,93.8,80,95,88,Volunteer,79974.0,Yes,6.2,Placed,87.66666666666667,safe,Excellent
Jason Rodriguez,67.4,52,70,74,Sports,72248.0,No,5.2,Placed,65.33333333333333,safe,Average
Kevin Anderson,70.2,73,79,71,Sports,46270.0,Yes,7.8,Placed,74.33333333333333,safe,Good
Sarah White,89.1,72,83,97,Volunteer,27421.0,Yes,7.8,Placed,84.0,safe,Good
Steven Anderson,70.0,43,51,59,Sports,74202.0,Yes,3.6,Not Placed,51.0,Need Improvement,Average
Paul Moore,84.6,67,59,63,NCC,54288.0,No,4.6,Not Placed,63.0,safe,Average
Matthew Gonzalez,75.6,85,80,76,Sports,64702.0,Yes,7.1,Placed,80.33333333333333,safe,Good
Nicholas Harris,81.3,47,60,47,Volunteer,82280.0,Yes,1.8,Placed,51.333333333333336,Need Improvement,Average
Emma Jackson,84.7,57,67,88,NCC,92252.0,No,7.0,Placed,70.66666666666667,safe,Good
Nancy King,66.7,49,56,65,Sports,49420.0,No,5.3,Not Placed,56.666666666666664,Need Improvement,Average
David Hernandez,80.0,39,64,63,Sports,64702.0,Yes,3.2,Placed,55.333333333333336,Need Improvement,Average
Steven Hernandez,85.5,67,70,100,NCC,71599.0,No,8.9,Placed,79.0,safe,Good
Cynthia Davis,77.0,64,61,57,Debate,63286.0,Yes,5.8,Placed,60.666666666666664,safe,Average
Anthony Sanchez,66.4,33,54,59,Sports,66675.0,No,5.0,Not Placed,48.666666666666664,Need Improvement,Poor
Lisa Jackson,83.6,52,68,64,Debate,101163.0,No,4.5,Placed,61.333333333333336,safe,Average
Jessica Walker,80.0,61,72,65,Volunteer,91249.0,Yes,4.4,Placed,66.0,safe,Average
John Young,71.3,57,60,73,NCC,68579.0,Yes,4.7,Placed,63.333333333333336,safe,Average
Melissa White,56.6,61,72,77,Music,49763.0,Yes,5.4,Placed,70.0,safe,Good
Lisa Robinson,86.2,71,84,98,Debate,43529.0,Yes,7.2,Placed,84.33333333333333,safe,Good
Nancy Flores,91.3,72,81,100,Music,70382.0,Yes,7.1,Placed,84.33333333333333,safe,Good
Jacob Harris,54.8,32,38,60,Debate,11264.0,No,3.5,Not Placed,43.333333333333336,Need Improvement,Poor
Ryan King,80.3,60,58,66,NCC,56669.0,Yes,4.8,Not Placed,61.333333333333336,safe,Average
George Thompson,76.7,50,80,91,Sports,123331.0,No,7.4,Placed,73.66666666666667,safe,Good
Kenneth Ramirez,75.1,46,52,75,Music,88007.0,No,3.6,Not Placed,57.666666666666664,Need Improvement,Average
Nancy Allen,77.4,51,79,88,Debate,30619.0,No,6.6,Placed,72.66666666666667,safe,Good
Jason Lee,91.1,79,100,100,Debate,75523.0,Yes,9.1,Placed,93.0,safe,Excellent
Nancy Wright,86.6,78,79,100,NCC,26506.0,No,9.7,Placed,85.66666666666667,safe,Excellent
Sarah Taylor,85.9,43,52,46,Volunteer,27783.0,No,3.2,Not Placed,47.0,Need Improvement,Poor
Sharon Lopez,70.3,63,51,71,Volunteer,77208.0,No,5.7,Not Placed,61.666666666666664,safe,Average
Nicholas Torres,85.8,46,63,46,Volunteer,95018.0,No,3.8,Placed,51.666666666666664,Need Improvement,Average
Amanda Scott,83.6,55,67,69,Music,60633.0,Yes,5.4,Placed,63.666666666666664,safe,Average
Linda Sanchez,86.3,94,87,100,Debate,52448.0,Yes,10.0,Placed,93.66666666666667,safe,Excellent
Donald Jackson,98.6,64,82,77,Volunteer,46877.0,No,6.1,Placed,74.33333333333333,safe,Good
Cynthia Harris,78.0,74,89,97,Debate,21282.0,Yes,7.4,Placed,86.66666666666667,safe,Excellent
Deborah Thomas,88.3,63,66,83,Volunteer,118968.0,Yes,5.4,Placed,70.66666666666667,safe,Good
Kenneth Thomas,76.3,47,50,66,Music,22226.0,No,4.7,Not Placed,54.333333333333336,Need Improvement,Average
Steven Wilson,100.0,94,95,100,Volunteer,71156.0,Yes,8.5,Placed,96.33333333333333,safe,Excellent
Anthony Davis,82.6,43,90,72,Sports,59064.0,Yes,4.3,Not Placed,68.33333333333333,safe,Average
Edward Wright,79.2,69,64,59,Volunteer,61895.0,Yes,4.9,Placed,64.0,safe,Average
Linda Taylor,70.0,51,72,81,Debate,64702.0,Yes,5.0,Placed,68.0,safe,Average
Paul Thompson,100.0,88,100,98,NCC,32648.0,Yes,9.0,Placed,95.33333333333333,safe,Excellent
Donald Martinez,75.0,40,57,85,Music,108762.0,Yes,4.1,Not Placed,60.666666666666664,safe,Average
Steven Rodriguez,83.0,54,62,69,Sports,78623.0,Yes,4.8,Placed,61.666666666666664,safe,Average
Jacob Smith,78.9,35,49,42,Debate,73229.0,No,3.0,Not Placed,42.0,Need Improvement,Poor
Gary Jones,93.1,89,100,99,Debate,45321.0,Yes,7.6,Placed,96.0,safe,Excellent
Emma Scott,83.8,54,56,77,Sports,76380.0,No,4.7,Not Placed,62.333333333333336,safe,Average
Rebecca Jones,75.2,60,61,78,NCC,94909.0,Yes,5.1,Placed,66.33333333333333,safe,Average
Nancy Anderson,79.6,54,90,96,Sports,134371.0,Yes,8.5,Placed,80.0,safe,Good
Emily Perez,100.0,48,55,65,Volunteer,68227.0,No,3.2,Not Placed,56.0,Need Improvement,Average
Paul Torres,80.0,57,59,82,Music,81664.0,Yes,6.1,Not Placed,66.0,safe,Average
Kimberly Clark,77.9,53,61,65,Music,79631.0,Yes,4.4,Placed,59.666666666666664,Need Improvement,Average
Sandra Lopez,65.6,53,90,94,Debate,16060.0,Yes,7.8,Not Placed,79.0,safe,Good
Donald Scott,88.1,51,50,39,NCC,57905.0,Yes,2.8,Not Placed,46.666666666666664,Need Improvement,Poor
Susan Ramirez,78.8,52,64,60,Sports,61345.0,Yes,4.6,Placed,58.666666666666664,Need Improvement,Average
Jennifer Clark,81.5,93,78,84,Sports,81664.0,No,6.3,Placed,85.0,safe,Excellent
Mark Hernandez,86.3,47,65,57,NCC,91758.0,Yes,3.1,Placed,56.333333333333336,Need Improvement,Average
Nicholas Martin,63.8,49,54,55,NCC,129595.0,Yes,3.4,Not Placed,52.666666666666664,Need Improvement,Average
Emily Rodriguez,66.5,47,44,64,Debate,55224.0,Yes,4.0,Not Placed,51.666666666666664,Need Improvement,Average
William Lewis,91.3,57,55,55,Debate,77011.0,Yes,2.4,Not Placed,55.666666666666664,Need Improvement,Average
Emma Gonzalez,94.5,92,98,100,Volunteer,57360.0,No,7.5,Placed,96.66666666666667,safe,Excellent
Donna Nguyen,55.9,56,55,47,Volunteer,49390.0,No,4.3,Not Placed,52.666666666666664,Need Improvement,Average
Mark Williams,74.2,49,54,52,Debate,32302.0,Yes,5.3,Not Placed,51.666666666666664,Need Improvement,Average
Laura Hill,77.0,52,68,79,Debate,52071.0,No,5.5,Placed,66.33333333333333,safe,Average
Joseph Rodriguez,61.0,42,41,49,Volunteer,55317.0,No,4.0,Not Placed,44.0,Need Improvement,Poor
Daniel Lee,88.9,39,55,57,Debate,50022.0,Yes,4.3,Not Placed,50.333333333333336,Need Improvement,Average
Paul Williams,84.7,47,54,69,Sports,53233.0,Yes,5.6,Not Placed,56.666666666666664,Need Improvement,Average
Donald Torres,84.1,57,74,39,NCC,75764.0,Yes,2.5,Placed,56.666666666666664,Need Improvement,Average
Paul Thomas,86.3,65,76,99,Music,45522.0,Yes,5.8,Placed,80.0,safe,Good
Jason Gonzalez,78.7,59,63,68,Music,60888.0,Yes,4.5,Placed,63.333333333333336,safe,Average
Nicholas King,80.1,72,66,100,Sports,67436.0,Yes,8.6,Placed,79.33333333333333,safe,Good
Deborah Torres,88.9,60,78,69,Debate,17838.0,No,6.0,Placed,69.0,safe,Average
Sharon Miller,79.5,29,54,51,Music,42706.0,Yes,3.7,Not Placed,44.666666666666664,Need Improvement,Poor
Ashley Allen,84.2,100,83,95,NCC,8000.0,No,7.6,Placed,92.66666666666667,safe,Excellent
Joseph Taylor,78.3,52,74,66,Volunteer,64702.0,Yes,5.9,Placed,64.0,safe,Average
Rebecca Martinez,73.0,49,53,57,Volunteer,78695.0,Yes,5.6,Not Placed,53.0,Need Improvement,Average
John Walker,73.7,66,67,55,Sports,59866.0,Yes,4.3,Placed,62.666666666666664,safe,Average
Kenneth Walker,90.5,63,90,75,Sports,53329.0,Yes,4.5,Placed,76.0,safe,Good
Brian Wright,76.5,56,61,67,NCC,87452.0,Yes,6.2,Placed,61.333333333333336,safe,Average
Charles Harris,100.0,63,80,84,Volunteer,57389.0,Yes,6.1,Placed,75.66666666666667,safe,Good
Carol Nguyen,75.6,72,68,76,NCC,66543.0,Yes,7.1,Placed,72.0,safe,Good
Kimberly Thompson,68.8,27,44,41,NCC,39547.0,Yes,1.0,Not Placed,37.333333333333336,At risk,Poor
Melissa Lee,76.0,40,34,41,Sports,84924.0,Yes,3.2,Not Placed,38.333333333333336,At risk,Poor
Emily Perez,92.7,61,70,77,Music,74827.0,No,6.5,Placed,69.33333333333333,safe,Average
Joshua Torres,90.8,45,53,45,NCC,107045.0,Yes,1.3,Not Placed,47.666666666666664,Need Improvement,Poor
Cynthia King,84.5,50,59,58,Sports,117673.0,Yes,3.7,Not Placed,55.666666666666664,Need Improvement,Average
Steven Lewis,98.0,43,55,69,Volunteer,92680.0,Yes,6.3,Not Placed,55.666666666666664,Need Improvement,Average
Kenneth Anderson,64.9,67,66,92,Volunteer,79747.0,Yes,6.3,Placed,75.0,safe,Good
Rebecca Hernandez,74.2,61,61,64,Music,143754.0,Yes,5.1,Placed,62.0,safe,Average
Cynthia White,84.9,56,90,51,Volunteer,135222.0,Yes,3.6,Placed,65.66666666666667,safe,Average
Angela Anderson,83.9,68,68,68,Music,27599.0,Yes,6.2,Placed,68.0,safe,Average
Gary Torres,69.9,54,61,87,Volunteer,30450.0,No,6.6,Placed,67.33333333333333,safe,Average
Jacob Smith,82.6,37,48,50,Sports,47817.0,Yes,2.5,Not Placed,45.0,Need Improvement,Poor
Joshua Hill,80.9,83,87,80,Sports,37320.0,Yes,7.2,Placed,83.33333333333333,safe,Good
Steven Gonzalez,64.1,67,86,100,Sports,81593.0,Yes,6.1,Placed,84.33333333333333,safe,Good
Deborah Clark,81.8,54,70,76,Music,38522.0,No,5.5,Placed,66.66666666666667,safe,Average
Edward Moore,83.7,51,65,61,Sports,84756.0,Yes,4.5,Placed,59.0,Need Improvement,Average
Donna Moore,71.4,65,76,94,NCC,58819.0,Yes,9.8,Placed,78.33333333333333,safe,Good
Mark Martinez,72.5,71,68,81,Sports,86515.0,Yes,5.1,Placed,73.33333333333333,safe,Good
Kevin Williams,72.1,81,76,100,Sports,74024.0,Yes,9.8,Placed,85.66666666666667,safe,Excellent
Donna Lewis,48.4,44,56,69,Sports,77181.0,Yes,5.9,Not Placed,56.333333333333336,Need Improvement,Average
Patricia Lewis,58.5,58,48,64,NCC,8000.0,Yes,4.1,Not Placed,56.666666666666664,Need Improvement,Average
Mark Clark,63.5,59,53,62,Debate,28916.0,Yes,5.3,Not Placed,58.0,Need Improvement,Average
Laura Gonzalez,66.8,62,67,81,Volunteer,84818.0,Yes,5.8,Placed,70.0,safe,Good
James Flores,99.1,68,74,89,Sports,64400.0,No,6.4,Placed,77.0,safe,Good
Emma Sanchez,78.7,46,54,54,NCC,8000.0,Yes,2.8,Not Placed,51.333333333333336,Need Improvement,Average
Cynthia King,92.5,69,69,83,Volunteer,52606.0,Yes,5.3,Placed,73.66666666666667,safe,Good
Patricia Wright,80.0,53,61,74,Sports,47682.0,Yes,5.2,Placed,62.666666666666664,safe,Average
Richard Allen,76.7,42,59,41,Sports,37728.0,Yes,3.9,Not Placed,47.333333333333336,Need Improvement,Poor
Melissa Lee,100.0,90,95,77,Sports,75684.0,Yes,6.0,Placed,87.33333333333333,safe,Excellent
Matthew Scott,78.0,70,61,57,Sports,91626.0,Yes,4.9,Placed,62.666666666666664,safe,Average
Carol Lopez,86.9,72,71,86,Sports,55536.0,Yes,6.1,Placed,76.33333333333333,safe,Good
Nancy Gonzalez,76.8,80,69,81,Sports,33802.0,No,7.4,Placed,76.66666666666667,safe,Good
Richard Young,65.7,56,70,69,NCC,127942.0,No,5.1,Placed,65.0,safe,Average
Jessica Hernandez,74.4,22,45,55,Debate,42777.0,Yes,2.2,Not Placed,40.666666666666664,Need Improvement,Poor
Deborah Flores,70.8,37,37,30,NCC,65862.0,Yes,1.9,Not Placed,34.666666666666664,At risk,Poor
Carol Smith,63.4,50,73,71,Debate,59797.0,No,4.1,Placed,64.66666666666667,safe,Average
Matthew Ramirez,69.9,54,59,75,Volunteer,31941.0,Yes,4.0,Not Placed,62.666666666666664,safe,Average
Andrew Anderson,80.0,40,61,75,Sports,63912.0,No,3.7,Placed,58.666666666666664,Need Improvement,Average
Nicholas Martin,70.7,48,53,57,NCC,53003.0,Yes,3.1,Not Placed,52.666666666666664,Need Improvement,Average
Joseph Wright,86.8,51,50,64,Sports,52973.0,No,5.7,Not Placed,55.0,Need Improvement,Average
Nicholas King,90.9,73,73,56,Sports,106309.0,Yes,6.1,Placed,67.33333333333333,safe,Average
Kimberly Miller,83.6,59,68,72,Music,46984.0,Yes,4.9,Placed,66.33333333333333,safe,Average
Gary Hill,81.9,66,87,85,Music,98207.0,Yes,6.5,Placed,79.33333333333333,safe,Good
William Lewis,80.0,44,70,61,Music,49761.0,Yes,3.0,Placed,58.333333333333336,Need Improvement,Average
Ashley Lewis,83.8,78,86,100,Sports,102241.0,Yes,8.4,Placed,88.0,safe,Excellent
Sarah Lee,96.1,74,72,64,Volunteer,86941.0,Yes,5.6,Placed,70.0,safe,Good
Nancy Ramirez,84.2,50,64,66,Debate,77144.0,Yes,6.2,Placed,60.0,safe,Average
Ryan Jackson,72.4,46,56,71,Debate,67400.0,No,5.9,Not Placed,57.666666666666664,Need Improvement,Average
Kevin Hernandez,72.5,75,83,91,Sports,113323.0,No,8.5,Placed,83.0,safe,Good
James Lee,60.6,68,90,100,Sports,61007.0,Yes,8.0,Placed,86.0,safe,Excellent
Melissa Rodriguez,64.9,45,51,34,Sports,76281.0,Yes,2.2,Not Placed,43.333333333333336,Need Improvement,Poor
Thomas Brown,73.6,74,87,88,Music,64702.0,Yes,7.4,Placed,83.0,safe,Good
Steven Brown,70.3,35,90,68,NCC,39261.0,Yes,3.8,Not Placed,64.33333333333333,safe,Average
Mary Lewis,95.7,71,77,69,Sports,55000.0,Yes,7.0,Placed,72.33333333333333,safe,Good
Kevin White,100.0,68,76,94,Sports,64702.0,Yes,7.2,Placed,79.33333333333333,safe,Good
Elizabeth Moore,87.4,66,93,83,NCC,61680.0,No,6.5,Placed,80.66666666666667,safe,Good
William Lopez,77.1,50,72,77,Music,71790.0,Yes,5.6,Placed,66.33333333333333,safe,Average
Patricia Jones,85.4,72,59,80,NCC,42052.0,Yes,7.0,Not Placed,70.33333333333333,safe,Good
Cynthia Hernandez,88.0,55,59,62,Debate,116850.0,No,4.3,Not Placed,58.666666666666664,Need Improvement,Average
Ryan Johnson,79.5,68,72,96,Sports,87847.0,Yes,6.8,Placed,78.66666666666667,safe,Good
Sandra Allen,75.7,56,60,68,Volunteer,67655.0,No,4.5,Placed,61.333333333333336,safe,Average
Robert Moore,86.6,72,76,77,Sports,56411.0,Yes,7.3,Placed,75.0,safe,Good
Charles Martinez,98.4,72,87,81,Debate,86760.0,No,5.0,Placed,80.0,safe,Good
Kimberly Robinson,96.6,72,71,100,Music,52527.0,Yes,8.7,Placed,81.0,safe,Good
Elizabeth Gonzalez,96.4,54,68,64,Debate,34249.0,No,3.8,Placed,62.0,safe,Average
Amanda Torres,67.8,66,83,78,Music,68386.0,Yes,6.5,Placed,75.66666666666667,safe,Good
George Moore,96.6,79,88,84,Debate,59106.0,Yes,7.2,Placed,83.66666666666667,safe,Good
David Hill,59.1,81,69,71,Volunteer,56769.0,Yes,6.7,Placed,73.66666666666667,safe,Good
Thomas Lopez,82.8,71,83,99,Sports,36725.0,Yes,6.4,Placed,84.33333333333333,safe,Good
Patricia Sanchez,66.5,61,65,91,NCC,55423.0,Yes,7.7,Placed,72.33333333333333,safe,Good
Matthew Young,58.8,46,45,48,Music,41592.0,Yes,2.9,Not Placed,46.333333333333336,Need Improvement,Poor
Jessica Scott,86.7,26,50,36,NCC,92736.0,No,1.0,Not Placed,37.333333333333336,At risk,Poor
Rebecca Hernandez,53.9,49,61,65,Volunteer,77577.0,Yes,4.5,Placed,58.333333333333336,Need Improvement,Average
Sharon Martin,92.1,74,78,80,Sports,91934.0,No,6.9,Placed,77.33333333333333,safe,Good
Betty Taylor,81.8,68,71,72,NCC,64702.0,Yes,7.0,Placed,70.33333333333333,safe,Good
George Torres,96.9,82,74,72,NCC,70284.0,No,5.2,Placed,76.0,safe,Good
Ronald Smith,71.8,67,62,70,Sports,109181.0,Yes,6.5,Placed,66.33333333333333,safe,Average
Emma Clark,75.3,61,64,80,Volunteer,108481.0,Yes,4.9,Placed,68.33333333333333,safe,Average
Robert Taylor,88.1,76,74,100,NCC,76663.0,Yes,7.8,Placed,83.33333333333333,safe,Good
Linda Johnson,96.9,89,100,98,NCC,34426.0,Yes,7.7,Placed,95.66666666666667,safe,Excellent
Michelle Rodriguez,79.6,67,90,81,Sports,76776.0,Yes,6.9,Placed,79.33333333333333,safe,Good
Amy Davis,75.5,76,78,65,Sports,8000.0,Yes,5.0,Placed,73.0,safe,Good
Anthony Taylor,80.0,56,73,82,Volunteer,54932.0,No,5.9,Placed,70.33333333333333,safe,Good
Susan Gonzalez,83.2,52,68,66,Debate,31129.0,No,5.9,Placed,62.0,safe,Average
Richard Jackson,68.9,51,63,87,Music,11988.0,Yes,5.9,Placed,67.0,safe,Average
Daniel Walker,86.4,39,55,53,Debate,73095.0,Yes,3.0,Not Placed,49.0,Need Improvement,Poor
Jacob Robinson,100.0,49,45,35,NCC,97624.0,Yes,3.7,Not Placed,43.0,Need Improvement,Poor
Jessica White,100.0,76,97,100,Volunteer,89761.0,Yes,7.7,Placed,91.0,safe,Excellent
Michelle Sanchez,90.8,58,81,63,Debate,102188.0,Yes,4.5,Placed,67.33333333333333,safe,Average
Donna Allen,62.9,71,70,84,NCC,47432.0,Yes,7.3,Placed,75.0,safe,Good
George Taylor,64.3,59,70,96,Music,103179.0,No,8.1,Placed,75.0,safe,Good
Sharon Jackson,64.6,57,90,82,Sports,123427.0,No,6.3,Placed,76.33333333333333,safe,Good
Deborah Perez,82.1,60,77,100,Music,59122.0,Yes,9.6,Placed,79.0,safe,Good
Edward Anderson,99.8,99,100,100,NCC,69061.0,Yes,9.2,Placed,99.66666666666667,safe,Excellent
Michael Thompson,85.2,52,75,61,Volunteer,39899.0,Yes,3.2,Placed,62.666666666666664,safe,Average
Emily Wilson,78.0,56,50,68,Sports,64452.0,No,5.8,Not Placed,58.0,Need Improvement,Average
Kenneth Thompson,57.8,54,52,65,Music,28657.0,Yes,5.3,Not Placed,57.0,Need Improvement,Average
Jason Lewis,67.4,41,44,56,NCC,70487.0,Yes,4.2,Not Placed,47.0,Need Improvement,Poor
Amy Davis,76.3,44,45,51,Volunteer,105290.0,Yes,1.8,Not Placed,46.666666666666664,Need Improvement,Poor
Donald King,89.7,57,71,69,Volunteer,47022.0,Yes,5.6,Placed,65.66666666666667,safe,Average
Donald Hill,76.7,58,52,94,Volunteer,8000.0,Yes,7.4,Not Placed,68.0,safe,Average
Stephanie Sanchez,98.5,48,60,46,Debate,74971.0,Yes,3.4,Placed,51.333333333333336,Need Improvement,Average
Patricia Wright,60.6,43,62,58,Music,64702.0,Yes,3.4,Placed,54.333333333333336,Need Improvement,Average
Laura Davis,83.8,63,67,76,Sports,68539.0,Yes,4.2,Placed,68.66666666666667,safe,Average
Ashley Miller,65.7,62,68,76,Debate,71930.0,Yes,6.1,Placed,68.66666666666667,safe,Average
Gary Flores,99.2,60,68,50,Sports,69640.0,Yes,3.3,Placed,59.333333333333336,Need Improvement,Average
Michael Thomas,63.0,58,66,86,Sports,105102.0,Yes,6.1,Placed,70.0,safe,Good
Deborah Allen,87.5,31,45,54,Sports,46420.0,Yes,2.7,Not Placed,43.333333333333336,Need Improvement,Poor
Robert Robinson,78.6,52,64,60,Sports,64702.0,Yes,4.8,Placed,58.666666666666664,Need Improvement,Average
Edward Flores,71.1,31,50,55,Volunteer,10651.0,No,2.7,Not Placed,45.333333333333336,Need Improvement,Poor
Michelle Moore,100.0,70,77,94,Sports,118364.0,No,6.7,Placed,80.33333333333333,safe,Good
Angela Walker,87.1,46,58,44,Sports,31523.0,No,3.2,Not Placed,49.333333333333336,Need Improvement,Poor
Angela Hernandez,89.4,75,82,83,Music,50838.0,No,8.2,Placed,80.0,safe,Good
Melissa Martinez,73.1,45,45,57,Music,122219.0,Yes,3.2,Not Placed,49.0,Need Improvement,Poor
Emma Robinson,92.1,62,68,74,Music,45966.0,Yes,5.0,Placed,68.0,safe,Average
Deborah White,75.9,87,0,85,Sports,42469.0,No,8.0,Placed,57.333333333333336,Need Improvement,Average
Mark Walker,95.8,53,55,69,NCC,8000.0,Yes,5.0,Not Placed,59.0,Need Improvement,Average
Brian Brown,70.5,90,90,100,Debate,36449.0,No,9.9,Placed,93.33333333333333,safe,Excellent
Emma Anderson,58.0,84,83,100,Sports,59842.0,No,8.4,Placed,89.0,safe,Excellent
David Jackson,80.1,50,74,91,Sports,68579.0,Yes,7.9,Placed,71.66666666666667,safe,Good
Matthew Williams,77.5,59,67,71,Sports,62567.0,Yes,6.5,Placed,65.66666666666667,safe,Average
Charles Johnson,55.7,19,26,33,NCC,71275.0,No,2.5,Not Placed,26.0,At risk,Poor
Elizabeth Walker,65.7,39,51,62,NCC,72331.0,Yes,4.8,Not Placed,50.666666666666664,Need Improvement,Average
George Williams,71.5,45,53,100,Debate,78386.0,No,5.5,Not Placed,66.0,safe,Average
Lisa Scott,67.9,47,59,45,Volunteer,62475.0,Yes,2.9,Not Placed,50.333333333333336,Need Improvement,Average
Anthony Allen,86.3,85,70,96,Debate,68656.0,No,8.5,Placed,83.66666666666667,safe,Good
Donna Martin,78.9,65,84,53,Sports,53552.0,Yes,4.5,Placed,67.33333333333333,safe,Average
Jacob King,80.6,84,74,77,Debate,38529.0,No,5.9,Placed,78.33333333333333,safe,Good
Michael Flores,75.3,76,71,84,Volunteer,85184.0,Yes,5.3,Placed,77.0,safe,Good
Thomas Rodriguez,79.5,64,77,80,Debate,117260.0,Yes,7.2,Placed,73.66666666666667,safe,Good
Cynthia Moore,78.3,68,64,80,Debate,65806.0,Yes,5.5,Placed,70.66666666666667,safe,Good
Karen Wilson,80.0,42,48,57,NCC,92110.0,Yes,4.2,Not Placed,49.0,Need Improvement,Poor
Gary Martin,78.9,40,49,50,Sports,64702.0,No,2.5,Not Placed,46.333333333333336,Need Improvement,Poor
Susan Jackson,74.0,63,62,77,Sports,11500.0,No,4.7,Placed,67.33333333333333,safe,Average
Emily Harris,83.7,56,58,39,Music,86687.0,Yes,2.7,Not Placed,51.0,Need Improvement,Average
Daniel Jackson,72.3,55,58,74,Debate,17286.0,Yes,5.2,Not Placed,62.333333333333336,safe,Average
Joshua King,77.0,51,62,66,Music,55122.0,No,3.6,Placed,59.666666666666664,Need Improvement,Average
Jessica Thompson,59.6,42,58,68,Music,105250.0,Yes,4.4,Not Placed,56.0,Need Improvement,Average
Jennifer Harris,80.0,70,82,79,NCC,81959.0,Yes,5.8,Placed,77.0,safe,Good
Rebecca Lopez,73.8,59,57,61,NCC,59049.0,Yes,4.8,Not Placed,59.0,Need Improvement,Average
Steven Williams,94.7,53,75,78,Music,96606.0,Yes,5.0,Placed,68.66666666666667,safe,Average
Melissa Allen,66.9,47,61,62,Sports,73118.0,Yes,5.1,Placed,56.666666666666664,Need Improvement,Average
Ryan Garcia,87.1,54,74,89,Volunteer,30326.0,Yes,5.3,Placed,72.33333333333333,safe,Good
Kenneth Hernandez,66.5,67,69,91,Music,111126.0,Yes,7.0,Placed,75.66666666666667,safe,Good
Patricia Young,84.0,47,53,83,Sports,86989.0,Yes,4.5,Not Placed,61.0,safe,Average
Stephanie Brown,59.5,32,50,54,Debate,41359.0,No,2.4,Not Placed,45.333333333333336,Need Improvement,Poor
David Wright,64.4,48,61,86,Music,98590.0,Yes,5.1,Placed,65.0,safe,Average
Sandra Torres,63.1,71,82,94,NCC,76494.0,No,7.8,Placed,82.33333333333333,safe,Good
Angela Young,97.6,27,41,25,Music,79697.0,Yes,1.6,Not Placed,31.0,At risk,Poor
Mark Miller,74.8,64,72,96,Volunteer,15804.0,Yes,7.1,Placed,77.33333333333333,safe,Good
Michelle Rodriguez,76.5,43,79,83,Sports,53420.0,Yes,5.0,Placed,68.33333333333333,safe,Average
Rebecca Nguyen,72.4,79,70,69,Debate,87688.0,Yes,5.5,Placed,72.66666666666667,safe,Good
Jennifer Hernandez,100.0,55,62,41,Debate,68925.0,Yes,2.9,Placed,52.666666666666664,Need Improvement,Average
Sarah Torres,70.6,83,88,71,NCC,69623.0,Yes,6.9,Placed,80.66666666666667,safe,Good
Edward Johnson,90.1,71,73,94,Music,52663.0,Yes,8.8,Placed,79.33333333333333,safe,Good
Deborah Johnson,70.0,55,63,79,Volunteer,76434.0,Yes,6.6,Placed,65.66666666666667,safe,Average
Edward Miller,83.7,58,66,84,Music,58178.0,Yes,6.9,Placed,69.33333333333333,safe,Average
Betty Flores,85.7,47,40,61,Debate,113451.0,Yes,4.5,Not Placed,49.333333333333336,Need Improvement,Poor
Elizabeth Perez,83.3,71,77,95,Volunteer,95745.0,No,7.6,Placed,81.0,safe,Good
Joseph White,71.7,31,51,46,Sports,51873.0,Yes,1.5,Not Placed,42.666666666666664,Need Improvement,Poor
Kenneth Clark,81.7,42,58,55,Sports,75205.0,No,2.7,Not Placed,51.666666666666664,Need Improvement,Average
Karen Garcia,79.3,38,48,76,Music,76785.0,Yes,4.3,Not Placed,54.0,Need Improvement,Average
Patricia Lee,95.5,48,55,47,Debate,59082.0,Yes,4.0,Not Placed,50.0,Need Improvement,Average
Edward Nguyen,64.8,54,66,90,Volunteer,83648.0,Yes,6.0,Placed,70.0,safe,Good
Donald Brown,76.7,53,77,86,Music,42010.0,Yes,5.9,Placed,72.0,safe,Good
Carol Taylor,70.3,64,52,70,Volunteer,79918.0,Yes,6.4,Not Placed,62.0,safe,Average
Paul Davis,84.5,59,58,77,Volunteer,31095.0,Yes,5.9,Not Placed,64.66666666666667,safe,Average
Daniel Wilson,91.9,77,84,87,Music,64702.0,Yes,6.1,Placed,82.66666666666667,safe,Good
David King,63.2,29,63,74,Sports,107313.0,Yes,4.0,Placed,55.333333333333336,Need Improvement,Average
Mark Davis,92.2,79,89,85,Volunteer,73063.0,No,8.0,Placed,84.33333333333333,safe,Good
Andrew Allen,93.8,34,0,46,NCC,91784.0,No,3.4,Not Placed,26.666666666666668,At risk,Poor
Emily Jones,65.9,82,80,95,Sports,37456.0,Yes,6.9,Placed,85.66666666666667,safe,Excellent
Matthew Lee,83.2,58,66,63,NCC,69784.0,No,4.1,Placed,62.333333333333336,safe,Average
Edward Scott,100.0,68,83,71,Music,84594.0,Yes,5.6,Placed,74.0,safe,Good
John Wilson,65.4,43,46,65,NCC,45283.0,Yes,4.0,Not Placed,51.333333333333336,Need Improvement,Average
Daniel Robinson,80.7,41,58,50,Debate,35162.0,Yes,4.0,Not Placed,49.666666666666664,Need Improvement,Poor
William Lewis,75.0,56,70,58,NCC,99588.0,Yes,4.8,Placed,61.333333333333336,safe,Average
Emma Williams,79.7,55,90,82,Music,61484.0,No,5.8,Placed,75.66666666666667,safe,Good
Steven King,91.8,99,88,100,Volunteer,43210.0,Yes,10.0,Placed,95.66666666666667,safe,Excellent
Sharon Gonzalez,91.1,65,66,88,Sports,64702.0,Yes,5.5,Placed,73.0,safe,Good
James Thomas,72.9,53,55,65,NCC,63656.0,Yes,3.5,Not Placed,57.666666666666664,Need Improvement,Average
Susan Jones,84.2,66,58,46,Sports,63240.0,Yes,4.7,Not Placed,56.666666666666664,Need Improvement,Average
Sandra Thompson,72.7,28,31,64,Sports,75626.0,No,3.4,Not Placed,41.0,Need Improvement,Poor
Charles Allen,96.2,73,85,94,Volunteer,123313.0,Yes,6.3,Placed,84.0,safe,Good
Amy Flores,80.3,30,28,5,NCC,34854.0,No,1.0,Not Placed,21.0,At risk,Poor
Joseph Clark,71.9,46,45,50,Volunteer,86712.0,No,4.8,Not Placed,47.0,Need Improvement,Poor
George Gonzalez,80.0,32,50,58,Sports,37033.0,Yes,3.7,Not Placed,46.666666666666664,Need Improvement,Poor
Emily Torres,67.9,40,53,49,Sports,95213.0,Yes,4.0,Not Placed,47.333333333333336,Need Improvement,Poor
Mark Flores,87.3,68,79,96,Sports,64702.0,Yes,6.5,Placed,81.0,safe,Good
Kenneth Young,70.5,52,63,80,NCC,72104.0,Yes,4.0,Placed,65.0,safe,Average
Cynthia Thomas,69.7,28,36,52,Volunteer,103973.0,No,2.5,Not Placed,38.666666666666664,At risk,Poor
Joseph Wright,76.2,72,81,98,Music,86890.0,No,8.2,Placed,83.66666666666667,safe,Good
Stephanie Hernandez,78.5,40,62,61,Debate,17355.0,No,3.6,Placed,54.333333333333336,Need Improvement,Average
Jennifer Moore,81.5,30,49,50,Sports,86734.0,Yes,2.4,Not Placed,43.0,Need Improvement,Poor
Amy King,87.6,36,71,62,Debate,64702.0,No,3.5,Placed,56.333333333333336,Need Improvement,Average
Joseph King,96.2,40,49,41,NCC,92216.0,Yes,2.3,Not Placed,43.333333333333336,Need Improvement,Poor
Jason King,90.3,84,86,76,Music,58180.0,Yes,6.5,Placed,82.0,safe,Good
Cynthia Wright,78.2,66,73,92,NCC,47706.0,Yes,7.6,Placed,77.0,safe,Good
Linda Walker,71.9,77,90,89,NCC,20681.0,Yes,6.2,Placed,85.33333333333333,safe,Excellent
Jason Allen,80.0,61,90,84,Volunteer,25881.0,Yes,6.3,Placed,78.33333333333333,safe,Good
Karen Johnson,83.4,45,68,60,NCC,70332.0,No,3.0,Placed,57.666666666666664,Need Improvement,Average
Deborah Robinson,100.0,74,88,70,Sports,62094.0,Yes,4.4,Placed,77.33333333333333,safe,Good
Cynthia Williams,84.0,55,47,49,Music,73416.0,Yes,2.7,Not Placed,50.333333333333336,Need Improvement,Average
Andrew Sanchez,79.3,44,77,81,Debate,63369.0,No,4.9,Placed,67.33333333333333,safe,Average
Karen Smith,88.5,67,67,75,Debate,40545.0,Yes,5.1,Placed,69.66666666666667,safe,Average
Charles Nguyen,80.0,77,68,93,Volunteer,77977.0,Yes,7.2,Placed,79.33333333333333,safe,Good
Emily Flores,68.2,94,84,88,Music,113276.0,No,7.8,Placed,88.66666666666667,safe,Excellent
Carol Garcia,76.4,57,77,71,Sports,68159.0,Yes,4.0,Placed,68.33333333333333,safe,Average
Brian Torres,81.9,79,86,84,Debate,29103.0,Yes,7.6,Placed,83.0,safe,Good
William Anderson,73.3,71,58,72,Debate,113924.0,Yes,5.1,Not Placed,67.0,safe,Average
John Martinez,75.8,54,45,45,Volunteer,67843.0,Yes,2.9,Not Placed,48.0,Need Improvement,Poor
Amanda Young,84.3,52,59,47,Debate,81208.0,Yes,2.7,Not Placed,52.666666666666664,Need Improvement,Average
Laura Thomas,85.8,59,77,99,Sports,56162.0,Yes,6.7,Placed,78.33333333333333,safe,Good
Richard Lopez,67.7,51,53,52,Music,48006.0,Yes,4.6,Not Placed,52.0,Need Improvement,Average
Sandra Johnson,93.2,84,77,79,Volunteer,83860.0,Yes,6.6,Placed,80.0,safe,Good
Steven Davis,75.0,45,50,60,Debate,44425.0,Yes,3.6,Not Placed,51.666666666666664,Need Improvement,Average
Ryan Lewis,80.0,57,84,73,Sports,47335.0,No,5.2,Placed,71.33333333333333,safe,Good
Rebecca Brown,89.8,54,56,61,NCC,54560.0,Yes,3.8,Not Placed,57.0,Need Improvement,Average
Jason Moore,80.0,41,0,50,Debate,77647.0,Yes,3.0,Not Placed,30.333333333333332,At risk,Poor
Brian Martin,94.2,50,64,60,Sports,87259.0,Yes,3.0,Placed,58.0,Need Improvement,Average
George Hernandez,84.2,85,95,100,Music,72303.0,Yes,9.7,Placed,93.33333333333333,safe,Excellent
Melissa Perez,94.6,73,96,95,Debate,41937.0,Yes,7.5,Placed,88.0,safe,Excellent
Nancy King,80.2,47,0,41,Volunteer,113248.0,Yes,1.4,Not Placed,29.333333333333332,At risk,Poor
Emma Wilson,83.6,71,67,70,Music,48864.0,Yes,5.8,Placed,69.33333333333333,safe,Average
Joseph Thompson,63.5,69,76,100,Volunteer,91094.0,No,8.3,Placed,81.66666666666667,safe,Good
Charles White,80.0,65,67,58,Sports,45580.0,No,5.4,Placed,63.333333333333336,safe,Average
Amanda Hill,78.6,51,66,54,Debate,46359.0,Yes,4.8,Placed,57.0,Need Improvement,Average
Amanda Walker,74.9,61,61,90,Music,76841.0,Yes,7.6,Placed,70.66666666666667,safe,Good
Donna Garcia,73.0,47,57,71,Volunteer,24850.0,No,4.6,Not Placed,58.333333333333336,Need Improvement,Average
Emily Perez,81.1,69,63,67,NCC,94310.0,Yes,4.7,Placed,66.33333333333333,safe,Average
Cynthia Jones,78.9,79,90,87,Sports,75581.0,Yes,6.2,Placed,85.33333333333333,safe,Excellent
Sandra Jackson,77.3,60,57,55,Music,33909.0,Yes,3.3,Not Placed,57.333333333333336,Need Improvement,Average
Linda King,78.4,64,52,52,NCC,88034.0,Yes,4.8,Not Placed,56.0,Need Improvement,Average
Ashley Martin,82.4,45,58,69,Debate,55018.0,No,5.5,Not Placed,57.333333333333336,Need Improvement,Average
Linda Moore,80.0,70,0,93,Debate,53171.0,Yes,8.1,Placed,54.333333333333336,Need Improvement,Average
Sarah Garcia,87.4,61,61,55,Sports,24553.0,Yes,4.6,Placed,59.0,Need Improvement,Average
Deborah Walker,78.2,51,55,63,Debate,79930.0,No,6.9,Not Placed,56.333333333333336,Need Improvement,Average
Jessica Lewis,74.3,66,76,88,Music,64414.0,Yes,7.1,Placed,76.66666666666667,safe,Good
Anthony Thompson,91.3,67,65,64,Music,55588.0,Yes,5.3,Placed,65.33333333333333,safe,Average
Emily Gonzalez,60.3,61,72,99,Sports,75796.0,No,7.9,Placed,77.33333333333333,safe,Good
Melissa Smith,75.1,77,93,100,Debate,64715.0,No,7.7,Placed,90.0,safe,Excellent
Mark King,70.5,66,71,66,Sports,79333.0,Yes,4.9,Placed,67.66666666666667,safe,Average
Michael Clark,63.5,74,68,62,Sports,111849.0,Yes,5.3,Placed,68.0,safe,Average
Laura Wright,71.0,60,72,82,Debate,56172.0,Yes,6.4,Placed,71.33333333333333,safe,Good
Thomas Harris,75.6,27,44,40,NCC,64848.0,Yes,3.0,Not Placed,37.0,At risk,Poor
Michelle Ramirez,71.4,67,79,80,Volunteer,99639.0,Yes,6.5,Placed,75.33333333333333,safe,Good
Brian Brown,58.1,30,34,51,Music,31585.0,Yes,2.2,Not Placed,38.333333333333336,At risk,Poor
Nancy Ramirez,69.6,61,76,83,Sports,82768.0,Yes,5.9,Placed,73.33333333333333,safe,Good
Mary Davis,80.1,50,63,77,Sports,79022.0,Yes,5.0,Placed,63.333333333333336,safe,Average
Stephanie Sanchez,83.0,72,82,81,Music,70095.0,Yes,7.7,Placed,78.33333333333333,safe,Good
Thomas Lewis,58.4,56,72,69,Debate,38819.0,Yes,5.3,Placed,65.66666666666667,safe,Average
Joshua Anderson,92.5,61,90,76,Sports,36740.0,Yes,6.2,Placed,75.66666666666667,safe,Good
Ashley Johnson,95.3,59,75,85,Music,64869.0,Yes,7.1,Placed,73.0,safe,Good
Emma Robinson,72.6,52,54,61,Debate,39915.0,No,4.5,Not Placed,55.666666666666664,Need Improvement,Average
Steven Smith,82.8,48,90,72,NCC,40156.0,No,6.0,Placed,70.0,safe,Good
Linda Lopez,82.5,78,87,100,Music,75721.0,Yes,9.6,Placed,88.33333333333333,safe,Excellent
Andrew Nguyen,68.2,71,68,53,Volunteer,32080.0,Yes,5.2,Placed,64.0,safe,Average
Mark Scott,84.0,81,90,90,Debate,62336.0,Yes,7.4,Placed,87.0,safe,Excellent
Rebecca Hill,50.2,58,72,96,Sports,41319.0,No,8.7,Placed,75.33333333333333,safe,Good
Ashley Thomas,80.0,54,76,97,Debate,37354.0,No,6.8,Placed,75.66666666666667,safe,Good
Paul Robinson,82.2,69,77,96,Sports,50070.0,Yes,6.5,Placed,80.66666666666667,safe,Good
Edward White,80.0,66,80,69,Volunteer,89085.0,Yes,5.3,Placed,71.66666666666667,safe,Good
Richard Hill,81.0,63,76,100,NCC,100329.0,Yes,6.6,Placed,79.66666666666667,safe,Good
Elizabeth Sanchez,74.5,54,90,83,Sports,51360.0,Yes,7.0,Placed,75.66666666666667,safe,Good
Rebecca Sanchez,86.5,66,70,68,NCC,37722.0,Yes,3.2,Placed,68.0,safe,Average
Mark Smith,91.9,77,80,78,Music,79337.0,No,5.8,Placed,78.33333333333333,safe,Good
Thomas Thompson,63.9,60,59,65,Volunteer,22605.0,Yes,5.0,Not Placed,61.333333333333336,safe,Average
James Walker,80.0,31,32,43,Debate,78616.0,Yes,3.5,Not Placed,35.333333333333336,At risk,Poor
Melissa Nguyen,86.5,68,87,100,Sports,44877.0,Yes,7.8,Placed,85.0,safe,Excellent
Ryan Young,64.5,75,86,100,Debate,52582.0,Yes,10.0,Placed,87.0,safe,Excellent
James Harris,87.0,67,81,62,Debate,59000.0,Yes,5.4,Placed,70.0,safe,Good
Anthony Garcia,65.4,48,55,54,Sports,58928.0,Yes,4.6,Not Placed,52.333333333333336,Need Improvement,Average
Nicholas Anderson,92.8,48,61,41,Debate,108208.0,Yes,2.2,Placed,50.0,Need Improvement,Average
Ryan Johnson,80.0,22,43,37,Sports,20524.0,No,1.0,Not Placed,34.0,At risk,Poor
Joseph Brown,88.5,64,45,78,Music,97575.0,Yes,5.8,Not Placed,62.333333333333336,safe,Average
Linda Allen,62.3,63,0,92,Debate,88693.0,No,8.6,Placed,51.666666666666664,Need Improvement,Average
Ashley Scott,71.9,56,63,82,NCC,81183.0,Yes,7.4,Placed,67.0,safe,Average
Donna Allen,81.4,57,68,74,Debate,10409.0,No,5.9,Placed,66.33333333333333,safe,Average
Angela Moore,100.0,54,59,58,Volunteer,8304.0,Yes,3.6,Not Placed,57.0,Need Improvement,Average
Michelle Johnson,80.0,67,90,87,Sports,20392.0,Yes,6.3,Placed,81.33333333333333,safe,Good
Jacob Perez,65.7,74,69,82,Sports,38183.0,Yes,7.7,Placed,75.0,safe,Good
Emily Flores,72.4,66,70,68,Debate,70398.0,No,5.9,Placed,68.0,safe,Average
Angela Wilson,83.5,59,61,73,Sports,98399.0,Yes,4.7,Placed,64.33333333333333,safe,Average
Donald Hill,62.1,76,84,100,Debate,64702.0,Yes,9.0,Placed,86.66666666666667,safe,Excellent
Sandra White,82.5,75,94,100,Music,67253.0,Yes,8.4,Placed,89.66666666666667,safe,Excellent
Kenneth Thompson,74.8,59,0,80,Debate,86643.0,No,6.9,Not Placed,46.333333333333336,Need Improvement,Poor
Michelle Hill,95.3,57,82,100,Music,73744.0,Yes,8.8,Placed,79.66666666666667,safe,Good
Kimberly Brown,68.8,66,67,60,Sports,116092.0,No,5.3,Placed,64.33333333333333,safe,Average
Susan Lopez,92.7,58,88,100,NCC,75370.0,No,6.2,Placed,82.0,safe,Good
Susan Anderson,91.0,54,70,67,Sports,55248.0,Yes,5.0,Placed,63.666666666666664,safe,Average
Karen Harris,86.6,59,86,86,Debate,28188.0,Yes,6.4,Placed,77.0,safe,Good
Deborah Ramirez,100.0,53,65,60,Debate,42790.0,No,3.2,Placed,59.333333333333336,Need Improvement,Average
Patricia Harris,80.0,23,28,43,NCC,62354.0,No,2.8,Not Placed,31.333333333333332,At risk,Poor
Stephanie Martinez,59.4,52,54,78,NCC,61649.0,Yes,4.6,Not Placed,61.333333333333336,safe,Average
Richard Jones,85.7,73,0,65,Debate,96270.0,Yes,4.2,Placed,46.0,Need Improvement,Poor
Jessica Rodriguez,81.8,65,0,79,Debate,19217.0,Yes,6.4,Placed,48.0,Need Improvement,Poor
Nancy Williams,81.2,73,79,84,Debate,80674.0,Yes,7.3,Placed,78.66666666666667,safe,Good
Matthew Torres,99.0,46,66,45,Music,28523.0,Yes,2.9,Placed,52.333333333333336,Need Improvement,Average
Ryan Jackson,64.4,57,66,94,Sports,58037.0,No,6.0,Placed,72.33333333333333,safe,Good
Carol Sanchez,77.8,34,45,60,Debate,21967.0,Yes,3.6,Not Placed,46.333333333333336,Need Improvement,Poor
Cynthia Perez,89.6,50,55,65,Sports,46689.0,Yes,5.0,Not Placed,56.666666666666664,Need Improvement,Average
Angela Brown,69.6,48,0,35,Debate,47846.0,Yes,2.4,Placed,27.666666666666668,At risk,Poor
Sarah Johnson,89.7,100,100,97,Sports,61863.0,Yes,8.1,Placed,99.0,safe,Excellent
Jacob Lee,80.7,86,75,99,Debate,80846.0,Yes,8.5,Placed,86.66666666666667,safe,Excellent
Donna Taylor,49.6,64,0,71,Sports,57714.0,Yes,5.4,Not Placed,45.0,Need Improvement,Poor
Patricia Ramirez,91.8,65,68,43,Sports,107715.0,No,4.2,Placed,58.666666666666664,Need Improvement,Average
Gary Williams,62.3,49,75,89,NCC,63081.0,No,7.4,Placed,71.0,safe,Good
Ryan Jones,72.7,52,56,66,Sports,10947.0,No,7.7,Not Placed,58.0,Need Improvement,Average
Jessica Smith,84.1,63,85,89,Volunteer,62527.0,Yes,5.7,Placed,79.0,safe,Good
Patricia Robinson,85.0,23,38,45,Volunteer,47515.0,No,3.5,Not Placed,35.333333333333336,At risk,Poor
John Scott,75.2,59,76,83,Sports,48972.0,No,7.4,Placed,72.66666666666667,safe,Good
Angela Wright,80.2,44,34,56,Debate,41825.0,Yes,4.7,Not Placed,44.666666666666664,Need Improvement,Poor
Jason Allen,80.0,75,71,85,Music,61656.0,Yes,6.8,Placed,77.0,safe,Good
Cynthia Wilson,84.5,72,70,68,Debate,115182.0,Yes,4.4,Placed,70.0,safe,Good
Betty Lopez,73.9,34,45,57,NCC,70933.0,Yes,3.0,Not Placed,45.333333333333336,Need Improvement,Poor
Charles Brown,64.8,32,36,37,Music,64702.0,Yes,4.0,Not Placed,35.0,At risk,Poor
Donna Lewis,67.6,30,41,18,Sports,54004.0,Yes,1.0,Not Placed,29.666666666666668,At risk,Poor
Melissa Williams,90.2,34,44,26,Sports,51095.0,Yes,1.0,Not Placed,34.666666666666664,At risk,Poor
Andrew Miller,57.0,62,58,96,Sports,30324.0,Yes,8.2,Not Placed,72.0,safe,Good
Donald Thompson,43.3,37,47,74,Sports,58271.0,Yes,4.1,Not Placed,52.666666666666664,Need Improvement,Average
Linda Williams,69.6,62,71,100,Music,31659.0,Yes,6.4,Placed,77.66666666666667,safe,Good
Robert Garcia,80.0,40,47,62,Music,42703.0,Yes,5.0,Not Placed,49.666666666666664,Need Improvement,Poor
Kevin Hill,81.3,56,64,59,Debate,50749.0,Yes,5.9,Placed,59.666666666666664,Need Improvement,Average
David Jackson,77.0,77,83,74,Sports,64702.0,Yes,6.0,Placed,78.0,safe,Good
Betty Nguyen,81.0,41,53,66,Sports,84014.0,Yes,3.1,Not Placed,53.333333333333336,Need Improvement,Average
Patricia Young,73.5,51,60,67,NCC,91001.0,No,5.9,Placed,59.333333333333336,Need Improvement,Average
Rebecca King,100.0,81,86,100,Music,53948.0,No,7.3,Placed,89.0,safe,Excellent
Emma Williams,84.5,82,88,94,Sports,49969.0,Yes,8.5,Placed,88.0,safe,Excellent
William Perez,84.4,47,48,55,Music,67806.0,No,5.3,Not Placed,50.0,Need Improvement,Average
William Davis,82.5,67,57,58,Music,91377.0,Yes,4.7,Not Placed,60.666666666666664,safe,Average
Kenneth Taylor,71.1,62,56,49,NCC,72340.0,Yes,3.7,Not Placed,55.666666666666664,Need Improvement,Average
Melissa Lewis,95.5,66,66,95,Sports,70120.0,No,6.7,Placed,75.66666666666667,safe,Good
Andrew Hill,71.9,38,53,40,Music,82140.0,No,2.2,Not Placed,43.666666666666664,Need Improvement,Poor
Gary Wilson,85.9,74,73,85,Music,73886.0,Yes,7.5,Placed,77.33333333333333,safe,Good
Donna Hernandez,93.4,86,75,100,Sports,94501.0,No,8.7,Placed,87.0,safe,Excellent
Ronald Thomas,92.1,65,60,65,NCC,111684.0,Yes,5.4,Placed,63.333333333333336,safe,Average
James Perez,73.8,26,0,68,NCC,31076.0,No,4.0,Not Placed,31.333333333333332,At risk,Poor
Edward Gonzalez,82.4,70,65,69,Volunteer,89811.0,Yes,7.1,Placed,68.0,safe,Average
Joshua Lewis,87.4,77,87,100,Sports,81708.0,Yes,9.1,Placed,88.0,safe,Excellent
Jennifer Ramirez,68.9,77,77,97,Debate,87830.0,Yes,7.1,Placed,83.66666666666667,safe,Good
Sarah Jackson,83.9,50,51,38,Debate,76595.0,Yes,1.0,Not Placed,46.333333333333336,Need Improvement,Poor
Deborah Young,76.5,68,81,79,NCC,43174.0,Yes,6.4,Placed,76.0,safe,Good
Steven Hill,81.2,72,63,80,Music,58298.0,Yes,5.6,Placed,71.66666666666667,safe,Good
Rebecca Thompson,89.0,82,91,82,Sports,67732.0,Yes,6.7,Placed,85.0,safe,Excellent
Jessica Anderson,78.6,60,70,87,Volunteer,55588.0,Yes,6.8,Placed,72.33333333333333,safe,Good
Jason Ramirez,70.1,65,66,76,Sports,65145.0,Yes,5.1,Placed,69.0,safe,Average
Richard Torres,80.0,70,84,92,Debate,67706.0,Yes,7.7,Placed,82.0,safe,Good
Brian Wilson,68.6,41,40,47,Sports,73126.0,Yes,3.0,Not Placed,42.666666666666664,Need Improvement,Poor
Sharon Wright,80.0,78,78,92,Music,46749.0,Yes,6.9,Placed,82.66666666666667,safe,Good
Kimberly Rodriguez,86.5,38,54,57,Music,52178.0,Yes,2.0,Not Placed,49.666666666666664,Need Improvement,Poor
Kevin Lee,77.1,65,64,50,Debate,93444.0,Yes,4.5,Placed,59.666666666666664,Need Improvement,Average
Michelle Lopez,69.5,77,70,100,Volunteer,59711.0,Yes,8.7,Placed,82.33333333333333,safe,Good
George Jones,97.5,78,74,86,Debate,28578.0,Yes,6.2,Placed,79.33333333333333,safe,Good
Amy Lewis,80.0,50,47,73,Sports,117001.0,No,4.9,Not Placed,56.666666666666664,Need Improvement,Average
Linda Davis,78.6,60,79,95,Sports,76697.0,Yes,6.8,Placed,78.0,safe,Good
Edward Williams,75.8,62,70,61,Music,49205.0,Yes,5.6,Placed,64.33333333333333,safe,Average
Robert Lewis,59.7,88,72,70,NCC,108816.0,Yes,7.1,Placed,76.66666666666667,safe,Good
George Wright,72.0,75,90,100,Sports,77252.0,Yes,8.6,Placed,88.33333333333333,safe,Excellent
Jason Thompson,91.9,77,76,92,Sports,57197.0,Yes,6.4,Placed,81.66666666666667,safe,Good
Steven Lopez,66.9,46,51,69,Volunteer,77999.0,No,4.7,Not Placed,55.333333333333336,Need Improvement,Average
Andrew Lee,85.0,78,81,100,Sports,75575.0,Yes,7.7,Placed,86.33333333333333,safe,Excellent
Richard Anderson,67.2,49,80,55,Sports,30524.0,No,2.5,Not Placed,61.333333333333336,safe,Average
Jacob Gonzalez,87.4,33,44,39,Sports,107553.0,Yes,2.6,Not Placed,38.666666666666664,At risk,Poor
Karen Torres,88.4,65,78,99,Music,48075.0,No,7.4,Placed,80.66666666666667,safe,Good
Jennifer Gonzalez,86.9,25,36,48,Music,64702.0,No,2.6,Not Placed,36.333333333333336,At risk,Poor
David Moore,66.4,34,64,67,NCC,80777.0,No,4.4,Placed,55.0,Need Improvement,Average
Brian Young,82.5,58,72,61,Music,82826.0,Yes,5.5,Placed,63.666666666666664,safe,Average
Richard Moore,71.0,54,64,91,Debate,54701.0,Yes,6.9,Placed,69.66666666666667,safe,Average
David Wright,63.7,73,85,96,Volunteer,85135.0,No,6.1,Placed,84.66666666666667,safe,Good
Rebecca Brown,87.4,80,79,73,Volunteer,94690.0,Yes,5.7,Placed,77.33333333333333,safe,Good
Paul Lee,68.9,71,78,99,Music,51086.0,No,8.9,Placed,82.66666666666667,safe,Good
Emma Nguyen,82.0,85,96,100,Debate,53323.0,Yes,9.9,Placed,93.66666666666667,safe,Excellent
Amy Gonzalez,80.0,57,85,92,Volunteer,31943.0,No,7.6,Placed,78.0,safe,Good
Mark Allen,82.0,48,75,90,Volunteer,79198.0,No,5.6,Placed,71.0,safe,Good
Jacob Williams,76.2,34,51,43,Music,77281.0,No,2.8,Not Placed,42.666666666666664,Need Improvement,Poor
Patricia Jones,87.1,100,87,100,Volunteer,33727.0,Yes,8.0,Placed,95.66666666666667,safe,Excellent
Angela Martin,61.0,77,72,100,Sports,88246.0,Yes,9.1,Placed,83.0,safe,Good
Lisa Martin,85.3,15,21,24,Sports,73817.0,Yes,1.0,Not Placed,20.0,At risk,Poor
Amanda Hill,86.5,71,89,77,Sports,94949.0,No,7.8,Placed,79.0,safe,Good
Gary Hernandez,84.6,36,49,44,Music,65761.0,Yes,2.9,Not Placed,43.0,Need Improvement,Poor
Michelle Sanchez,79.1,46,79,86,Sports,77087.0,No,5.4,Placed,70.33333333333333,safe,Good
Melissa Jones,77.8,73,68,86,Sports,95686.0,Yes,5.3,Placed,75.66666666666667,safe,Good
Richard Garcia,97.7,77,71,81,Debate,45388.0,Yes,6.3,Placed,76.33333333333333,safe,Good
Betty Jackson,63.1,74,81,89,Sports,39877.0,Yes,7.0,Placed,81.33333333333333,safe,Good
Rebecca Thompson,87.7,60,57,43,Sports,41623.0,No,3.7,Not Placed,53.333333333333336,Need Improvement,Average
Ashley Thomas,67.6,44,67,74,Sports,74861.0,Yes,5.7,Placed,61.666666666666664,safe,Average
Mark Garcia,71.6,66,70,62,Sports,90736.0,Yes,3.9,Placed,66.0,safe,Average
Amanda Moore,100.0,73,81,78,Music,13333.0,No,5.2,Placed,77.33333333333333,safe,Good
Donald Jackson,86.6,72,0,59,Sports,19162.0,Yes,4.0,Placed,43.666666666666664,Need Improvement,Poor
Lisa Gonzalez,58.4,41,56,66,Volunteer,113445.0,Yes,4.3,Not Placed,54.333333333333336,Need Improvement,Average
Matthew Martinez,90.0,66,58,86,Volunteer,30552.0,Yes,5.4,Not Placed,70.0,safe,Good
Kevin Clark,71.3,53,73,84,Music,54575.0,No,6.6,Placed,70.0,safe,Good
Mary Lopez,65.4,67,81,83,Volunteer,59842.0,No,6.4,Placed,77.0,safe,Good
Kevin Martinez,79.0,62,57,100,Volunteer,69739.0,Yes,7.6,Not Placed,73.0,safe,Good
Charles Martinez,73.0,58,66,52,Sports,46431.0,Yes,4.8,Placed,58.666666666666664,Need Improvement,Average
Ashley Lopez,61.1,53,71,100,Debate,22377.0,No,7.3,Placed,74.66666666666667,safe,Good
Amanda Lopez,88.7,78,77,79,Volunteer,33570.0,Yes,7.3,Placed,78.0,safe,Good
Donald Flores,66.9,56,62,70,Debate,64066.0,Yes,4.4,Placed,62.666666666666664,safe,Average
Laura Lopez,97.6,60,80,91,Sports,51584.0,Yes,6.7,Placed,77.0,safe,Good
Matthew Thompson,83.4,46,66,73,NCC,64702.0,No,3.5,Placed,61.666666666666664,safe,Average
Kenneth Allen,71.0,76,73,100,Sports,62957.0,No,8.5,Placed,83.0,safe,Good
Daniel Young,76.2,61,50,78,Debate,73039.0,Yes,6.8,Not Placed,63.0,safe,Average
Steven Martinez,74.4,63,76,82,Volunteer,133865.0,Yes,5.3,Placed,73.66666666666667,safe,Good
Mark Flores,86.6,33,43,65,Debate,54336.0,Yes,3.7,Not Placed,47.0,Need Improvement,Poor
John Robinson,88.2,45,62,76,Music,41737.0,Yes,4.6,Placed,61.0,safe,Average
Donna King,66.9,52,54,55,NCC,67633.0,Yes,2.9,Not Placed,53.666666666666664,Need Improvement,Average
Amanda King,70.3,43,52,69,Music,71505.0,No,4.7,Not Placed,54.666666666666664,Need Improvement,Average
Gary Martin,77.4,43,57,58,Music,40975.0,No,2.2,Not Placed,52.666666666666664,Need Improvement,Average
Paul Wilson,85.9,70,96,97,Debate,98477.0,Yes,5.4,Placed,87.66666666666667,safe,Excellent
Angela Moore,77.2,39,37,48,Debate,72526.0,Yes,3.0,Not Placed,41.333333333333336,Need Improvement,Poor
Sharon Wilson,79.7,67,69,89,Sports,30932.0,No,5.7,Placed,75.0,safe,Good
Carol Rodriguez,90.8,54,57,69,Debate,82111.0,Yes,4.7,Not Placed,60.0,safe,Average
Susan Young,84.1,60,67,67,Music,42987.0,No,6.2,Placed,64.66666666666667,safe,Average
Deborah Lewis,82.5,77,72,57,Volunteer,38902.0,Yes,6.5,Placed,68.66666666666667,safe,Average
Ashley Scott,79.5,58,56,65,Debate,93129.0,Yes,3.6,Not Placed,59.666666666666664,Need Improvement,Average
David Moore,100.0,57,69,48,NCC,54894.0,Yes,4.0,Placed,58.0,Need Improvement,Average
Nancy Lewis,77.3,44,58,53,Debate,50684.0,Yes,5.3,Not Placed,51.666666666666664,Need Improvement,Average
Nancy Walker,69.6,76,84,90,NCC,64702.0,No,7.5,Placed,83.33333333333333,safe,Good
Jacob Lee,64.1,45,65,54,NCC,54080.0,Yes,1.4,Placed,54.666666666666664,Need Improvement,Average
Sarah Gonzalez,84.8,63,90,80,Music,77484.0,No,5.5,Placed,77.66666666666667,safe,Good
Carol Hill,76.3,45,60,69,Debate,97024.0,No,5.3,Placed,58.0,Need Improvement,Average
Amanda Young,78.3,51,41,49,Debate,69829.0,Yes,3.5,Not Placed,47.0,Need Improvement,Poor
Kimberly Lee,90.3,82,87,100,Sports,52376.0,Yes,7.5,Placed,89.66666666666667,safe,Excellent
Anthony Perez,54.0,69,75,76,Volunteer,64702.0,Yes,7.2,Placed,73.33333333333333,safe,Good
Gary Wright,62.4,70,73,96,Sports,75561.0,Yes,7.0,Placed,79.66666666666667,safe,Good
Patricia Lewis,68.0,61,63,45,Volunteer,94454.0,No,4.5,Placed,56.333333333333336,Need Improvement,Average
Carol Jackson,61.4,38,47,58,Sports,62201.0,Yes,2.5,Not Placed,47.666666666666664,Need Improvement,Poor
Betty Johnson,70.8,68,76,95,Music,87330.0,Yes,8.4,Placed,79.66666666666667,safe,Good
Ryan Thompson,78.3,71,76,75,Volunteer,34907.0,No,5.6,Placed,74.0,safe,Good
Emma Young,96.7,82,88,100,Volunteer,51675.0,Yes,7.3,Placed,90.0,safe,Excellent
Betty Rodriguez,72.4,57,62,59,Debate,43278.0,Yes,4.2,Placed,59.333333333333336,Need Improvement,Average
Steven Garcia,77.0,76,71,100,Sports,107175.0,Yes,8.8,Placed,82.33333333333333,safe,Good
Gary Scott,100.0,76,82,60,NCC,38511.0,Yes,4.7,Placed,72.66666666666667,safe,Good
Jacob Martin,100.0,67,77,57,Sports,47863.0,No,4.3,Placed,67.0,safe,Average
Mark Sanchez,76.2,57,61,48,Sports,64702.0,Yes,3.1,Placed,55.333333333333336,Need Improvement,Average
David Smith,86.7,83,90,91,Volunteer,56768.0,Yes,6.9,Placed,88.0,safe,Excellent
George Flores,92.9,72,70,96,NCC,108272.0,Yes,6.0,Placed,79.33333333333333,safe,Good
Donald White,81.7,60,56,73,Music,83042.0,Yes,6.5,Not Placed,63.0,safe,Average
Joseph Robinson,83.5,76,63,78,Music,84881.0,Yes,5.7,Placed,72.33333333333333,safe,Good
John Gonzalez,89.8,51,57,60,Sports,52924.0,Yes,5.4,Not Placed,56.0,Need Improvement,Average
Michael Smith,77.5,33,40,61,Music,88709.0,No,5.2,Not Placed,44.666666666666664,Need Improvement,Poor
Elizabeth Lewis,76.9,62,67,66,Volunteer,98431.0,No,6.3,Placed,65.0,safe,Average
Thomas Perez,78.9,77,74,100,Sports,37980.0,Yes,8.3,Placed,83.66666666666667,safe,Good
Kenneth Perez,87.1,77,80,63,Volunteer,42873.0,Yes,4.6,Placed,73.33333333333333,safe,Good
Elizabeth Martinez,75.6,35,48,43,Sports,102062.0,Yes,3.0,Not Placed,42.0,Need Improvement,Poor
Daniel Torres,93.4,61,45,49,Volunteer,70198.0,No,5.1,Not Placed,51.666666666666664,Need Improvement,Average
Ryan Martin,98.4,79,80,79,Debate,79540.0,Yes,6.8,Placed,79.33333333333333,safe,Good
Michelle Wilson,81.2,84,85,100,Sports,93993.0,Yes,9.4,Placed,89.66666666666667,safe,Excellent
Richard Perez,64.1,61,63,100,Debate,42441.0,No,8.8,Placed,74.66666666666667,safe,Good
William Lewis,86.3,85,75,98,Music,66911.0,Yes,8.3,Placed,86.0,safe,Excellent
Daniel Gonzalez,79.4,79,86,82,Debate,63204.0,No,9.4,Placed,82.33333333333333,safe,Good
Gary Anderson,60.0,58,63,79,NCC,61156.0,No,6.5,Placed,66.66666666666667,safe,Average
Nancy Garcia,69.4,65,60,81,Music,68580.0,No,5.5,Placed,68.66666666666667,safe,Average
Karen King,60.3,64,81,100,Sports,39323.0,No,9.6,Placed,81.66666666666667,safe,Good
Anthony Taylor,67.1,50,56,56,Music,9075.0,Yes,5.3,Not Placed,54.0,Need Improvement,Average
Emily Brown,68.3,54,0,71,Music,89746.0,Yes,4.3,Placed,41.666666666666664,Need Improvement,Poor
Andrew Nguyen,88.5,60,57,79,NCC,93663.0,Yes,6.6,Not Placed,65.33333333333333,safe,Average
Robert Jones,86.1,48,46,48,Music,24623.0,Yes,1.0,Not Placed,47.333333333333336,Need Improvement,Poor
Rebecca Jackson,94.8,80,82,96,NCC,78686.0,Yes,8.6,Placed,86.0,safe,Excellent
Matthew Robinson,69.5,85,88,91,Sports,34605.0,Yes,7.9,Placed,88.0,safe,Excellent
Edward Martin,69.9,56,74,92,Sports,51790.0,Yes,6.7,Placed,74.0,safe,Good
Jason Smith,89.6,80,77,100,Debate,107425.0,No,7.7,Placed,85.66666666666667,safe,Excellent
Paul Scott,79.1,57,62,77,Sports,80128.0,Yes,5.4,Placed,65.33333333333333,safe,Average
Elizabeth Nguyen,80.0,53,65,82,Sports,95148.0,Yes,5.6,Placed,66.66666666666667,safe,Average
Kimberly Williams,100.0,89,84,100,Sports,73119.0,No,10.0,Placed,91.0,safe,Excellent
Laura Thomas,98.5,62,81,79,Volunteer,87688.0,Yes,5.0,Placed,74.0,safe,Good
Laura Ramirez,92.4,83,84,84,Sports,67550.0,Yes,6.9,Placed,83.66666666666667,safe,Good
Ryan Martin,89.8,76,69,70,Volunteer,95061.0,Yes,6.0,Placed,71.66666666666667,safe,Good
Donna Young,100.0,100,100,98,Sports,23621.0,Yes,10.0,Placed,99.33333333333333,safe,Excellent
Susan Sanchez,76.0,51,63,73,Sports,64702.0,Yes,6.1,Placed,62.333333333333336,safe,Average
Linda Perez,67.5,57,74,78,Sports,63703.0,No,4.9,Placed,69.66666666666667,safe,Average
Jennifer White,82.0,27,38,38,Sports,59785.0,No,1.0,Not Placed,34.333333333333336,At risk,Poor
James Harris,84.3,71,85,64,Sports,152382.0,No,3.7,Placed,73.33333333333333,safe,Good
Jason Harris,57.3,51,57,75,NCC,59306.0,Yes,5.2,Not Placed,61.0,safe,Average
Kevin Brown,85.1,41,36,52,NCC,62802.0,Yes,2.5,Not Placed,43.0,Need Improvement,Poor
Betty Scott,91.7,56,60,61,Debate,61241.0,Yes,4.6,Placed,59.0,Need Improvement,Average
Rebecca Walker,94.3,89,94,98,Sports,75528.0,Yes,7.6,Placed,93.66666666666667,safe,Excellent
Daniel Wilson,80.0,91,100,90,Sports,92092.0,Yes,7.0,Placed,93.66666666666667,safe,Excellent
Melissa Davis,85.5,51,63,52,Volunteer,81347.0,Yes,4.1,Placed,55.333333333333336,Need Improvement,Average
Anthony Jackson,91.8,56,76,89,Sports,70898.0,Yes,5.8,Placed,73.66666666666667,safe,Good
Ronald Johnson,58.3,59,65,98,Sports,38035.0,No,7.3,Placed,74.0,safe,Good
Linda Hill,85.1,35,80,45,NCC,83192.0,No,2.9,Not Placed,53.333333333333336,Need Improvement,Average
Ronald Martin,82.0,79,80,80,Sports,58837.0,No,7.0,Placed,79.66666666666667,safe,Good
Jason Hill,79.6,66,79,87,Sports,39781.0,No,7.7,Placed,77.33333333333333,safe,Good
Steven Anderson,65.7,49,68,97,Sports,71237.0,No,9.0,Placed,71.33333333333333,safe,Good
David Walker,68.8,65,65,75,Sports,52872.0,No,6.2,Placed,68.33333333333333,safe,Average
Jennifer Scott,78.7,73,83,83,Sports,69873.0,Yes,7.7,Placed,79.66666666666667,safe,Good
Elizabeth Flores,72.8,58,52,45,Music,118397.0,Yes,5.2,Not Placed,51.666666666666664,Need Improvement,Average
Carol Lopez,81.7,54,53,76,Volunteer,83981.0,Yes,6.4,Not Placed,61.0,safe,Average
John Walker,77.2,56,72,90,Volunteer,42488.0,Yes,8.1,Placed,72.66666666666667,safe,Good
Ronald Hernandez,83.3,52,73,54,Music,19034.0,Yes,2.7,Placed,59.666666666666664,Need Improvement,Average
Laura Nguyen,87.5,78,93,100,NCC,8000.0,Yes,10.0,Placed,90.33333333333333,safe,Excellent
Betty Johnson,89.3,75,70,93,Volunteer,63192.0,Yes,7.2,Placed,79.33333333333333,safe,Good
Kevin Scott,100.0,61,70,63,Volunteer,40502.0,Yes,4.5,Placed,64.66666666666667,safe,Average
Karen Wilson,76.0,94,92,94,Volunteer,24305.0,Yes,10.0,Placed,93.33333333333333,safe,Excellent
Andrew Anderson,80.0,52,53,100,Music,137315.0,Yes,7.2,Not Placed,68.33333333333333,safe,Average
Patricia White,71.5,80,92,100,Volunteer,55456.0,Yes,7.8,Placed,90.66666666666667,safe,Excellent
Thomas Thomas,62.4,51,66,68,Volunteer,53669.0,Yes,4.9,Placed,61.666666666666664,safe,Average
Angela Williams,66.4,53,48,42,Music,51693.0,Yes,3.4,Not Placed,47.666666666666664,Need Improvement,Poor
Nicholas Martinez,94.2,68,0,87,Volunteer,110186.0,Yes,6.4,Placed,51.666666666666664,Need Improvement,Average
Rebecca Lopez,72.0,80,87,97,Volunteer,10682.0,Yes,9.7,Placed,88.0,safe,Excellent
Jacob Taylor,87.3,32,38,40,NCC,97870.0,Yes,2.1,Not Placed,36.666666666666664,At risk,Poor
Betty Hernandez,84.8,84,89,87,Debate,63460.0,Yes,8.8,Placed,86.66666666666667,safe,Excellent
Edward Lopez,84.7,52,74,64,Sports,24390.0,Yes,3.5,Placed,63.333333333333336,safe,Average
Daniel Smith,97.4,66,80,88,Sports,9070.0,Yes,8.1,Placed,78.0,safe,Good
Steven Thomas,66.0,63,63,80,Sports,86026.0,Yes,5.3,Placed,68.66666666666667,safe,Average
Jason Johnson,90.5,53,65,47,Volunteer,37803.0,Yes,3.4,Placed,55.0,Need Improvement,Average
Kimberly Smith,100.0,84,80,60,Volunteer,106745.0,Yes,4.5,Placed,74.66666666666667,safe,Good
Edward Smith,71.8,68,69,82,Sports,91066.0,Yes,6.3,Placed,73.0,safe,Good
Patricia Thompson,80.0,41,59,53,Sports,121479.0,No,2.7,Not Placed,51.0,Need Improvement,Average
John Hill,73.9,42,40,21,Volunteer,74123.0,No,1.5,Not Placed,34.333333333333336,At risk,Poor
Matthew Clark,100.0,82,98,100,Volunteer,34628.0,Yes,9.2,Placed,93.33333333333333,safe,Excellent
Michael Williams,64.7,43,51,53,Volunteer,64702.0,No,4.0,Not Placed,49.0,Need Improvement,Poor
Ronald Williams,76.0,56,48,79,Music,8000.0,No,4.5,Not Placed,61.0,safe,Average
George Jackson,84.9,50,46,58,Debate,84464.0,Yes,5.1,Not Placed,51.333333333333336,Need Improvement,Average
Nicholas Gonzalez,92.4,15,24,34,Debate,64702.0,No,1.0,Not Placed,24.333333333333332,At risk,Poor
Patricia Martinez,87.8,63,71,95,Music,48295.0,Yes,6.4,Placed,76.33333333333333,safe,Good
Nancy Lewis,85.1,65,77,64,Music,63493.0,Yes,5.4,Placed,68.66666666666667,safe,Average
Cynthia Clark,81.1,63,79,96,Sports,49215.0,No,6.5,Placed,79.33333333333333,safe,Good
Ryan Johnson,73.3,72,68,85,Volunteer,73617.0,Yes,6.5,Placed,75.0,safe,Good
Amy Hill,96.3,68,71,54,Music,82433.0,Yes,3.4,Placed,64.33333333333333,safe,Average
Anthony Torres,79.3,44,60,50,Volunteer,105748.0,Yes,4.1,Placed,51.333333333333336,Need Improvement,Average
Robert Nguyen,80.0,71,70,70,Volunteer,86784.0,Yes,5.8,Placed,70.33333333333333,safe,Good
Paul Anderson,79.6,71,66,54,Music,82273.0,Yes,3.4,Placed,63.666666666666664,safe,Average
Amanda Walker,64.3,64,79,77,Music,126341.0,Yes,5.7,Placed,73.33333333333333,safe,Good
Ryan Moore,60.8,44,52,65,Debate,37465.0,Yes,3.0,Not Placed,53.666666666666664,Need Improvement,Average
Gary Hill,93.5,56,74,82,Debate,61749.0,No,5.2,Placed,70.66666666666667,safe,Good
David Taylor,77.9,74,72,67,Sports,49090.0,No,6.5,Placed,71.0,safe,Good
Elizabeth Martinez,85.7,65,65,86,Music,62997.0,No,4.8,Placed,72.0,safe,Good
Ronald Smith,80.0,49,59,63,Volunteer,50299.0,Yes,4.2,Not Placed,57.0,Need Improvement,Average
Patricia Smith,80.1,43,80,81,NCC,43295.0,Yes,6.1,Placed,68.0,safe,Average
William Lewis,77.5,64,80,78,Volunteer,70954.0,Yes,6.6,Placed,74.0,safe,Good
Kevin White,87.4,48,56,59,NCC,122201.0,No,4.2,Not Placed,54.333333333333336,Need Improvement,Average
Daniel Johnson,65.7,38,40,31,NCC,80555.0,No,2.6,Not Placed,36.333333333333336,At risk,Poor
Jacob Davis,75.6,26,30,33,Debate,63105.0,No,2.7,Not Placed,29.666666666666668,At risk,Poor
Nancy Clark,100.0,81,81,92,Music,16338.0,No,7.2,Placed,84.66666666666667,safe,Good
Joseph Garcia,79.5,89,74,96,Music,34469.0,No,9.1,Placed,86.33333333333333,safe,Excellent
Ryan Torres,75.0,66,73,100,NCC,44861.0,No,8.9,Placed,79.66666666666667,safe,Good
Laura Harris,76.1,80,63,89,Sports,79110.0,No,8.2,Placed,77.33333333333333,safe,Good
Cynthia Jackson,89.1,53,63,68,NCC,39462.0,Yes,4.6,Placed,61.333333333333336,safe,Average
Carol Wright,75.9,63,76,93,Debate,82308.0,Yes,8.1,Placed,77.33333333333333,safe,Good
Stephanie Garcia,78.3,73,0,94,Sports,114125.0,Yes,7.2,Placed,55.666666666666664,Need Improvement,Average
Kevin Smith,64.3,80,90,100,Debate,110683.0,Yes,6.9,Placed,90.0,safe,Excellent
Robert King,70.0,44,45,32,Music,116877.0,Yes,2.8,Not Placed,40.333333333333336,Need Improvement,Poor
Edward Robinson,92.0,65,73,58,Debate,88681.0,Yes,4.6,Placed,65.33333333333333,safe,Average
Patricia Lewis,82.4,39,60,52,Music,84053.0,Yes,4.3,Placed,50.333333333333336,Need Improvement,Average
George Wilson,89.5,86,85,87,Volunteer,99064.0,No,7.0,Placed,86.0,safe,Excellent
Daniel Jones,95.4,78,88,100,Sports,112051.0,Yes,7.2,Placed,88.66666666666667,safe,Excellent
Nancy Allen,81.6,43,56,50,Sports,66882.0,Yes,4.1,Not Placed,49.666666666666664,Need Improvement,Poor
Charles Thomas,86.2,60,70,69,Debate,90955.0,Yes,3.9,Placed,66.33333333333333,safe,Average
Laura Martin,66.1,60,61,100,Volunteer,100171.0,Yes,8.0,Placed,73.66666666666667,safe,Good
Ryan Moore,82.6,47,58,74,Sports,133512.0,Yes,4.8,Not Placed,59.666666666666664,Need Improvement,Average
Edward Taylor,56.3,62,63,79,Debate,75663.0,Yes,8.2,Placed,68.0,safe,Average
Melissa Jackson,100.0,51,37,7,Sports,37679.0,Yes,1.0,Not Placed,31.666666666666668,At risk,Poor
Sandra Young,74.0,100,97,100,NCC,81360.0,Yes,9.0,Placed,99.0,safe,Excellent
Michelle Sanchez,67.2,76,79,85,NCC,82377.0,Yes,7.3,Placed,80.0,safe,Good
Steven Robinson,100.0,65,80,84,NCC,48565.0,No,4.7,Placed,76.33333333333333,safe,Good
Cynthia Sanchez,68.6,53,69,62,Sports,8000.0,No,3.9,Placed,61.333333333333336,safe,Average
Joseph Davis,94.8,62,60,67,Volunteer,53432.0,Yes,5.8,Placed,63.0,safe,Average
Jessica Moore,82.6,64,66,79,NCC,80639.0,Yes,6.5,Placed,69.66666666666667,safe,Average
Edward Anderson,65.7,46,68,83,Sports,45517.0,Yes,5.3,Placed,65.66666666666667,safe,Average
Jessica Scott,83.3,63,74,81,Volunteer,54629.0,No,6.0,Placed,72.66666666666667,safe,Good
Kimberly Taylor,96.2,75,81,61,NCC,108770.0,Yes,6.0,Placed,72.33333333333333,safe,Good
Ashley Lopez,54.2,51,42,39,Volunteer,34089.0,Yes,3.2,Not Placed,44.0,Need Improvement,Poor
Brian Thompson,75.2,60,65,53,Sports,99770.0,Yes,4.7,Placed,59.333333333333336,Need Improvement,Average
Stephanie Perez,74.1,47,65,70,Music,83760.0,No,5.2,Placed,60.666666666666664,safe,Average
Cynthia White,69.5,34,43,47,Debate,118817.0,No,2.2,Not Placed,41.333333333333336,Need Improvement,Poor
Patricia Young,75.5,44,48,47,NCC,50489.0,Yes,1.8,Not Placed,46.333333333333336,Need Improvement,Poor
Sandra Martinez,94.9,69,65,81,Sports,104066.0,No,6.1,Placed,71.66666666666667,safe,Good
Charles Torres,66.3,57,81,88,Music,50830.0,Yes,5.7,Placed,75.33333333333333,safe,Good
Thomas Gonzalez,89.2,61,67,100,Sports,103100.0,No,6.6,Placed,76.0,safe,Good
Anthony Hill,83.0,67,76,100,Debate,30519.0,Yes,9.0,Placed,81.0,safe,Good
Kimberly Scott,66.8,55,68,67,Sports,77994.0,No,5.6,Placed,63.333333333333336,safe,Average
Kevin Taylor,91.0,56,73,72,Sports,94496.0,Yes,4.0,Placed,67.0,safe,Average
Linda Sanchez,66.7,51,59,61,Volunteer,62015.0,No,4.3,Not Placed,57.0,Need Improvement,Average
Lisa Smith,79.3,76,86,78,Music,55050.0,Yes,4.5,Placed,80.0,safe,Good
Melissa Hernandez,80.0,57,67,95,Music,78747.0,Yes,6.4,Placed,73.0,safe,Good
Jacob Garcia,85.7,88,80,83,Debate,103966.0,Yes,6.9,Placed,83.66666666666667,safe,Good
Joshua Hernandez,91.1,69,76,57,Music,49354.0,Yes,4.8,Placed,67.33333333333333,safe,Average
Ashley Sanchez,74.5,54,66,70,Sports,40314.0,Yes,4.1,Placed,63.333333333333336,safe,Average
Jennifer Anderson,70.2,62,90,71,NCC,74757.0,Yes,4.4,Not Placed,74.33333333333333,safe,Good
Laura Lewis,79.8,60,80,86,Sports,86810.0,No,4.5,Placed,75.33333333333333,safe,Good
Ronald Miller,78.2,85,69,47,Music,77880.0,Yes,6.0,Placed,67.0,safe,Average
William Taylor,90.5,92,97,89,Sports,45173.0,Yes,8.5,Placed,92.66666666666667,safe,Excellent
Matthew Lewis,80.0,84,94,100,Debate,27056.0,Yes,8.7,Placed,92.66666666666667,safe,Excellent
Ronald Gonzalez,100.0,61,82,91,NCC,8901.0,No,5.2,Placed,78.0,safe,Good
Jacob Lopez,58.0,72,72,97,Volunteer,64702.0,Yes,8.4,Placed,80.33333333333333,safe,Good
Cynthia Nguyen,95.5,43,73,85,Sports,79578.0,No,6.3,Placed,67.0,safe,Average
Rebecca Hernandez,79.4,69,72,98,Music,38973.0,Yes,7.2,Placed,79.66666666666667,safe,Good
Ashley Clark,85.6,65,80,100,Sports,32606.0,Yes,8.5,Placed,81.66666666666667,safe,Good
Brian Lee,56.2,52,80,54,NCC,50389.0,Yes,4.7,Not Placed,62.0,safe,Average
Mary Thomas,71.0,56,64,87,Debate,115778.0,Yes,5.3,Placed,69.0,safe,Average
Edward Gonzalez,80.5,80,76,81,Debate,81701.0,No,6.8,Placed,79.0,safe,Good
Andrew Clark,82.9,59,59,74,Volunteer,35071.0,No,5.4,Not Placed,64.0,safe,Average
Anthony Harris,74.8,37,48,55,Volunteer,53617.0,Yes,4.9,Not Placed,46.666666666666664,Need Improvement,Poor
Kevin Torres,100.0,58,81,72,NCC,82269.0,No,4.8,Placed,70.33333333333333,safe,Good
Laura Garcia,100.0,76,77,85,NCC,55590.0,Yes,7.0,Placed,79.33333333333333,safe,Good
Nancy Moore,77.7,66,70,77,Sports,42886.0,Yes,6.5,Placed,71.0,safe,Good
John Garcia,72.4,63,70,60,Volunteer,84760.0,Yes,3.3,Placed,64.33333333333333,safe,Average
Charles Allen,95.4,66,72,85,Sports,70053.0,Yes,6.5,Placed,74.33333333333333,safe,Good
Laura Lopez,77.4,61,83,86,NCC,85189.0,Yes,6.6,Placed,76.66666666666667,safe,Good
Kenneth Moore,71.6,45,56,66,NCC,44907.0,No,4.5,Not Placed,55.666666666666664,Need Improvement,Average
Rebecca Smith,81.8,59,71,63,Music,51872.0,Yes,4.7,Placed,64.33333333333333,safe,Average
Sharon Ramirez,75.8,57,79,77,Sports,33810.0,Yes,6.5,Placed,71.0,safe,Good
Betty Lee,79.5,82,69,83,Sports,41640.0,No,7.1,Placed,78.0,safe,Good
Joshua Ramirez,70.3,56,52,83,NCC,10535.0,Yes,6.6,Not Placed,63.666666666666664,safe,Average
Anthony Torres,78.6,45,63,67,Debate,95824.0,No,4.8,Placed,58.333333333333336,Need Improvement,Average
Ashley Thompson,100.0,67,58,61,Sports,96942.0,Yes,5.5,Not Placed,62.0,safe,Average
Cynthia Lopez,91.5,51,78,94,Music,29493.0,No,7.2,Placed,74.33333333333333,safe,Good
Melissa Hernandez,80.0,51,80,82,Sports,8000.0,Yes,5.6,Placed,71.0,safe,Good
Amanda Flores,58.0,46,63,63,NCC,41060.0,Yes,5.0,Placed,57.333333333333336,Need Improvement,Average
Paul Allen,77.7,46,61,54,Volunteer,53203.0,Yes,3.3,Placed,53.666666666666664,Need Improvement,Average
Robert Flores,79.0,75,68,85,Music,29619.0,Yes,7.9,Placed,76.0,safe,Good
Mary Thompson,90.8,66,80,84,Volunteer,58572.0,Yes,5.7,Placed,76.66666666666667,safe,Good
George Lopez,79.0,65,69,73,Debate,77337.0,Yes,4.4,Placed,69.0,safe,Average
Gary White,84.7,57,67,76,Music,80130.0,Yes,5.9,Placed,66.66666666666667,safe,Average
Steven Anderson,72.2,69,70,72,Sports,90628.0,Yes,5.2,Placed,70.33333333333333,safe,Good
Donald Hill,90.8,92,86,82,Sports,83243.0,Yes,8.8,Placed,86.66666666666667,safe,Excellent
Jennifer Thomas,82.0,62,55,66,Sports,62607.0,Yes,5.0,Not Placed,61.0,safe,Average
Ryan Thompson,76.0,52,77,85,Music,8000.0,Yes,5.3,Placed,71.33333333333333,safe,Good
Joseph Rodriguez,83.9,58,78,89,Debate,97242.0,No,7.3,Placed,75.0,safe,Good
Brian Jackson,83.7,55,53,54,Volunteer,90190.0,Yes,5.0,Not Placed,54.0,Need Improvement,Average
Edward Walker,100.0,72,67,87,Debate,95658.0,Yes,7.1,Placed,75.33333333333333,safe,Good
Sandra Walker,80.0,47,53,48,Debate,69015.0,Yes,1.3,Not Placed,49.333333333333336,Need Improvement,Poor
Robert Moore,69.7,84,90,100,Music,27128.0,No,9.7,Placed,91.33333333333333,safe,Excellent
Richard Flores,77.0,41,47,56,Sports,75941.0,Yes,3.2,Not Placed,48.0,Need Improvement,Poor
Joshua Lee,79.2,46,80,92,Music,8000.0,No,4.0,Placed,72.66666666666667,safe,Good
Andrew Scott,82.1,62,66,76,Volunteer,71080.0,No,6.6,Placed,68.0,safe,Average
Melissa Martin,91.2,100,90,100,Sports,96368.0,Yes,10.0,Placed,96.66666666666667,safe,Excellent
Robert Taylor,89.7,72,73,73,Sports,75789.0,Yes,5.4,Placed,72.66666666666667,safe,Good
Angela Martin,94.7,88,100,82,Music,89146.0,No,7.6,Placed,90.0,safe,Excellent
Robert Harris,87.5,66,77,92,Sports,79184.0,No,7.2,Placed,78.33333333333333,safe,Good
Joshua Johnson,75.0,37,50,51,Debate,57057.0,Yes,2.7,Not Placed,46.0,Need Improvement,Poor
Amanda Harris,63.2,72,73,100,Debate,8530.0,No,9.5,Placed,81.66666666666667,safe,Good
Laura Ramirez,74.0,50,63,75,Volunteer,23432.0,Yes,5.3,Placed,62.666666666666664,safe,Average
Betty Allen,57.2,37,48,71,Music,40224.0,No,4.9,Not Placed,52.0,Need Improvement,Average
Kevin Martin,87.6,48,59,71,Debate,93944.0,No,5.9,Not Placed,59.333333333333336,Need Improvement,Average
Kimberly Hernandez,58.2,28,33,50,Volunteer,57438.0,No,3.0,Not Placed,37.0,At risk,Poor
Laura Walker,74.2,59,83,97,Music,58760.0,Yes,7.7,Placed,79.66666666666667,safe,Good
Sarah Wright,49.5,43,47,70,Music,82825.0,No,5.3,Not Placed,53.333333333333336,Need Improvement,Average
Lisa Johnson,94.3,49,59,39,Music,79486.0,Yes,2.8,Not Placed,49.0,Need Improvement,Poor
Nancy Robinson,96.1,65,75,94,NCC,47875.0,No,7.4,Placed,78.0,safe,Good
Joseph Gonzalez,82.1,71,87,79,Volunteer,65437.0,Yes,6.2,Placed,79.0,safe,Good
John Lee,78.7,80,80,100,Volunteer,36745.0,Yes,9.9,Placed,86.66666666666667,safe,Excellent
Ryan Robinson,78.5,54,53,56,NCC,31897.0,No,4.7,Not Placed,54.333333333333336,Need Improvement,Average
Steven White,95.6,66,83,87,Sports,19632.0,Yes,6.7,Placed,78.66666666666667,safe,Good
Ryan Miller,74.3,70,64,78,Music,73883.0,Yes,5.4,Placed,70.66666666666667,safe,Good
Karen Robinson,87.0,53,53,62,Sports,33960.0,No,3.5,Not Placed,56.0,Need Improvement,Average
Andrew Hill,85.2,43,62,69,Music,31550.0,Yes,5.4,Placed,58.0,Need Improvement,Average
Jacob Davis,80.0,75,0,100,Volunteer,64702.0,Yes,7.7,Placed,58.333333333333336,Need Improvement,Average
Emma Ramirez,94.5,42,55,49,Volunteer,107001.0,Yes,2.0,Not Placed,48.666666666666664,Need Improvement,Poor
Lisa Lopez,84.6,58,64,71,Music,100355.0,Yes,6.2,Placed,64.33333333333333,safe,Average
John Martinez,82.5,61,69,56,NCC,83952.0,Yes,6.1,Placed,62.0,safe,Average
Rebecca Wilson,68.3,66,72,68,NCC,65473.0,Yes,5.4,Placed,68.66666666666667,safe,Average
Kenneth Johnson,84.7,48,56,35,Debate,36576.0,Yes,3.8,Not Placed,46.333333333333336,Need Improvement,Poor
Jacob Smith,65.7,65,71,100,Music,105815.0,Yes,7.9,Placed,78.66666666666667,safe,Good
Matthew Wright,72.2,48,68,50,Sports,30463.0,Yes,3.3,Placed,55.333333333333336,Need Improvement,Average
Jennifer Brown,85.4,62,71,71,NCC,30257.0,Yes,6.4,Placed,68.0,safe,Average
Kevin Davis,56.5,32,61,69,Music,91816.0,No,4.2,Placed,54.0,Need Improvement,Average
Nancy King,78.5,44,51,62,Debate,105932.0,Yes,3.8,Not Placed,52.333333333333336,Need Improvement,Average
Nancy Moore,95.3,71,77,89,Music,89380.0,No,6.9,Placed,79.0,safe,Good
George Perez,64.9,67,82,91,Sports,30802.0,No,6.2,Placed,80.0,safe,Good
Deborah Scott,78.1,76,88,78,Volunteer,93464.0,Yes,6.5,Placed,80.66666666666667,safe,Good
Laura Martinez,74.5,67,58,68,Volunteer,121518.0,Yes,7.0,Not Placed,64.33333333333333,safe,Average
George Torres,71.4,47,45,72,Debate,61489.0,No,4.8,Not Placed,54.666666666666664,Need Improvement,Average
Jennifer Martinez,95.3,64,81,55,Sports,49565.0,Yes,4.8,Placed,66.66666666666667,safe,Average
Karen Jones,93.0,89,80,100,Sports,77151.0,No,8.8,Placed,89.66666666666667,safe,Excellent
Ronald Johnson,81.8,76,81,100,Volunteer,96699.0,No,8.9,Placed,85.66666666666667,safe,Excellent
George Perez,89.1,65,77,59,Sports,27860.0,Yes,5.3,Placed,67.0,safe,Average
Jessica Flores,70.1,39,63,73,Sports,40017.0,No,6.1,Placed,58.333333333333336,Need Improvement,Average
Rebecca Williams,73.9,56,47,58,Music,54510.0,Yes,2.8,Not Placed,53.666666666666664,Need Improvement,Average
Kimberly Martinez,81.5,87,97,99,Debate,46343.0,No,9.0,Placed,94.33333333333333,safe,Excellent
Brian White,96.8,51,61,63,Debate,97019.0,Yes,4.1,Placed,58.333333333333336,Need Improvement,Average
Donald Thomas,98.1,65,82,61,Music,79995.0,No,4.8,Placed,69.33333333333333,safe,Average
Jennifer Taylor,74.5,53,52,65,Debate,65037.0,Yes,3.6,Not Placed,56.666666666666664,Need Improvement,Average
Betty Robinson,74.7,63,79,77,Sports,12953.0,Yes,5.3,Placed,73.0,safe,Good
Kenneth Rodriguez,61.8,31,49,72,Sports,92272.0,Yes,4.3,Not Placed,50.666666666666664,Need Improvement,Average
Nancy Hill,77.9,54,72,83,Music,57577.0,No,6.2,Placed,69.66666666666667,safe,Average
Stephanie Moore,68.6,66,81,61,Music,44527.0,Yes,4.7,Placed,69.33333333333333,safe,Average
Susan Hill,80.2,61,70,70,Sports,28684.0,No,6.9,Placed,67.0,safe,Average
Mark Hill,71.7,71,83,93,Sports,94536.0,No,9.2,Placed,82.33333333333333,safe,Good
Daniel Miller,63.4,56,72,84,NCC,117415.0,No,5.8,Placed,70.66666666666667,safe,Good
Amy King,94.7,55,73,74,Sports,10108.0,Yes,4.7,Placed,67.33333333333333,safe,Average
Steven White,74.0,60,66,54,Debate,86678.0,Yes,4.9,Placed,60.0,safe,Average
Robert Moore,100.0,80,93,96,Debate,23346.0,Yes,6.6,Placed,89.66666666666667,safe,Excellent
Angela Jackson,81.2,69,79,77,Volunteer,141967.0,No,5.7,Placed,75.0,safe,Good
Sandra Davis,79.5,67,73,85,Debate,64702.0,Yes,6.9,Placed,75.0,safe,Good
Nicholas Flores,85.2,43,60,91,NCC,34885.0,No,6.1,Placed,64.66666666666667,safe,Average
Melissa Clark,56.0,30,38,48,Music,43440.0,Yes,3.2,Not Placed,38.666666666666664,At risk,Poor
Cynthia Martinez,61.2,58,71,50,Debate,134522.0,Yes,4.5,Placed,59.666666666666664,Need Improvement,Average
Cynthia Nguyen,74.6,66,78,88,NCC,64702.0,No,7.2,Placed,77.33333333333333,safe,Good
Charles Ramirez,77.5,85,74,100,Sports,69181.0,Yes,9.2,Placed,86.33333333333333,safe,Excellent
Amy Wright,65.1,75,76,78,Sports,78766.0,Yes,6.1,Placed,76.33333333333333,safe,Good
Nicholas White,84.3,77,92,67,Sports,39491.0,Yes,6.2,Placed,78.66666666666667,safe,Good
Kimberly Jackson,82.6,58,61,69,Music,35874.0,Yes,3.9,Placed,62.666666666666664,safe,Average
Linda Lee,96.5,72,76,91,Volunteer,84390.0,No,6.2,Placed,79.66666666666667,safe,Good
Andrew Hernandez,75.1,50,45,52,Debate,33427.0,Yes,4.9,Not Placed,49.0,Need Improvement,Poor
George Moore,79.2,51,70,65,Debate,64600.0,No,5.3,Not Placed,62.0,safe,Average
Rebecca Thompson,90.1,52,51,48,Debate,32925.0,Yes,2.2,Not Placed,50.333333333333336,Need Improvement,Average
Carol Perez,67.7,46,68,91,NCC,8000.0,Yes,6.7,Placed,68.33333333333333,safe,Average
Ryan Garcia,84.6,47,62,84,Volunteer,23028.0,Yes,5.2,Placed,64.33333333333333,safe,Average
Sandra Gonzalez,88.1,40,54,81,NCC,24132.0,Yes,6.2,Not Placed,58.333333333333336,Need Improvement,Average
Kenneth Harris,91.0,42,57,70,Sports,62756.0,Yes,4.6,Not Placed,56.333333333333336,Need Improvement,Average
Ryan Hill,87.8,69,90,50,Debate,75750.0,Yes,3.9,Placed,69.66666666666667,safe,Average
Elizabeth Brown,91.8,39,62,64,NCC,45776.0,No,4.4,Placed,55.0,Need Improvement,Average
George Jackson,81.7,58,65,66,Sports,52550.0,Yes,5.7,Placed,63.0,safe,Average
Charles Lee,60.7,39,61,76,Debate,76201.0,Yes,5.9,Placed,58.666666666666664,Need Improvement,Average
Kimberly Moore,84.3,77,96,100,Debate,60876.0,Yes,7.7,Placed,91.0,safe,Excellent
Jennifer Hill,52.1,74,76,76,Sports,86698.0,No,5.8,Placed,75.33333333333333,safe,Good
Patricia Jones,71.4,62,61,68,Sports,64702.0,Yes,5.0,Placed,63.666666666666664,safe,Average
Amanda Lewis,75.0,70,70,100,Debate,98140.0,Yes,6.7,Placed,80.0,safe,Good
Joseph Davis,80.0,89,100,100,Sports,105114.0,No,8.5,Placed,96.33333333333333,safe,Excellent
Ashley King,80.8,77,80,81,Sports,35479.0,Yes,6.7,Placed,79.33333333333333,safe,Good
Laura Moore,82.0,70,80,93,Music,96073.0,Yes,7.7,Placed,81.0,safe,Good
Elizabeth Johnson,83.5,60,34,36,Sports,62395.0,Yes,3.3,Not Placed,43.333333333333336,Need Improvement,Poor
Amy Harris,94.8,75,90,91,Sports,40857.0,No,5.8,Placed,85.33333333333333,safe,Excellent
Cynthia Garcia,92.1,59,60,49,NCC,63469.0,Yes,4.9,Placed,56.0,Need Improvement,Average
Deborah Scott,68.2,65,71,71,Sports,39268.0,Yes,6.0,Placed,69.0,safe,Average
Laura Flores,93.3,73,76,80,Sports,73753.0,No,6.7,Placed,76.33333333333333,safe,Good
Rebecca Smith,71.9,34,54,37,NCC,91124.0,No,2.4,Not Placed,41.666666666666664,Need Improvement,Poor
Emma Brown,71.2,41,49,57,Sports,82292.0,Yes,3.6,Not Placed,49.0,Need Improvement,Poor
Joseph Thomas,62.7,57,80,69,Debate,64508.0,Yes,5.0,Placed,68.66666666666667,safe,Average
Anthony Young,61.5,50,70,100,Volunteer,119662.0,Yes,7.4,Placed,73.33333333333333,safe,Good
Michelle Thomas,65.4,42,48,52,Volunteer,40886.0,Yes,2.2,Not Placed,47.333333333333336,Need Improvement,Poor
Carol Johnson,87.4,76,77,65,Sports,64702.0,Yes,5.8,Placed,72.66666666666667,safe,Good
Amy Clark,88.2,65,71,100,Music,78227.0,Yes,7.5,Placed,78.66666666666667,safe,Good
Jason Anderson,76.5,57,0,78,Volunteer,65476.0,Yes,6.9,Placed,45.0,Need Improvement,Poor
Jennifer Flores,76.8,52,90,64,Volunteer,84077.0,Yes,4.2,Placed,68.66666666666667,safe,Average
Michelle Lewis,64.3,54,58,92,Volunteer,81595.0,Yes,6.9,Not Placed,68.0,safe,Average
Emily Anderson,66.9,72,66,67,Debate,19909.0,Yes,6.1,Placed,68.33333333333333,safe,Average
Emily Ramirez,100.0,67,64,50,Sports,72778.0,No,3.4,Placed,60.333333333333336,safe,Average
Kenneth Moore,83.5,88,91,85,Sports,65113.0,Yes,5.8,Placed,88.0,safe,Excellent
Edward Smith,75.6,42,58,71,Debate,47515.0,Yes,4.1,Not Placed,57.0,Need Improvement,Average
Paul Martin,78.8,46,57,66,NCC,98944.0,No,4.7,Not Placed,56.333333333333336,Need Improvement,Average
Jacob Jackson,70.3,68,90,74,Volunteer,98426.0,Yes,6.1,Placed,77.33333333333333,safe,Good
Karen Anderson,61.3,78,70,80,Sports,51325.0,Yes,6.7,Placed,76.0,safe,Good
Kimberly Lee,72.1,66,78,100,Music,66807.0,Yes,8.2,Placed,81.33333333333333,safe,Good
Lisa Taylor,61.9,38,49,58,NCC,121497.0,No,3.3,Not Placed,48.333333333333336,Need Improvement,Poor
Mary Thomas,78.2,62,66,86,Volunteer,64702.0,Yes,7.2,Placed,71.33333333333333,safe,Good
Edward Scott,80.0,48,56,76,Sports,104091.0,Yes,5.5,Not Placed,60.0,safe,Average
Steven Clark,59.7,68,76,72,Debate,87955.0,Yes,6.8,Placed,72.0,safe,Good
Jason Nguyen,56.9,55,52,70,Music,44729.0,Yes,4.8,Not Placed,59.0,Need Improvement,Average
Susan Jackson,80.0,54,53,51,Debate,53898.0,Yes,4.5,Not Placed,52.666666666666664,Need Improvement,Average
Amy Allen,80.0,49,57,45,Volunteer,94057.0,Yes,2.9,Not Placed,50.333333333333336,Need Improvement,Average
Angela Ramirez,83.2,66,67,79,Music,59617.0,No,6.3,Placed,70.66666666666667,safe,Good
Michael Wilson,73.1,63,73,66,Volunteer,52939.0,Yes,5.4,Placed,67.33333333333333,safe,Average
Amanda Smith,94.2,58,68,41,Debate,59661.0,Yes,2.1,Placed,55.666666666666664,Need Improvement,Average
William Lee,72.7,72,0,98,Sports,87351.0,Yes,6.7,Placed,56.666666666666664,Need Improvement,Average
Kenneth Lopez,90.2,35,46,46,Volunteer,98634.0,Yes,2.1,Not Placed,42.333333333333336,Need Improvement,Poor
Emily Jones,66.9,53,59,58,Sports,45839.0,Yes,3.9,Not Placed,56.666666666666664,Need Improvement,Average
James Jackson,81.3,37,50,44,NCC,37375.0,Yes,2.3,Not Placed,43.666666666666664,Need Improvement,Poor
Steven Ramirez,85.6,59,82,89,Sports,36044.0,No,5.4,Placed,76.66666666666667,safe,Good
Karen Smith,91.5,76,80,84,Volunteer,75125.0,Yes,7.0,Placed,80.0,safe,Good
William Davis,100.0,36,50,64,Sports,65543.0,Yes,3.6,Not Placed,50.0,Need Improvement,Average
Laura Garcia,58.1,54,64,70,Sports,12406.0,No,5.2,Placed,62.666666666666664,safe,Average
Mark Perez,76.0,34,60,48,Music,47372.0,Yes,3.1,Placed,47.333333333333336,Need Improvement,Poor
Kimberly Gonzalez,83.0,60,70,76,Music,52161.0,Yes,5.4,Placed,68.66666666666667,safe,Average
Nicholas Lewis,80.3,58,72,80,Sports,45613.0,Yes,5.6,Placed,70.0,safe,Good
Susan Jackson,85.2,90,100,97,Sports,59632.0,Yes,10.0,Placed,95.66666666666667,safe,Excellent
Donna Robinson,82.2,64,79,66,Debate,59488.0,No,4.8,Placed,69.66666666666667,safe,Average
Matthew King,74.4,61,61,74,NCC,124157.0,No,6.0,Placed,65.33333333333333,safe,Average
Amanda Johnson,80.1,52,53,42,Sports,116736.0,Yes,2.5,Not Placed,49.0,Need Improvement,Poor
Melissa Williams,86.1,51,60,51,Volunteer,96433.0,No,3.3,Placed,54.0,Need Improvement,Average
Betty Thomas,54.9,68,69,90,Sports,62492.0,Yes,6.8,Placed,75.66666666666667,safe,Good
Michael Wright,88.5,59,70,90,Music,90932.0,Yes,5.6,Placed,73.0,safe,Good
Kimberly Hill,66.5,53,57,92,Volunteer,101049.0,Yes,3.8,Not Placed,67.33333333333333,safe,Average
Matthew Scott,74.7,81,72,78,Sports,71089.0,Yes,7.2,Placed,77.0,safe,Good
Michael Thompson,98.5,45,50,41,NCC,19678.0,No,2.4,Not Placed,45.333333333333336,Need Improvement,Poor
Amanda Sanchez,82.9,60,72,88,Sports,109520.0,Yes,5.9,Placed,73.33333333333333,safe,Good
Gary Wright,58.5,49,56,71,NCC,64728.0,Yes,4.7,Not Placed,58.666666666666664,Need Improvement,Average
Angela Johnson,87.2,59,70,100,NCC,63607.0,No,7.5,Placed,76.33333333333333,safe,Good
Deborah Scott,85.2,66,61,81,Debate,91093.0,Yes,6.1,Placed,69.33333333333333,safe,Average
Joshua Flores,72.7,68,63,44,Volunteer,113818.0,Yes,5.0,Placed,58.333333333333336,Need Improvement,Average
Ronald Hernandez,66.5,28,63,81,Sports,59286.0,Yes,4.7,Placed,57.333333333333336,Need Improvement,Average
Rebecca Miller,81.7,79,81,66,Sports,87852.0,Yes,4.0,Placed,75.33333333333333,safe,Good
Paul King,83.9,49,90,77,Sports,69984.0,No,5.4,Placed,72.0,safe,Good
Michelle Wright,80.0,73,73,81,Debate,76742.0,No,7.4,Placed,75.66666666666667,safe,Good
Michelle Taylor,98.2,85,94,100,Sports,33507.0,Yes,7.6,Placed,93.0,safe,Excellent
Daniel Jones,88.2,20,32,32,Sports,72854.0,Yes,1.0,Not Placed,28.0,At risk,Poor
Jacob White,91.9,44,58,63,Debate,55983.0,No,3.7,Not Placed,55.0,Need Improvement,Average
Steven Davis,60.8,20,62,45,Sports,35496.0,Yes,3.3,Placed,42.333333333333336,Need Improvement,Poor
Daniel Hill,85.5,83,88,99,Music,64702.0,No,8.2,Placed,90.0,safe,Excellent
Donna Garcia,76.1,57,70,71,Sports,117146.0,Yes,6.9,Placed,66.0,safe,Average
Karen Martinez,65.3,48,63,38,Volunteer,75640.0,Yes,3.5,Placed,49.666666666666664,Need Improvement,Poor
Linda Flores,79.8,57,65,52,Volunteer,137778.0,No,4.5,Placed,58.0,Need Improvement,Average
Paul Davis,62.6,30,22,35,NCC,82151.0,Yes,2.4,Not Placed,29.0,At risk,Poor
Matthew Smith,66.9,53,74,66,Sports,83385.0,Yes,4.4,Placed,64.33333333333333,safe,Average
Michelle Walker,80.2,78,84,100,Volunteer,95318.0,Yes,6.9,Placed,87.33333333333333,safe,Excellent
John Scott,80.0,52,51,38,Sports,62847.0,Yes,3.2,Not Placed,47.0,Need Improvement,Poor
Amy Anderson,84.4,58,74,93,Sports,58677.0,No,7.1,Placed,75.0,safe,Good
Jessica Smith,72.9,77,73,100,Volunteer,43136.0,Yes,8.9,Placed,83.33333333333333,safe,Good
Linda Moore,74.2,78,76,100,Sports,104006.0,No,8.1,Placed,84.66666666666667,safe,Good
Andrew Hernandez,56.8,70,77,100,Music,76711.0,No,8.5,Placed,82.33333333333333,safe,Good
Nancy Scott,58.4,56,61,76,Sports,118028.0,Yes,4.8,Placed,64.33333333333333,safe,Average
Gary Perez,56.2,67,64,71,Sports,82464.0,Yes,7.1,Placed,67.33333333333333,safe,Average
Sarah Robinson,80.6,74,72,59,Debate,48765.0,Yes,5.1,Placed,68.33333333333333,safe,Average
Nicholas Torres,76.9,51,62,60,Sports,75696.0,Yes,3.0,Placed,57.666666666666664,Need Improvement,Average
Donna Smith,81.0,15,48,63,Sports,13844.0,No,3.1,Not Placed,42.0,Need Improvement,Poor
James King,63.1,48,52,75,Music,110977.0,Yes,5.3,Not Placed,58.333333333333336,Need Improvement,Average
Anthony Nguyen,90.5,47,39,35,Sports,64702.0,Yes,2.5,Not Placed,40.333333333333336,Need Improvement,Poor
Brian Brown,78.6,56,63,86,Debate,81536.0,No,6.7,Placed,68.33333333333333,safe,Average
Nicholas White,87.2,48,68,74,NCC,76913.0,Yes,4.9,Placed,63.333333333333336,safe,Average
James Thompson,81.8,77,82,67,NCC,104151.0,No,6.0,Placed,75.33333333333333,safe,Good
Angela Scott,91.9,40,40,31,Music,70764.0,Yes,2.3,Not Placed,37.0,At risk,Poor
Jacob Brown,90.4,94,76,93,Volunteer,90926.0,Yes,10.0,Placed,87.66666666666667,safe,Excellent
George Miller,99.2,61,64,72,Music,46098.0,No,3.2,Placed,65.66666666666667,safe,Average
Thomas Wilson,100.0,64,69,64,Music,68278.0,Yes,5.3,Placed,65.66666666666667,safe,Average
Steven Robinson,72.0,63,59,62,Debate,51568.0,No,4.9,Not Placed,61.333333333333336,safe,Average
Jacob Williams,81.7,37,55,60,Debate,75435.0,No,3.7,Not Placed,50.666666666666664,Need Improvement,Average
Patricia Johnson,94.9,69,88,100,Sports,87570.0,No,8.1,Placed,85.66666666666667,safe,Excellent
Mary Perez,81.5,61,57,83,Debate,42033.0,Yes,5.6,Not Placed,67.0,safe,Average
David Miller,67.5,40,56,58,Debate,64702.0,Yes,4.0,Not Placed,51.333333333333336,Need Improvement,Average
Lisa Clark,95.5,67,0,88,Sports,64702.0,Yes,5.6,Placed,51.666666666666664,Need Improvement,Average
Michelle Anderson,84.4,60,62,69,Volunteer,88219.0,Yes,5.3,Placed,63.666666666666664,safe,Average
Daniel Ramirez,86.0,83,77,85,NCC,71077.0,Yes,6.9,Placed,81.66666666666667,safe,Good
Deborah Allen,94.1,79,78,73,NCC,35330.0,No,6.1,Placed,76.66666666666667,safe,Good
Emma Lewis,95.6,79,0,56,Sports,63073.0,Yes,7.9,Placed,45.0,Need Improvement,Poor
Kenneth Garcia,89.8,77,94,99,Sports,90180.0,Yes,6.9,Placed,90.0,safe,Excellent
Michelle Davis,94.2,100,93,99,Sports,89037.0,Yes,10.0,Placed,97.33333333333333,safe,Excellent
Patricia Scott,92.6,63,70,86,Debate,68953.0,No,7.4,Placed,73.0,safe,Good
Donald Walker,100.0,42,61,53,Sports,61643.0,Yes,3.3,Placed,52.0,Need Improvement,Average
Karen Martin,81.8,50,63,79,Sports,22741.0,Yes,5.2,Placed,64.0,safe,Average
Kimberly Jones,85.6,52,71,67,NCC,76915.0,Yes,5.1,Placed,63.333333333333336,safe,Average
Mark Nguyen,73.8,70,91,100,NCC,61798.0,Yes,7.7,Placed,87.0,safe,Excellent
George Davis,88.3,51,66,66,Sports,40338.0,Yes,5.5,Placed,61.0,safe,Average
Nicholas Walker,83.3,75,64,87,Sports,75188.0,No,7.5,Placed,75.33333333333333,safe,Good
Nancy Anderson,97.3,43,63,61,Debate,81925.0,Yes,4.0,Placed,55.666666666666664,Need Improvement,Average
John Allen,89.4,91,83,95,Debate,101784.0,Yes,7.3,Placed,89.66666666666667,safe,Excellent
Donald Smith,77.7,50,64,54,Music,52025.0,Yes,3.6,Placed,56.0,Need Improvement,Average
Donna White,79.0,75,76,73,NCC,65290.0,Yes,3.8,Placed,74.66666666666667,safe,Good
Richard Rodriguez,62.1,86,82,98,Music,34993.0,Yes,10.0,Placed,88.66666666666667,safe,Excellent
Michael Taylor,70.7,56,90,72,Sports,60493.0,Yes,5.0,Placed,72.66666666666667,safe,Good
Ronald Harris,78.4,37,57,80,Volunteer,32839.0,Yes,5.9,Not Placed,58.0,Need Improvement,Average
Paul Young,74.5,79,94,99,Debate,83870.0,No,8.7,Placed,90.66666666666667,safe,Excellent
Lisa Walker,79.0,56,59,69,Debate,43723.0,Yes,3.0,Not Placed,61.333333333333336,safe,Average
Lisa Ramirez,100.0,88,90,92,Debate,61029.0,Yes,7.6,Placed,90.0,safe,Excellent
Sharon Allen,79.7,60,71,95,Sports,54358.0,Yes,5.8,Placed,75.33333333333333,safe,Good
Ashley Clark,83.7,49,57,53,Sports,48103.0,Yes,3.1,Not Placed,53.0,Need Improvement,Average
James Wright,79.0,59,51,80,Volunteer,127118.0,Yes,4.7,Not Placed,63.333333333333336,safe,Average
Anthony Williams,63.5,36,39,52,Music,124099.0,No,4.1,Not Placed,42.333333333333336,Need Improvement,Poor
Matthew Harris,100.0,81,79,95,Volunteer,53330.0,Yes,8.2,Placed,85.0,safe,Excellent
Anthony Brown,88.9,100,86,90,NCC,67132.0,Yes,7.9,Placed,92.0,safe,Excellent
James Davis,80.0,36,0,62,Debate,75407.0,Yes,2.9,Not Placed,32.666666666666664,At risk,Poor
Sharon Rodriguez,85.2,96,100,100,Sports,73471.0,Yes,9.0,Placed,98.66666666666667,safe,Excellent
Jennifer Robinson,82.2,50,45,54,Sports,57853.0,No,4.3,Not Placed,49.666666666666664,Need Improvement,Poor
John Hill,63.5,58,57,71,NCC,69312.0,Yes,6.8,Not Placed,62.0,safe,Average
Mary Ramirez,80.3,54,69,53,Music,109261.0,Yes,3.2,Placed,58.666666666666664,Need Improvement,Average
Michelle Lopez,85.8,59,66,97,Sports,98688.0,Yes,5.5,Placed,74.0,safe,Good
Mary Allen,81.9,60,60,80,Volunteer,8000.0,Yes,6.3,Placed,66.66666666666667,safe,Average
Patricia Martinez,60.2,47,58,62,Debate,55450.0,Yes,4.9,Not Placed,55.666666666666664,Need Improvement,Average
Jessica Scott,80.0,71,69,62,Sports,50063.0,Yes,5.2,Placed,67.33333333333333,safe,Average
Sandra White,65.1,35,49,46,NCC,71126.0,Yes,4.1,Not Placed,43.333333333333336,Need Improvement,Poor
Kimberly Scott,84.2,71,88,99,Music,20485.0,Yes,7.3,Placed,86.0,safe,Excellent
Jason Flores,63.9,70,86,100,Debate,73513.0,Yes,7.4,Placed,85.33333333333333,safe,Excellent
Charles Taylor,75.2,78,78,100,NCC,64702.0,Yes,9.3,Placed,85.33333333333333,safe,Excellent
Robert Hernandez,82.5,39,45,67,Sports,119965.0,Yes,4.2,Not Placed,50.333333333333336,Need Improvement,Average
Ronald Martinez,76.7,50,69,67,Music,60140.0,Yes,5.6,Placed,62.0,safe,Average
Daniel Flores,100.0,60,88,88,NCC,92467.0,Yes,5.8,Placed,78.66666666666667,safe,Good
James Walker,77.7,68,85,100,Sports,86524.0,Yes,6.5,Placed,84.33333333333333,safe,Good
Robert Taylor,67.3,43,60,76,Music,64702.0,No,6.5,Placed,59.666666666666664,Need Improvement,Average
Ryan Wright,73.7,60,73,84,Debate,11273.0,Yes,6.0,Placed,72.33333333333333,safe,Good
Elizabeth Lee,99.5,66,69,70,NCC,70246.0,No,5.6,Placed,68.33333333333333,safe,Average
Deborah King,78.5,69,80,84,Music,101168.0,Yes,6.5,Placed,77.66666666666667,safe,Good
Kenneth Wright,87.6,42,80,76,Volunteer,87196.0,No,5.1,Not Placed,66.0,safe,Average
John King,76.2,82,84,94,Debate,54676.0,Yes,7.0,Placed,86.66666666666667,safe,Excellent
Carol Brown,78.0,64,66,61,Music,47740.0,Yes,6.4,Placed,63.666666666666664,safe,Average
Deborah Garcia,90.3,68,83,95,Sports,76726.0,Yes,7.9,Placed,82.0,safe,Good
Paul Garcia,91.1,73,84,86,Debate,65422.0,Yes,6.6,Placed,81.0,safe,Good
David Hernandez,95.1,49,63,61,Music,78726.0,No,3.4,Placed,57.666666666666664,Need Improvement,Average
Steven Moore,69.5,54,67,72,Sports,115049.0,Yes,4.1,Placed,64.33333333333333,safe,Average
Kevin Martin,86.0,62,81,73,NCC,117595.0,No,5.6,Placed,72.0,safe,Good
Ashley Garcia,84.7,60,67,59,Volunteer,95654.0,Yes,3.5,Placed,62.0,safe,Average
Nicholas Moore,82.3,76,85,80,Volunteer,89921.0,Yes,6.8,Placed,80.33333333333333,safe,Good
George Torres,80.6,79,80,86,Sports,92856.0,Yes,6.4,Placed,81.66666666666667,safe,Good
Thomas Miller,80.0,60,57,52,Debate,20806.0,Yes,4.1,Not Placed,56.333333333333336,Need Improvement,Average
Sandra Garcia,63.4,63,60,66,Sports,66293.0,Yes,5.5,Placed,63.0,safe,Average
Mark Anderson,69.2,87,86,100,Volunteer,59180.0,No,10.0,Placed,91.0,safe,Excellent
Andrew Taylor,74.4,51,58,76,Debate,50559.0,Yes,7.0,Not Placed,61.666666666666664,safe,Average
Charles Jackson,98.0,71,100,100,Music,64702.0,Yes,6.9,Placed,90.33333333333333,safe,Excellent
Robert Garcia,94.9,55,72,60,Sports,67189.0,No,5.4,Placed,62.333333333333336,safe,Average
John Scott,79.0,50,63,83,NCC,32523.0,No,6.6,Placed,65.33333333333333,safe,Average
Nancy Lee,88.3,56,72,83,Sports,64621.0,Yes,5.5,Placed,70.33333333333333,safe,Good
Nicholas Lee,100.0,13,45,44,Sports,67305.0,Yes,1.0,Not Placed,34.0,At risk,Poor
Emma Brown,97.4,65,84,75,Volunteer,106330.0,Yes,6.4,Placed,74.66666666666667,safe,Good
George Flores,94.0,53,49,34,Volunteer,49888.0,Yes,3.6,Not Placed,45.333333333333336,Need Improvement,Poor
David Torres,81.3,62,85,79,Sports,45720.0,Yes,4.2,Placed,75.33333333333333,safe,Good
George Rodriguez,87.8,42,57,27,Debate,41443.0,Yes,1.0,Not Placed,42.0,Need Improvement,Poor
Stephanie Lee,65.2,66,80,100,Sports,46028.0,No,7.3,Placed,82.0,safe,Good
Sarah White,92.9,52,66,56,Sports,43730.0,Yes,2.4,Placed,58.0,Need Improvement,Average
Jason Torres,79.6,78,95,100,Debate,72709.0,Yes,8.3,Placed,91.0,safe,Excellent
Paul Johnson,78.1,55,51,52,Debate,58121.0,Yes,5.1,Not Placed,52.666666666666664,Need Improvement,Average
Charles Lewis,85.1,50,54,64,Sports,107577.0,Yes,4.7,Not Placed,56.0,Need Improvement,Average
George Ramirez,95.9,84,94,89,NCC,78609.0,Yes,5.3,Placed,89.0,safe,Excellent
Joshua Jones,74.9,51,53,82,Volunteer,9373.0,No,6.5,Not Placed,62.0,safe,Average
Kimberly Wilson,96.9,85,91,75,Sports,78728.0,Yes,4.0,Placed,83.66666666666667,safe,Good
Thomas Harris,74.9,89,79,100,Sports,93540.0,Yes,9.1,Placed,89.33333333333333,safe,Excellent
Edward Johnson,65.4,41,59,90,NCC,28304.0,Yes,7.1,Not Placed,63.333333333333336,safe,Average
Thomas Perez,66.1,46,49,50,Music,24017.0,Yes,4.5,Not Placed,48.333333333333336,Need Improvement,Poor
Mark King,93.4,100,100,100,NCC,64627.0,Yes,9.2,Placed,100.0,safe,Excellent
John Sanchez,82.1,85,86,100,Debate,115932.0,No,7.8,Placed,90.33333333333333,safe,Excellent
Kenneth Ramirez,81.3,58,74,66,Sports,90923.0,No,5.9,Placed,66.0,safe,Average
Karen Jones,71.5,37,39,31,NCC,77920.0,Yes,3.1,Not Placed,35.666666666666664,At risk,Poor
Stephanie Thompson,66.2,56,52,60,Debate,57837.0,No,4.8,Not Placed,56.0,Need Improvement,Average
Kevin Lopez,79.2,78,90,95,Music,48715.0,Yes,7.8,Placed,87.66666666666667,safe,Excellent
Cynthia Torres,75.3,60,81,83,Debate,41665.0,No,7.5,Placed,74.66666666666667,safe,Good
Joseph Jackson,58.1,24,36,24,Volunteer,72499.0,No,1.0,Not Placed,28.0,At risk,Poor
George Davis,84.3,65,69,82,Sports,55632.0,Yes,7.4,Placed,72.0,safe,Good
Joseph Smith,76.3,58,63,58,Sports,48520.0,Yes,4.9,Placed,59.666666666666664,Need Improvement,Average
Joshua Perez,72.7,59,63,62,Volunteer,82272.0,Yes,4.2,Placed,61.333333333333336,safe,Average
Deborah Flores,78.8,38,54,74,Sports,64626.0,Yes,4.9,Not Placed,55.333333333333336,Need Improvement,Average
William Miller,57.4,60,62,62,Sports,61974.0,Yes,5.5,Placed,61.333333333333336,safe,Average
Ryan Garcia,80.9,83,74,72,Volunteer,86815.0,Yes,6.9,Placed,76.33333333333333,safe,Good
John Torres,86.5,70,80,100,Sports,108182.0,Yes,8.6,Placed,83.33333333333333,safe,Good
Robert Thompson,72.0,85,80,100,Music,92473.0,No,8.8,Placed,88.33333333333333,safe,Excellent
Steven Sanchez,100.0,79,90,100,Debate,69319.0,Yes,6.6,Placed,89.66666666666667,safe,Excellent
Gary Clark,61.9,45,46,33,Volunteer,93970.0,Yes,2.8,Not Placed,41.333333333333336,Need Improvement,Poor
Amy Wilson,64.5,45,0,51,Sports,64702.0,Yes,4.2,Not Placed,32.0,At risk,Poor
Lisa Flores,65.3,58,67,82,Music,43147.0,Yes,6.5,Placed,69.0,safe,Average
Betty Sanchez,100.0,58,57,32,Sports,58580.0,Yes,2.7,Not Placed,49.0,Need Improvement,Poor
Laura Perez,73.4,29,47,64,Sports,85710.0,Yes,2.9,Not Placed,46.666666666666664,Need Improvement,Poor
Emily Martinez,93.9,76,86,89,Sports,8000.0,Yes,7.1,Placed,83.66666666666667,safe,Good
Steven Torres,61.2,72,83,100,Sports,9611.0,Yes,7.3,Placed,85.0,safe,Excellent
Linda Ramirez,80.0,49,65,49,Music,39129.0,No,4.0,Placed,54.333333333333336,Need Improvement,Average
Sandra Walker,79.3,75,75,100,Debate,38493.0,No,8.9,Placed,83.33333333333333,safe,Good
Jessica Wilson,72.3,25,31,26,Music,88834.0,Yes,1.6,Not Placed,27.333333333333332,At risk,Poor
Susan Brown,74.8,68,56,71,Volunteer,71924.0,Yes,6.6,Not Placed,65.0,safe,Average
Mark Johnson,71.6,65,76,95,Debate,73713.0,Yes,5.7,Placed,78.66666666666667,safe,Good
Amy Perez,83.0,82,70,99,Sports,35746.0,Yes,8.0,Placed,83.66666666666667,safe,Good
Joseph Lopez,82.9,79,68,100,Volunteer,68528.0,Yes,9.8,Placed,82.33333333333333,safe,Good
Melissa Gonzalez,64.4,45,65,73,Debate,33338.0,Yes,4.5,Placed,61.0,safe,Average
Sandra Scott,76.9,51,56,63,Sports,71756.0,No,4.8,Not Placed,56.666666666666664,Need Improvement,Average
Sandra Martin,96.3,68,76,67,Debate,37641.0,Yes,5.2,Placed,70.33333333333333,safe,Good
Brian Martinez,87.6,48,61,54,Music,76092.0,No,2.3,Placed,54.333333333333336,Need Improvement,Average
Jacob Nguyen,71.0,53,43,63,NCC,108670.0,Yes,6.1,Not Placed,53.0,Need Improvement,Average
Laura Wilson,82.1,64,69,90,Music,8000.0,No,7.4,Placed,74.33333333333333,safe,Good
Patricia Harris,91.2,75,73,81,Debate,48158.0,No,7.5,Placed,76.33333333333333,safe,Good
John Allen,54.1,29,54,56,NCC,93263.0,No,2.8,Not Placed,46.333333333333336,Need Improvement,Poor
Matthew Clark,67.3,84,80,72,Music,36349.0,Yes,6.6,Placed,78.66666666666667,safe,Good
Betty Jackson,69.2,61,64,94,NCC,39970.0,No,7.4,Placed,73.0,safe,Good
Susan Johnson,66.3,46,57,74,Music,51730.0,No,5.3,Not Placed,59.0,Need Improvement,Average
Brian Anderson,93.8,59,61,43,Music,131462.0,Yes,3.1,Placed,54.333333333333336,Need Improvement,Average
Ashley Jackson,86.8,62,67,51,Debate,16165.0,Yes,5.0,Placed,60.0,safe,Average
Donald Wright,96.1,68,66,91,NCC,53147.0,Yes,6.1,Placed,75.0,safe,Good
Nicholas Lopez,57.3,41,52,47,Music,33807.0,Yes,3.1,Not Placed,46.666666666666664,Need Improvement,Poor
Betty Lewis,84.1,63,84,90,Volunteer,62793.0,No,7.1,Placed,79.0,safe,Good
Laura Wilson,78.0,60,76,68,Sports,62650.0,Yes,4.4,Placed,68.0,safe,Average
Jason White,80.0,57,57,51,Sports,25493.0,Yes,4.2,Not Placed,55.0,Need Improvement,Average
Jennifer Harris,75.8,72,60,75,Sports,32809.0,No,4.8,Placed,69.0,safe,Average
Jacob Jones,76.9,69,74,85,Sports,24113.0,No,6.8,Placed,76.0,safe,Good
Jessica Williams,80.0,47,70,23,Volunteer,44044.0,Yes,1.8,Not Placed,46.666666666666664,Need Improvement,Poor
Steven Smith,93.7,62,77,89,Sports,95031.0,No,6.7,Placed,76.0,safe,Good
Stephanie Perez,57.3,48,59,64,Sports,69044.0,Yes,3.8,Not Placed,57.0,Need Improvement,Average
Kenneth Jones,76.7,50,58,93,NCC,61787.0,No,6.6,Not Placed,67.0,safe,Average
Mary Lewis,87.9,82,92,100,NCC,62298.0,Yes,7.5,Placed,91.33333333333333,safe,Excellent
Gary Ramirez,85.5,74,71,100,NCC,43372.0,No,9.3,Placed,81.66666666666667,safe,Good
Angela Thompson,87.0,41,51,74,Sports,64702.0,No,3.9,Not Placed,55.333333333333336,Need Improvement,Average
Carol Sanchez,81.0,64,60,46,Volunteer,44505.0,Yes,3.6,Placed,56.666666666666664,Need Improvement,Average
Linda Anderson,93.6,78,76,72,Volunteer,61041.0,No,7.0,Placed,75.33333333333333,safe,Good
Kimberly Garcia,89.1,64,73,75,Music,77371.0,No,5.0,Placed,70.66666666666667,safe,Good
Angela Sanchez,79.8,27,21,30,Sports,54314.0,Yes,1.7,Not Placed,26.0,At risk,Poor
Anthony Hill,65.1,20,32,48,Sports,57828.0,No,2.2,Not Placed,33.333333333333336,At risk,Poor
Ryan Wright,80.0,58,56,63,Debate,62103.0,Yes,6.0,Not Placed,59.0,Need Improvement,Average
John Perez,80.4,76,71,92,Sports,43941.0,Yes,9.2,Placed,79.66666666666667,safe,Good
Donald Robinson,76.7,66,48,59,Volunteer,84792.0,Yes,4.2,Not Placed,57.666666666666664,Need Improvement,Average
Linda Flores,87.6,40,55,58,Sports,52545.0,No,3.1,Not Placed,51.0,Need Improvement,Average
Matthew Torres,79.4,90,80,78,Volunteer,79073.0,Yes,7.0,Placed,82.66666666666667,safe,Good
Donna Smith,92.0,52,64,67,Sports,49714.0,Yes,4.2,Placed,61.0,safe,Average
Elizabeth Walker,80.0,80,69,98,NCC,60861.0,No,6.7,Placed,82.33333333333333,safe,Good
Laura Scott,69.4,65,60,56,Sports,56641.0,Yes,6.8,Placed,60.333333333333336,safe,Average
Thomas Hill,98.7,65,88,88,Debate,32708.0,Yes,6.3,Placed,80.33333333333333,safe,Good
Angela Harris,76.0,61,51,96,Sports,11033.0,Yes,5.9,Not Placed,69.33333333333333,safe,Average
Susan Perez,61.5,71,81,100,Sports,75010.0,Yes,10.0,Placed,84.0,safe,Good
Angela White,85.2,69,66,77,Debate,44539.0,Yes,7.0,Placed,70.66666666666667,safe,Good
Kenneth Nguyen,93.3,62,88,93,Music,64702.0,Yes,6.7,Placed,81.0,safe,Good
Deborah Hill,71.3,51,51,66,Music,39130.0,No,3.7,Not Placed,56.0,Need Improvement,Average
Emma Smith,71.4,35,43,59,Music,67419.0,No,3.3,Not Placed,45.666666666666664,Need Improvement,Poor
Melissa Harris,74.3,69,81,72,Sports,37892.0,Yes,5.1,Placed,74.0,safe,Good
Edward Nguyen,62.6,38,45,70,Sports,88565.0,Yes,5.1,Not Placed,51.0,Need Improvement,Average
Brian Wilson,72.4,35,57,59,Sports,31745.0,Yes,3.7,Not Placed,50.333333333333336,Need Improvement,Average
Mary Scott,60.7,59,75,62,Sports,27318.0,Yes,5.1,Placed,65.33333333333333,safe,Average
Stephanie White,59.4,71,66,84,Sports,56665.0,Yes,7.5,Placed,73.66666666666667,safe,Good
Emily Wright,90.2,61,67,78,Music,84022.0,No,4.3,Placed,68.66666666666667,safe,Average
Elizabeth Moore,91.9,82,75,75,Sports,60518.0,Yes,5.6,Placed,77.33333333333333,safe,Good
Sharon Harris,87.7,80,94,83,Sports,105285.0,Yes,6.2,Placed,85.66666666666667,safe,Excellent
Nicholas Jackson,62.2,74,68,77,Sports,21821.0,Yes,6.1,Placed,73.0,safe,Good
Sandra Rodriguez,80.0,55,64,90,Music,67565.0,No,6.4,Placed,69.66666666666667,safe,Average
Edward Johnson,82.8,32,58,37,Debate,74456.0,No,3.4,Not Placed,42.333333333333336,Need Improvement,Poor
Brian Gonzalez,78.0,57,67,85,Volunteer,89795.0,Yes,5.0,Placed,69.66666666666667,safe,Average
Kenneth Nguyen,84.7,77,86,90,NCC,80448.0,Yes,5.6,Placed,84.33333333333333,safe,Good
Gary White,86.3,54,60,82,Sports,52860.0,Yes,4.3,Placed,65.33333333333333,safe,Average
Amanda Smith,65.4,63,53,52,NCC,106601.0,Yes,4.6,Not Placed,56.0,Need Improvement,Average
Nicholas Wright,80.6,50,60,48,Sports,64029.0,No,3.1,Placed,52.666666666666664,Need Improvement,Average
Kevin Allen,70.6,71,68,82,NCC,109250.0,Yes,5.9,Placed,73.66666666666667,safe,Good
Anthony Smith,52.3,56,54,70,Volunteer,41472.0,Yes,4.5,Not Placed,60.0,safe,Average
Jason Lee,78.5,45,70,76,Debate,92694.0,Yes,5.4,Placed,63.666666666666664,safe,Average
Kimberly Taylor,73.2,85,76,79,Sports,41742.0,Yes,7.8,Placed,80.0,safe,Good
Kenneth Walker,74.7,81,83,87,Sports,102222.0,Yes,6.7,Placed,83.66666666666667,safe,Good
Emma Lee,84.5,73,74,72,NCC,65951.0,Yes,5.4,Placed,73.0,safe,Good
Brian Brown,86.7,46,41,59,Volunteer,64117.0,No,4.7,Not Placed,48.666666666666664,Need Improvement,Poor
Anthony White,93.9,86,98,100,Debate,87805.0,Yes,10.0,Placed,94.66666666666667,safe,Excellent
Andrew Torres,97.9,70,79,69,Sports,119527.0,Yes,4.5,Placed,72.66666666666667,safe,Good
Kimberly Allen,63.7,34,50,57,Music,80000.0,Yes,2.4,Not Placed,47.0,Need Improvement,Poor
Karen Smith,88.3,52,55,72,Music,60575.0,Yes,5.1,Not Placed,59.666666666666664,Need Improvement,Average
Donna Clark,84.1,59,76,85,Volunteer,100341.0,Yes,4.5,Placed,73.33333333333333,safe,Good
Deborah Taylor,57.7,27,42,45,Sports,37311.0,Yes,2.8,Not Placed,38.0,At risk,Poor
Kimberly Brown,77.3,65,65,71,Debate,74341.0,No,5.8,Placed,67.0,safe,Average
Richard Robinson,86.2,71,75,100,Sports,36905.0,No,7.1,Placed,82.0,safe,Good
Matthew Lewis,80.0,69,66,79,Sports,114254.0,Yes,5.5,Placed,71.33333333333333,safe,Good
Jessica Anderson,79.9,100,100,100,Sports,63977.0,Yes,10.0,Placed,100.0,safe,Excellent
Jacob Davis,92.4,69,73,67,NCC,25487.0,Yes,5.1,Placed,69.66666666666667,safe,Average
Emily Brown,100.0,63,70,89,NCC,57137.0,Yes,6.5,Placed,74.0,safe,Good
Betty Miller,81.0,58,65,65,Debate,111353.0,Yes,5.1,Placed,62.666666666666664,safe,Average
Lisa Lee,86.0,58,62,44,Sports,84970.0,Yes,4.2,Placed,54.666666666666664,Need Improvement,Average
Amy Smith,69.5,64,71,96,Sports,110958.0,Yes,7.5,Placed,77.0,safe,Good
Joseph Allen,80.0,84,86,100,Music,83774.0,Yes,9.6,Placed,90.0,safe,Excellent
Daniel White,85.0,55,73,75,NCC,19346.0,No,5.8,Placed,67.66666666666667,safe,Average
David Sanchez,86.1,63,82,80,NCC,100532.0,Yes,5.6,Placed,75.0,safe,Good
Charles Martinez,86.5,57,0,95,NCC,49101.0,Yes,7.6,Placed,50.666666666666664,Need Improvement,Average
Kevin Gonzalez,69.7,34,56,53,Sports,50349.0,Yes,2.8,Not Placed,47.666666666666664,Need Improvement,Poor
Jason Harris,100.0,76,79,86,Volunteer,73066.0,Yes,7.5,Placed,80.33333333333333,safe,Good
George Hill,98.5,69,82,86,Volunteer,59558.0,Yes,5.8,Placed,79.0,safe,Good
Andrew Gonzalez,84.5,69,57,73,Volunteer,96058.0,Yes,3.7,Not Placed,66.33333333333333,safe,Average
Joshua Wright,63.2,62,80,100,Music,66334.0,Yes,7.2,Placed,80.66666666666667,safe,Good
Daniel Flores,80.9,58,71,91,NCC,67241.0,Yes,5.8,Placed,73.33333333333333,safe,Good
Mark Thomas,80.0,83,69,81,NCC,35253.0,No,6.5,Placed,77.66666666666667,safe,Good
Edward Wilson,87.8,80,81,91,Sports,124645.0,Yes,5.6,Placed,84.0,safe,Good
Cynthia Thomas,75.8,62,66,75,Music,8000.0,No,6.2,Placed,67.66666666666667,safe,Average
Jason Torres,61.8,54,52,63,Debate,110216.0,Yes,5.0,Not Placed,56.333333333333336,Need Improvement,Average
Steven Flores,67.0,48,49,68,Sports,80291.0,Yes,5.4,Not Placed,55.0,Need Improvement,Average
Laura Brown,90.1,48,63,48,Debate,46532.0,Yes,2.2,Placed,53.0,Need Improvement,Average
Cynthia Torres,73.4,71,70,100,Volunteer,74732.0,Yes,8.3,Placed,80.33333333333333,safe,Good
Angela Scott,79.8,51,56,71,Music,57174.0,No,4.7,Not Placed,59.333333333333336,Need Improvement,Average
Ronald Clark,81.7,39,27,37,NCC,59973.0,No,3.0,Not Placed,34.333333333333336,At risk,Poor
Jessica Wright,96.2,57,69,73,Volunteer,37690.0,Yes,5.4,Placed,66.33333333333333,safe,Average
Carol Lee,66.9,46,67,54,NCC,80407.0,No,3.8,Placed,55.666666666666664,Need Improvement,Average
Jennifer Wright,80.0,51,44,44,Sports,58208.0,Yes,2.3,Not Placed,46.333333333333336,Need Improvement,Poor
Joseph Walker,95.4,70,82,75,Volunteer,91492.0,Yes,5.5,Placed,75.66666666666667,safe,Good
Deborah Lopez,92.7,81,72,44,Music,81851.0,Yes,4.1,Placed,65.66666666666667,safe,Average
James Ramirez,70.4,50,57,56,Sports,72681.0,No,5.0,Not Placed,54.333333333333336,Need Improvement,Average
Carol Jones,92.1,49,60,45,Sports,39700.0,Yes,2.9,Placed,51.333333333333336,Need Improvement,Average
Lisa Thomas,100.0,74,100,100,Music,78005.0,Yes,7.5,Placed,91.33333333333333,safe,Excellent
Joseph Flores,61.4,58,60,66,NCC,67782.0,Yes,3.2,Placed,61.333333333333336,safe,Average
James Harris,83.5,74,77,65,NCC,91275.0,No,6.4,Placed,72.0,safe,Good
Charles Sanchez,79.2,64,62,90,Music,49127.0,Yes,6.2,Placed,72.0,safe,Good
Emma Young,69.0,54,70,63,Sports,64702.0,Yes,4.3,Placed,62.333333333333336,safe,Average
James Allen,83.5,59,53,58,NCC,75849.0,Yes,5.7,Not Placed,56.666666666666664,Need Improvement,Average
Stephanie Torres,66.8,78,68,71,Music,10635.0,Yes,5.4,Placed,72.33333333333333,safe,Good
Matthew Smith,75.3,52,74,74,NCC,14630.0,No,4.2,Placed,66.66666666666667,safe,Average
Nancy Taylor,80.4,39,34,14,Sports,37626.0,No,1.0,Not Placed,29.0,At risk,Poor
Carol Garcia,73.5,66,69,80,NCC,120621.0,Yes,5.6,Placed,71.66666666666667,safe,Good
John Young,74.6,45,65,80,NCC,63875.0,No,5.1,Placed,63.333333333333336,safe,Average
Joseph Moore,89.8,65,0,94,Music,47206.0,No,7.7,Placed,53.0,Need Improvement,Average
Betty Wilson,87.3,55,64,66,Volunteer,33492.0,Yes,5.5,Placed,61.666666666666664,safe,Average
Emma Thompson,69.7,69,90,100,Sports,54009.0,Yes,7.4,Placed,86.33333333333333,safe,Excellent
Andrew Harris,85.8,56,63,78,Volunteer,40066.0,Yes,5.1,Placed,65.66666666666667,safe,Average
Joseph Young,69.8,69,73,75,Sports,60519.0,Yes,6.2,Placed,72.33333333333333,safe,Good
Richard Robinson,85.8,44,78,74,Debate,64830.0,No,6.1,Placed,65.33333333333333,safe,Average
Angela Clark,72.5,40,63,60,Sports,48763.0,No,3.2,Placed,54.333333333333336,Need Improvement,Average
Paul Hill,66.5,50,72,91,Sports,75725.0,No,6.7,Placed,71.0,safe,Good
Edward Gonzalez,72.0,75,72,100,Sports,49051.0,Yes,8.4,Placed,82.33333333333333,safe,Good
Kenneth Jackson,100.0,76,90,71,Debate,83231.0,No,5.3,Placed,79.0,safe,Good
Stephanie Wilson,81.6,44,66,70,Sports,61481.0,No,5.1,Placed,60.0,safe,Average
Angela Harris,72.5,58,80,85,Volunteer,29758.0,Yes,5.7,Placed,74.33333333333333,safe,Good
Nicholas Hernandez,68.6,61,54,53,Music,66876.0,No,3.8,Not Placed,56.0,Need Improvement,Average
Rebecca Gonzalez,80.0,57,66,94,Sports,54291.0,No,8.6,Placed,72.33333333333333,safe,Good
Donald Rodriguez,81.2,81,74,100,Music,18924.0,Yes,7.0,Placed,85.0,safe,Excellent
Kenneth King,88.8,31,43,55,Sports,44911.0,Yes,1.6,Not Placed,43.0,Need Improvement,Poor
Brian Miller,68.2,73,90,87,Sports,81989.0,No,6.5,Placed,83.33333333333333,safe,Good
Ryan Davis,59.2,33,33,40,Sports,83229.0,No,1.5,Not Placed,35.333333333333336,At risk,Poor
Amy Hernandez,71.6,42,64,62,Music,78348.0,No,4.6,Placed,56.0,Need Improvement,Average
Ryan Hernandez,77.5,51,54,71,Volunteer,56103.0,No,4.2,Not Placed,58.666666666666664,Need Improvement,Average
Angela Wilson,100.0,37,32,33,Music,64702.0,Yes,1.0,Not Placed,34.0,At risk,Poor
Richard Thompson,78.3,55,70,85,Debate,73019.0,No,7.6,Placed,70.0,safe,Good
Charles Sanchez,73.5,65,79,98,Debate,36191.0,Yes,7.2,Placed,80.66666666666667,safe,Good
John Nguyen,78.0,65,48,67,Music,57287.0,No,5.4,Not Placed,60.0,safe,Average
Daniel Robinson,80.6,88,93,100,Sports,41977.0,Yes,9.0,Placed,93.66666666666667,safe,Excellent
Jennifer Gonzalez,89.7,52,90,90,Debate,40551.0,Yes,5.5,Placed,77.33333333333333,safe,Good
Jason Thomas,70.3,36,64,71,Sports,12059.0,Yes,4.3,Placed,57.0,Need Improvement,Average
Carol Martin,80.0,80,92,73,Sports,59912.0,Yes,6.1,Placed,81.66666666666667,safe,Good
Sharon Ramirez,83.5,46,48,55,Sports,8000.0,Yes,5.8,Not Placed,49.666666666666664,Need Improvement,Poor
Jason Nguyen,77.9,58,73,75,Volunteer,90968.0,No,5.7,Placed,68.66666666666667,safe,Average
Brian Wright,80.0,38,54,69,Music,88670.0,No,3.6,Not Placed,53.666666666666664,Need Improvement,Average
Ronald Walker,71.6,66,53,64,Sports,97182.0,Yes,5.9,Not Placed,61.0,safe,Average
Brian Taylor,59.0,61,77,88,Volunteer,79621.0,No,7.3,Placed,75.33333333333333,safe,Good
Linda Miller,60.2,69,83,94,Sports,8331.0,Yes,8.2,Placed,82.0,safe,Good
Steven Allen,72.8,40,47,42,Music,74524.0,No,2.5,Not Placed,43.0,Need Improvement,Poor
David Wright,86.1,71,68,74,Sports,46334.0,Yes,6.7,Placed,71.0,safe,Good
Sarah Allen,68.5,79,75,100,Volunteer,61469.0,Yes,9.3,Placed,84.66666666666667,safe,Good
Mark Jones,83.7,61,70,61,Debate,64402.0,Yes,3.6,Placed,64.0,safe,Average
Angela Gonzalez,62.7,48,57,50,NCC,96599.0,Yes,3.9,Not Placed,51.666666666666664,Need Improvement,Average
Linda Johnson,86.8,62,90,65,Sports,67838.0,Yes,3.9,Placed,72.33333333333333,safe,Good
Melissa Gonzalez,78.3,54,74,53,Volunteer,125050.0,Yes,3.1,Placed,60.333333333333336,safe,Average
Thomas Torres,84.0,71,61,68,Sports,42858.0,No,6.3,Placed,66.66666666666667,safe,Average
Kimberly Ramirez,72.9,60,66,77,Sports,71057.0,Yes,5.7,Placed,67.66666666666667,safe,Average
Melissa Hernandez,74.0,57,69,77,Sports,45227.0,Yes,5.1,Placed,67.66666666666667,safe,Average
Karen Hernandez,77.8,49,50,57,Volunteer,61505.0,Yes,3.6,Not Placed,52.0,Need Improvement,Average
Emily Williams,73.7,51,54,52,Music,31927.0,Yes,2.7,Not Placed,52.333333333333336,Need Improvement,Average
Nicholas Martin,86.2,61,76,70,Debate,28828.0,Yes,5.0,Placed,69.0,safe,Average
David Nguyen,74.4,27,35,64,Sports,80405.0,No,3.8,Not Placed,42.0,Need Improvement,Poor
Nicholas Brown,61.7,88,80,87,Sports,76851.0,No,7.9,Placed,85.0,safe,Excellent
Rebecca Torres,78.8,52,65,92,Sports,73137.0,Yes,7.5,Placed,69.66666666666667,safe,Average
Deborah Ramirez,81.3,44,48,76,Sports,13252.0,Yes,5.0,Not Placed,56.0,Need Improvement,Average
Sharon Hill,85.5,58,60,77,Volunteer,95042.0,Yes,4.8,Placed,65.0,safe,Average
Betty Lopez,82.7,35,38,47,Sports,51850.0,No,2.8,Not Placed,40.0,Need Improvement,Poor
Charles Davis,83.4,63,69,86,Sports,30656.0,Yes,6.2,Placed,72.66666666666667,safe,Good
Jennifer Clark,79.3,53,56,54,Music,49151.0,Yes,4.6,Not Placed,54.333333333333336,Need Improvement,Average
Steven Ramirez,67.8,29,45,61,Debate,113847.0,Yes,2.4,Not Placed,45.0,Need Improvement,Poor
Jessica Ramirez,83.6,83,86,87,Volunteer,46285.0,Yes,6.9,Placed,85.33333333333333,safe,Excellent
Ronald Rodriguez,92.7,58,80,97,Music,44252.0,No,5.9,Placed,78.33333333333333,safe,Good
Emma Flores,84.2,69,65,78,Sports,52356.0,No,6.0,Placed,70.66666666666667,safe,Good
Cynthia Lewis,73.4,50,63,23,Volunteer,16310.0,Yes,2.2,Placed,45.333333333333336,Need Improvement,Poor
Joseph Torres,93.8,55,82,79,Sports,8000.0,No,5.3,Placed,72.0,safe,Good
David Jones,62.0,42,55,59,NCC,111358.0,No,3.5,Not Placed,52.0,Need Improvement,Average
Melissa Jackson,96.1,81,85,91,Sports,72577.0,No,9.6,Placed,85.66666666666667,safe,Excellent
Jacob Young,83.8,81,87,82,Sports,39011.0,Yes,6.5,Placed,83.33333333333333,safe,Good
Jennifer Young,75.6,50,66,70,Debate,41085.0,Yes,5.7,Placed,62.0,safe,Average
Sarah Anderson,88.7,66,75,74,Sports,75872.0,No,5.4,Placed,71.66666666666667,safe,Good
Donna Harris,80.6,48,81,83,Volunteer,64702.0,Yes,4.0,Placed,70.66666666666667,safe,Good
Sharon Torres,100.0,70,69,61,Sports,76206.0,Yes,4.9,Placed,66.66666666666667,safe,Average
Emma Robinson,74.0,74,60,100,Debate,66406.0,Yes,8.5,Placed,78.0,safe,Good
Daniel Rodriguez,88.7,65,77,61,Sports,85774.0,Yes,5.4,Placed,67.66666666666667,safe,Average
Laura Hill,78.2,65,77,92,Music,66033.0,No,5.3,Placed,78.0,safe,Good
William Anderson,77.9,60,64,54,NCC,8051.0,Yes,4.9,Placed,59.333333333333336,Need Improvement,Average
Steven Jones,92.1,69,74,80,Debate,47958.0,Yes,7.0,Placed,74.33333333333333,safe,Good
Thomas White,86.3,58,90,92,NCC,110772.0,No,7.2,Placed,80.0,safe,Good
Kenneth King,92.0,72,78,92,Sports,62018.0,No,7.1,Placed,80.66666666666667,safe,Good
Ashley Hill,88.3,51,67,88,NCC,78490.0,No,6.2,Placed,68.66666666666667,safe,Average
Lisa Thompson,80.0,48,55,71,Volunteer,68351.0,Yes,4.5,Not Placed,58.0,Need Improvement,Average
Andrew Martinez,97.9,51,60,74,Volunteer,107786.0,No,3.8,Placed,61.666666666666664,safe,Average
Steven Martinez,72.2,74,70,75,Music,51348.0,Yes,5.3,Placed,73.0,safe,Good
Laura Smith,76.1,44,90,91,Music,51249.0,Yes,5.0,Placed,75.0,safe,Good
Matthew Wilson,66.7,44,64,75,NCC,36938.0,No,3.8,Placed,61.0,safe,Average
Paul Gonzalez,80.0,93,97,92,Volunteer,90718.0,Yes,7.2,Placed,94.0,safe,Excellent
Cynthia Wright,89.9,46,65,71,Sports,119266.0,Yes,4.7,Placed,60.666666666666664,safe,Average
Donna Hernandez,76.3,50,69,78,Debate,71986.0,No,5.6,Placed,65.66666666666667,safe,Average
Sarah Nguyen,67.0,61,89,100,NCC,99779.0,Yes,6.7,Placed,83.33333333333333,safe,Good
Emma Flores,80.0,43,63,50,Debate,86860.0,Yes,3.2,Placed,52.0,Need Improvement,Average
Mark Moore,100.0,68,100,89,Sports,55482.0,Yes,6.3,Placed,85.66666666666667,safe,Excellent
Karen Torres,80.3,47,80,50,Music,67249.0,Yes,2.3,Not Placed,59.0,Need Improvement,Average
Lisa Thomas,86.7,61,68,65,NCC,42800.0,Yes,5.3,Placed,64.66666666666667,safe,Average
Kenneth Sanchez,74.6,73,90,86,Music,44464.0,No,7.1,Placed,83.0,safe,Good
Lisa Sanchez,63.5,30,28,49,Sports,40194.0,Yes,1.5,Not Placed,35.666666666666664,At risk,Poor
Mark Garcia,91.6,76,90,90,Volunteer,9791.0,Yes,6.4,Placed,85.33333333333333,safe,Excellent
Lisa Lopez,56.5,54,56,58,Volunteer,96313.0,Yes,3.8,Not Placed,56.0,Need Improvement,Average
Ryan Rodriguez,62.2,54,76,100,Volunteer,82101.0,Yes,8.2,Placed,76.66666666666667,safe,Good
Anthony Torres,100.0,75,93,74,Sports,102846.0,Yes,6.3,Placed,80.66666666666667,safe,Good
Gary Brown,90.6,50,57,72,Sports,46468.0,Yes,6.5,Not Placed,59.666666666666664,Need Improvement,Average
Robert Gonzalez,58.8,83,78,94,Sports,23409.0,Yes,7.3,Placed,85.0,safe,Excellent
Emma Lewis,76.5,60,63,55,Music,44425.0,No,3.7,Placed,59.333333333333336,Need Improvement,Average
Kenneth White,57.6,65,0,79,Debate,67362.0,Yes,5.7,Placed,48.0,Need Improvement,Poor
Lisa Hernandez,93.5,50,67,63,NCC,40117.0,Yes,4.1,Placed,60.0,safe,Average
John Young,98.2,78,85,100,Volunteer,57767.0,Yes,9.2,Placed,87.66666666666667,safe,Excellent
George Gonzalez,50.4,58,64,100,Debate,13874.0,No,8.6,Placed,74.0,safe,Good
Laura Brown,69.4,57,70,63,Debate,49457.0,Yes,4.9,Placed,63.333333333333336,safe,Average
Andrew Martin,80.9,58,58,68,Debate,33795.0,Yes,5.1,Not Placed,61.333333333333336,safe,Average
Stephanie Johnson,67.6,60,41,45,Debate,55693.0,Yes,2.1,Not Placed,48.666666666666664,Need Improvement,Poor
Donald Lopez,76.9,35,39,38,Debate,91484.0,Yes,2.3,Not Placed,37.333333333333336,At risk,Poor
Brian Sanchez,64.8,53,75,80,Sports,58247.0,Yes,5.8,Placed,69.33333333333333,safe,Average
Paul Johnson,64.8,45,60,61,Volunteer,69427.0,No,4.7,Placed,55.333333333333336,Need Improvement,Average
Donald Miller,90.0,30,25,36,Sports,74477.0,Yes,2.5,Not Placed,30.333333333333332,At risk,Poor
Brian King,88.5,62,61,55,Sports,103394.0,Yes,3.1,Placed,59.333333333333336,Need Improvement,Average
Robert Gonzalez,75.3,59,73,94,Music,8000.0,No,6.6,Placed,75.33333333333333,safe,Good
Amanda Anderson,84.0,76,97,90,NCC,47513.0,Yes,7.3,Placed,87.66666666666667,safe,Excellent
Brian Scott,66.3,53,62,66,Volunteer,93583.0,Yes,3.6,Placed,60.333333333333336,safe,Average
Linda Martin,100.0,64,77,76,Music,88055.0,Yes,6.3,Placed,72.33333333333333,safe,Good
Emily King,92.4,54,73,85,Sports,58547.0,Yes,5.6,Placed,70.66666666666667,safe,Good
Ryan Taylor,78.4,72,79,96,Volunteer,41393.0,Yes,7.7,Placed,82.33333333333333,safe,Good
David Lee,79.9,61,61,77,Sports,86191.0,Yes,5.1,Placed,66.33333333333333,safe,Average
Karen Perez,93.9,18,55,43,Volunteer,40406.0,No,2.3,Not Placed,38.666666666666664,At risk,Poor
William Brown,80.1,85,85,100,Debate,23855.0,Yes,7.8,Placed,90.0,safe,Excellent
George Rodriguez,75.1,73,72,78,Music,74801.0,Yes,6.6,Placed,74.33333333333333,safe,Good
Charles Martin,100.0,52,66,75,Debate,52483.0,Yes,4.8,Placed,64.33333333333333,safe,Average
Sarah Ramirez,97.9,94,92,100,Debate,64702.0,No,8.5,Placed,95.33333333333333,safe,Excellent
Melissa Lewis,78.4,45,90,68,Sports,17926.0,Yes,5.0,Placed,67.66666666666667,safe,Average
Jacob Harris,66.7,48,49,48,NCC,100136.0,Yes,4.3,Not Placed,48.333333333333336,Need Improvement,Poor
Emma Rodriguez,87.6,52,65,85,Sports,112049.0,No,7.8,Placed,67.33333333333333,safe,Average
Elizabeth Lopez,80.8,67,60,68,Sports,85560.0,Yes,4.7,Placed,65.0,safe,Average
Jennifer Johnson,94.8,20,47,31,Sports,156887.0,No,1.0,Not Placed,32.666666666666664,At risk,Poor
Sandra Lewis,94.2,48,44,71,Volunteer,79527.0,No,4.6,Not Placed,54.333333333333336,Need Improvement,Average
Steven Rodriguez,89.8,58,66,67,Sports,57463.0,No,3.6,Placed,63.666666666666664,safe,Average
Thomas Robinson,98.8,68,69,64,Sports,19815.0,Yes,5.7,Placed,67.0,safe,Average
Sharon Jackson,99.1,85,95,100,Sports,58082.0,Yes,8.2,Placed,93.33333333333333,safe,Excellent
Donald Thomas,71.1,21,42,71,Debate,54708.0,No,3.8,Not Placed,44.666666666666664,Need Improvement,Poor
Edward King,75.2,84,89,89,Debate,34301.0,No,6.9,Placed,87.33333333333333,safe,Excellent
Joseph Hernandez,79.0,56,62,50,Sports,57171.0,Yes,2.8,Placed,56.0,Need Improvement,Average
Jacob Scott,68.9,84,87,100,Debate,38788.0,Yes,7.8,Placed,90.33333333333333,safe,Excellent
Donna Moore,61.9,35,33,29,Debate,62132.0,Yes,2.1,Not Placed,32.333333333333336,At risk,Poor
Sandra Hernandez,81.6,55,76,74,Sports,50636.0,Yes,5.5,Placed,68.33333333333333,safe,Average
Melissa Wilson,83.3,90,85,84,Sports,59349.0,Yes,6.1,Placed,86.33333333333333,safe,Excellent
Laura Young,68.5,71,60,78,Debate,81134.0,Yes,5.0,Placed,69.66666666666667,safe,Average
George Lee,75.6,88,90,100,Volunteer,15164.0,No,9.8,Placed,92.66666666666667,safe,Excellent
Emily Rodriguez,96.4,61,68,65,Debate,92207.0,Yes,5.7,Placed,64.66666666666667,safe,Average
Andrew Hernandez,78.9,64,87,98,Sports,65256.0,Yes,6.8,Placed,83.0,safe,Good
Ashley King,80.6,61,59,59,Sports,59777.0,Yes,5.7,Not Placed,59.666666666666664,Need Improvement,Average
Charles Jackson,72.5,55,85,100,Music,59444.0,No,6.2,Placed,80.0,safe,Good
Rebecca Clark,97.2,96,100,100,Volunteer,65389.0,Yes,8.8,Placed,98.66666666666667,safe,Excellent
Gary Walker,68.6,43,60,67,Debate,61169.0,No,6.5,Placed,56.666666666666664,Need Improvement,Average
Susan Miller,98.7,54,68,100,Sports,60452.0,Yes,6.4,Placed,74.0,safe,Good
Jason Miller,71.4,62,81,95,Sports,24905.0,Yes,5.9,Placed,79.33333333333333,safe,Good
George Allen,76.4,66,80,71,Debate,133576.0,Yes,6.7,Placed,72.33333333333333,safe,Good
Thomas Miller,100.0,66,83,67,Music,110253.0,No,4.0,Placed,72.0,safe,Good
Rebecca Thompson,76.5,77,74,88,Sports,118464.0,Yes,5.9,Placed,79.66666666666667,safe,Good
Deborah Perez,100.0,63,82,56,Sports,40366.0,No,2.9,Placed,67.0,safe,Average
Kevin Miller,97.1,54,60,62,Volunteer,44665.0,No,4.3,Placed,58.666666666666664,Need Improvement,Average
Steven Wright,71.5,41,58,59,Sports,59872.0,Yes,4.0,Not Placed,52.666666666666664,Need Improvement,Average
Joshua Taylor,69.8,68,55,92,Debate,62341.0,Yes,9.0,Not Placed,71.66666666666667,safe,Good
Betty Flores,66.4,57,75,89,Debate,31938.0,No,8.0,Placed,73.66666666666667,safe,Good
Steven Williams,73.2,68,57,65,Volunteer,107575.0,No,5.2,Not Placed,63.333333333333336,safe,Average
John Jackson,89.8,71,76,59,Volunteer,79984.0,Yes,4.0,Placed,68.66666666666667,safe,Average
Robert Hill,84.4,59,58,52,Debate,46183.0,Yes,3.9,Not Placed,56.333333333333336,Need Improvement,Average
Ryan Young,62.2,69,77,87,Sports,69890.0,Yes,6.0,Placed,77.66666666666667,safe,Good
Jennifer Taylor,80.0,66,70,75,Sports,79334.0,Yes,6.2,Placed,70.33333333333333,safe,Good
Angela Robinson,98.3,64,62,55,Sports,24912.0,Yes,4.7,Placed,60.333333333333336,safe,Average
Deborah Gonzalez,78.2,47,65,74,NCC,86727.0,Yes,5.3,Placed,62.0,safe,Average
Linda Martin,80.0,29,57,57,Music,64702.0,No,3.5,Not Placed,47.666666666666664,Need Improvement,Poor
Robert Anderson,59.4,37,60,85,Sports,74288.0,No,6.0,Placed,60.666666666666664,safe,Average
Mark Lee,75.1,44,49,65,Debate,62788.0,Yes,4.6,Not Placed,52.666666666666664,Need Improvement,Average
Michael Hill,87.8,87,98,100,Music,95982.0,Yes,8.0,Placed,95.0,safe,Excellent
Ashley Garcia,72.3,50,80,52,Sports,71497.0,Yes,2.5,Not Placed,60.666666666666664,safe,Average
John Taylor,82.8,67,83,66,NCC,74731.0,Yes,4.7,Placed,72.0,safe,Good
Paul Gonzalez,78.0,73,93,100,Volunteer,62496.0,Yes,9.0,Placed,88.66666666666667,safe,Excellent
Betty Thompson,84.9,79,87,85,Debate,109419.0,Yes,7.9,Placed,83.66666666666667,safe,Good
Sarah Lopez,70.9,38,35,82,Volunteer,106426.0,Yes,4.9,Not Placed,51.666666666666664,Need Improvement,Average
Jennifer Martinez,91.9,56,0,41,Volunteer,63026.0,Yes,2.2,Placed,32.333333333333336,At risk,Poor
Betty Sanchez,85.5,73,80,84,NCC,101240.0,Yes,6.8,Placed,79.0,safe,Good
Gary White,65.5,43,59,65,NCC,56187.0,Yes,4.0,Not Placed,55.666666666666664,Need Improvement,Average
Sharon Rodriguez,92.5,51,69,66,Music,46273.0,Yes,4.3,Placed,62.0,safe,Average
Patricia Ramirez,76.8,57,60,67,NCC,101744.0,Yes,3.5,Placed,61.333333333333336,safe,Average
Robert King,68.4,28,27,39,Sports,58546.0,Yes,2.3,Not Placed,31.333333333333332,At risk,Poor
Melissa Robinson,76.8,64,71,90,Music,64702.0,Yes,7.1,Placed,75.0,safe,Good
Donald Garcia,77.0,62,76,100,Debate,36711.0,Yes,8.1,Placed,79.33333333333333,safe,Good
Jennifer Lopez,69.6,41,40,35,Sports,62728.0,Yes,1.8,Not Placed,38.666666666666664,At risk,Poor
Susan Scott,87.1,32,59,74,Music,79989.0,No,4.5,Not Placed,55.0,Need Improvement,Average
Richard Hill,100.0,78,66,69,Volunteer,18868.0,Yes,5.9,Placed,71.0,safe,Good
Kevin Wright,82.5,82,82,98,Sports,81237.0,Yes,8.4,Placed,87.33333333333333,safe,Excellent
Mark Smith,78.5,40,41,42,NCC,85344.0,No,3.7,Not Placed,41.0,Need Improvement,Poor
George Jones,68.1,63,61,100,Debate,101689.0,Yes,7.2,Placed,74.66666666666667,safe,Good
Betty Jones,89.7,51,49,50,Music,85226.0,Yes,4.1,Not Placed,50.0,Need Improvement,Average
Joshua Miller,82.0,55,54,84,Sports,47252.0,No,5.8,Not Placed,64.33333333333333,safe,Average
Betty Lewis,89.0,50,53,40,Sports,64702.0,Yes,3.4,Not Placed,47.666666666666664,Need Improvement,Poor
Sandra Hill,69.0,57,81,85,Sports,65470.0,Yes,5.9,Placed,74.33333333333333,safe,Good
Ryan Wright,74.6,93,96,98,Music,69408.0,Yes,8.8,Placed,95.66666666666667,safe,Excellent
John Hill,80.4,54,53,76,Sports,47336.0,Yes,5.7,Not Placed,61.0,safe,Average
Lisa Rodriguez,68.8,65,73,77,Volunteer,71511.0,Yes,7.3,Placed,71.66666666666667,safe,Good
Ashley Johnson,82.8,75,79,100,Music,69939.0,Yes,6.8,Placed,84.66666666666667,safe,Good
Linda Smith,82.4,71,70,51,Sports,93726.0,Yes,3.9,Placed,64.0,safe,Average
Nicholas Gonzalez,88.4,51,58,55,Sports,42900.0,Yes,2.9,Not Placed,54.666666666666664,Need Improvement,Average
Kimberly Jackson,80.0,69,77,96,Debate,27344.0,Yes,8.0,Placed,80.66666666666667,safe,Good
Daniel Wilson,80.4,77,81,100,Debate,116110.0,No,7.3,Placed,86.0,safe,Excellent
Kevin Smith,76.8,32,44,55,Volunteer,37564.0,Yes,2.1,Not Placed,43.666666666666664,Need Improvement,Poor
Sarah Garcia,77.1,58,84,93,Sports,70470.0,Yes,8.4,Placed,78.33333333333333,safe,Good
Jennifer Sanchez,56.2,56,58,59,Sports,101746.0,Yes,4.6,Not Placed,57.666666666666664,Need Improvement,Average
Michael King,95.1,69,84,71,Debate,56910.0,Yes,4.6,Placed,74.66666666666667,safe,Good
David Sanchez,73.5,61,78,90,Volunteer,77203.0,No,5.9,Placed,76.33333333333333,safe,Good
Jacob Martinez,70.3,28,48,57,Debate,109937.0,Yes,3.4,Not Placed,44.333333333333336,Need Improvement,Poor
Patricia Allen,63.9,59,63,71,Sports,80752.0,No,5.4,Placed,64.33333333333333,safe,Average
Emma Young,75.2,39,49,31,Music,109543.0,No,1.8,Not Placed,39.666666666666664,At risk,Poor
Jacob Gonzalez,88.5,82,100,96,Sports,122048.0,No,8.0,Placed,92.66666666666667,safe,Excellent
Ashley Nguyen,61.0,39,70,78,Debate,8000.0,No,5.7,Not Placed,62.333333333333336,safe,Average
Michelle Martinez,84.5,60,65,90,Sports,119315.0,No,7.0,Placed,71.66666666666667,safe,Good
Susan Anderson,70.2,36,50,38,Sports,68170.0,Yes,4.3,Not Placed,41.333333333333336,Need Improvement,Poor
Susan Anderson,84.4,39,28,22,Sports,38841.0,No,1.5,Not Placed,29.666666666666668,At risk,Poor
Rebecca Garcia,68.2,79,89,100,Sports,82864.0,No,7.6,Placed,89.33333333333333,safe,Excellent
Emily Johnson,86.8,50,60,80,Sports,65694.0,Yes,5.2,Placed,63.333333333333336,safe,Average
Amy Anderson,99.4,73,74,46,Sports,49211.0,Yes,5.3,Placed,64.33333333333333,safe,Average
Steven Gonzalez,68.8,68,55,33,Sports,50801.0,Yes,2.7,Not Placed,52.0,Need Improvement,Average
Melissa Allen,59.6,55,58,71,Sports,26296.0,Yes,6.7,Not Placed,61.333333333333336,safe,Average
Melissa Anderson,83.3,63,69,81,Sports,46020.0,Yes,4.4,Placed,71.0,safe,Good
Daniel Sanchez,100.0,64,82,68,Sports,95599.0,Yes,4.6,Placed,71.33333333333333,safe,Good
Charles Nguyen,83.6,82,86,95,Sports,47933.0,Yes,7.8,Placed,87.66666666666667,safe,Excellent
Angela Smith,65.4,71,69,80,Music,118366.0,Yes,5.5,Placed,73.33333333333333,safe,Good
Joshua Lewis,98.4,39,59,42,Debate,112644.0,Yes,1.2,Not Placed,46.666666666666664,Need Improvement,Poor
Joshua Rodriguez,87.6,55,67,96,Sports,27374.0,Yes,6.9,Placed,72.66666666666667,safe,Good
Joseph Rodriguez,77.7,49,58,83,Music,49468.0,No,4.9,Not Placed,63.333333333333336,safe,Average
Ashley Scott,72.5,54,65,79,Sports,122215.0,Yes,4.4,Placed,66.0,safe,Average
David Wright,95.2,77,82,100,Sports,54261.0,Yes,7.8,Placed,86.33333333333333,safe,Excellent
Anthony Miller,100.0,44,69,75,Sports,86996.0,Yes,5.5,Placed,62.666666666666664,safe,Average
Gary Gonzalez,86.0,51,49,66,Sports,101629.0,Yes,4.1,Not Placed,55.333333333333336,Need Improvement,Average
Deborah Allen,72.2,34,57,73,Volunteer,43786.0,No,4.3,Not Placed,54.666666666666664,Need Improvement,Average
Jennifer Harris,70.6,59,76,59,Music,64937.0,Yes,5.3,Placed,64.66666666666667,safe,Average
Ronald Perez,84.4,51,50,71,Sports,59500.0,Yes,4.6,Not Placed,57.333333333333336,Need Improvement,Average
Joshua Lee,65.8,53,60,71,Sports,89947.0,Yes,4.3,Placed,61.333333333333336,safe,Average
Carol Torres,81.1,53,60,66,Sports,14862.0,Yes,3.5,Placed,59.666666666666664,Need Improvement,Average
Sandra Lopez,100.0,97,97,100,Sports,58085.0,Yes,9.0,Placed,98.0,safe,Excellent
Michael Gonzalez,81.0,25,80,30,NCC,62018.0,No,2.1,Not Placed,45.0,Need Improvement,Poor
Elizabeth Lopez,76.8,98,92,100,Music,8000.0,No,10.0,Placed,96.66666666666667,safe,Excellent
Steven Walker,65.3,60,79,94,Music,77085.0,Yes,7.8,Placed,77.66666666666667,safe,Good
Elizabeth Thomas,61.9,70,60,97,Volunteer,57863.0,Yes,8.6,Placed,75.66666666666667,safe,Good
Amy Moore,75.1,68,86,84,Debate,46182.0,Yes,5.8,Placed,79.33333333333333,safe,Good
Matthew Sanchez,71.4,38,48,74,Sports,62766.0,No,6.1,Not Placed,53.333333333333336,Need Improvement,Average
Robert Williams,79.1,76,86,100,Music,78611.0,Yes,8.9,Placed,87.33333333333333,safe,Excellent
Kevin Jones,62.6,45,51,75,Sports,30283.0,No,4.1,Not Placed,57.0,Need Improvement,Average
Thomas Brown,76.2,71,86,100,Volunteer,102378.0,No,9.1,Placed,85.66666666666667,safe,Excellent
Nancy Torres,79.4,52,64,62,Debate,100071.0,No,3.0,Placed,59.333333333333336,Need Improvement,Average
Stephanie Lewis,85.8,35,48,46,Sports,89139.0,No,3.8,Not Placed,43.0,Need Improvement,Poor
Kevin Jones,78.0,51,54,54,NCC,52648.0,No,5.2,Not Placed,53.0,Need Improvement,Average
Ryan Jackson,80.1,46,64,51,Sports,108670.0,No,2.6,Placed,53.666666666666664,Need Improvement,Average
Ashley Davis,73.2,52,58,71,Sports,61915.0,Yes,3.9,Not Placed,60.333333333333336,safe,Average
Gary Lewis,77.9,46,70,64,Debate,82901.0,No,3.4,Placed,60.0,safe,Average
Donald Davis,56.1,47,63,89,Volunteer,83537.0,No,4.9,Placed,66.33333333333333,safe,Average
Laura Nguyen,90.8,74,79,85,Sports,75140.0,Yes,7.6,Placed,79.33333333333333,safe,Good
Donald Thompson,90.9,62,65,88,Volunteer,47555.0,No,5.7,Placed,71.66666666666667,safe,Good
Melissa Sanchez,63.8,51,50,62,Sports,100634.0,Yes,4.3,Not Placed,54.333333333333336,Need Improvement,Average
Amanda Nguyen,65.1,63,0,92,Volunteer,64702.0,Yes,6.0,Placed,51.666666666666664,Need Improvement,Average
Susan Rodriguez,91.0,63,61,40,NCC,73345.0,Yes,3.7,Placed,54.666666666666664,Need Improvement,Average
Ryan White,79.7,81,75,74,Debate,51776.0,Yes,5.0,Placed,76.66666666666667,safe,Good
Elizabeth Jackson,99.5,88,100,98,Sports,87040.0,Yes,8.5,Placed,95.33333333333333,safe,Excellent
Paul Hill,77.4,52,66,80,Sports,119869.0,No,5.7,Placed,66.0,safe,Average
Sharon Clark,69.9,63,75,100,Sports,61317.0,No,9.0,Placed,79.33333333333333,safe,Good
Ashley Young,84.9,49,70,79,Debate,43359.0,No,6.4,Placed,66.0,safe,Average
Angela Perez,82.8,48,45,63,Volunteer,18929.0,Yes,5.1,Not Placed,52.0,Need Improvement,Average
Elizabeth Walker,70.0,72,71,99,Sports,89668.0,Yes,7.6,Placed,80.66666666666667,safe,Good
Daniel Lee,75.1,62,46,74,Sports,51400.0,Yes,5.8,Not Placed,60.666666666666664,safe,Average
Mary Thompson,90.5,65,81,77,Music,99729.0,Yes,5.8,Placed,74.33333333333333,safe,Good
Jason Robinson,73.5,70,87,92,Sports,59185.0,Yes,6.5,Placed,83.0,safe,Good
Emily Lewis,82.4,82,98,100,Volunteer,74346.0,No,10.0,Placed,93.33333333333333,safe,Excellent
Michael Hill,89.1,93,85,99,Debate,61396.0,Yes,10.0,Placed,92.33333333333333,safe,Excellent
Amy Martin,92.5,89,87,87,Debate,81701.0,Yes,7.0,Placed,87.66666666666667,safe,Excellent
Joseph Walker,87.6,60,72,88,Sports,30765.0,No,5.6,Placed,73.33333333333333,safe,Good
Anthony Moore,76.9,48,50,62,Sports,37423.0,Yes,1.6,Not Placed,53.333333333333336,Need Improvement,Average
Mary Thompson,87.4,65,0,63,Debate,61079.0,Yes,3.8,Placed,42.666666666666664,Need Improvement,Poor
Rebecca Hernandez,100.0,75,100,99,Music,109314.0,Yes,7.2,Placed,91.33333333333333,safe,Excellent
Susan Flores,72.8,82,93,100,Volunteer,44430.0,Yes,8.5,Placed,91.66666666666667,safe,Excellent
Donna Nguyen,76.6,30,43,51,Sports,96408.0,No,3.1,Not Placed,41.333333333333336,Need Improvement,Poor
Linda Thomas,83.8,45,72,60,Music,49316.0,No,3.6,Placed,59.0,Need Improvement,Average
Deborah Martin,79.6,60,51,51,Music,76701.0,Yes,2.9,Not Placed,54.0,Need Improvement,Average
Thomas Jackson,73.0,63,59,51,Debate,115842.0,No,4.5,Not Placed,57.666666666666664,Need Improvement,Average
Richard Hill,79.2,67,69,70,Debate,122746.0,Yes,5.1,Placed,68.66666666666667,safe,Average
Deborah Wright,45.2,62,74,96,Sports,82221.0,Yes,7.6,Placed,77.33333333333333,safe,Good
Kenneth King,67.0,67,83,88,Sports,92723.0,Yes,6.7,Placed,79.33333333333333,safe,Good
Edward Thomas,75.6,64,79,100,Debate,73396.0,Yes,6.2,Placed,81.0,safe,Good
Susan Robinson,80.7,57,65,95,Music,61354.0,Yes,7.1,Placed,72.33333333333333,safe,Good
Donna Rodriguez,86.3,38,54,56,Music,40320.0,Yes,3.4,Not Placed,49.333333333333336,Need Improvement,Poor
Kevin Smith,75.9,83,82,94,Music,52656.0,Yes,7.1,Placed,86.33333333333333,safe,Excellent
James Allen,72.6,75,78,57,Music,66496.0,Yes,3.7,Placed,70.0,safe,Good
John King,71.6,73,72,91,Debate,70234.0,Yes,7.8,Placed,78.66666666666667,safe,Good
Matthew Hill,80.6,56,67,66,Volunteer,75155.0,Yes,5.4,Placed,63.0,safe,Average
Amy Taylor,74.6,40,38,64,Music,77770.0,Yes,4.6,Not Placed,47.333333333333336,Need Improvement,Poor
Elizabeth Perez,70.8,63,67,92,Debate,113070.0,Yes,6.0,Placed,74.0,safe,Good
Amanda Taylor,59.0,69,83,86,Sports,48328.0,Yes,6.6,Placed,79.33333333333333,safe,Good
Deborah Johnson,76.8,35,40,42,Sports,86430.0,No,2.3,Not Placed,39.0,At risk,Poor
Betty Wright,77.6,70,74,96,Debate,55192.0,Yes,7.3,Placed,80.0,safe,Good
Betty Anderson,78.4,49,71,53,Sports,56839.0,Yes,4.3,Placed,57.666666666666664,Need Improvement,Average
Brian Allen,57.1,37,46,74,Debate,90975.0,Yes,5.5,Not Placed,52.333333333333336,Need Improvement,Average
Robert Martinez,91.2,59,80,99,Music,8000.0,No,7.1,Placed,79.33333333333333,safe,Good
Donna Perez,96.2,77,94,100,NCC,65438.0,Yes,10.0,Placed,90.33333333333333,safe,Excellent
Anthony Torres,82.6,81,71,100,Volunteer,84859.0,Yes,9.5,Placed,84.0,safe,Good
Richard Taylor,71.7,72,64,77,NCC,74919.0,Yes,6.6,Placed,71.0,safe,Good
Emily Jones,80.2,83,85,77,Debate,94377.0,Yes,7.0,Placed,81.66666666666667,safe,Good
Karen Lee,85.4,64,67,78,Sports,80318.0,No,6.4,Placed,69.66666666666667,safe,Average
Kimberly Brown,98.7,76,63,78,Sports,71532.0,No,7.5,Placed,72.33333333333333,safe,Good
Jennifer Thomas,84.8,85,86,70,Volunteer,105036.0,Yes,6.3,Placed,80.33333333333333,safe,Good
Jessica Davis,75.2,39,41,68,Sports,81327.0,No,3.3,Not Placed,49.333333333333336,Need Improvement,Poor
Betty Clark,100.0,46,57,31,Music,45140.0,No,1.0,Not Placed,44.666666666666664,Need Improvement,Poor
Jennifer Miller,71.6,25,27,60,NCC,104700.0,Yes,3.7,Not Placed,37.333333333333336,At risk,Poor
Amanda Martinez,83.3,54,80,60,Volunteer,103912.0,Yes,3.2,Placed,64.66666666666667,safe,Average
Charles Nguyen,100.0,58,57,40,Sports,64702.0,Yes,4.1,Not Placed,51.666666666666664,Need Improvement,Average
Amy Walker,82.7,60,57,66,NCC,77448.0,Yes,5.6,Not Placed,61.0,safe,Average
Sarah Torres,98.9,45,51,63,NCC,35673.0,No,5.0,Not Placed,53.0,Need Improvement,Average
William Hill,71.7,45,51,45,Sports,67210.0,Yes,3.8,Not Placed,47.0,Need Improvement,Poor
Cynthia Lee,61.8,43,63,64,Volunteer,55794.0,No,5.0,Placed,56.666666666666664,Need Improvement,Average
Emma Davis,100.0,48,70,53,NCC,60738.0,No,4.4,Not Placed,57.0,Need Improvement,Average
John Rodriguez,99.5,77,77,100,Sports,106437.0,Yes,8.4,Placed,84.66666666666667,safe,Good
Donna Wilson,86.3,52,42,60,NCC,180471.0,Yes,4.2,Not Placed,51.333333333333336,Need Improvement,Average
Ryan Thompson,92.9,60,72,61,Sports,19611.0,Yes,3.1,Placed,64.33333333333333,safe,Average
James Robinson,52.4,46,47,48,Music,131727.0,Yes,3.4,Not Placed,47.0,Need Improvement,Poor
Donna Torres,62.3,52,71,88,Sports,84169.0,Yes,6.2,Placed,70.33333333333333,safe,Good
Nancy Miller,73.6,64,60,73,Volunteer,141959.0,No,5.6,Placed,65.66666666666667,safe,Average
Joseph Davis,100.0,94,77,87,Sports,69013.0,Yes,8.2,Placed,86.0,safe,Excellent
Melissa Jones,79.1,68,74,92,Volunteer,51377.0,Yes,5.2,Placed,78.0,safe,Good
Emma Rodriguez,90.6,55,43,25,Sports,113010.0,Yes,3.1,Not Placed,41.0,Need Improvement,Poor
Sarah Nguyen,69.5,91,95,100,NCC,69294.0,Yes,9.5,Placed,95.33333333333333,safe,Excellent
Matthew Garcia,100.0,78,72,64,Sports,143304.0,No,5.9,Placed,71.33333333333333,safe,Good
Kevin Sanchez,88.4,73,75,80,Sports,61454.0,No,7.4,Placed,76.0,safe,Good
Paul King,63.9,58,60,72,Volunteer,53064.0,Yes,6.0,Placed,63.333333333333336,safe,Average
Donna Lee,78.6,70,81,88,Music,29017.0,Yes,7.3,Placed,79.66666666666667,safe,Good
Stephanie Thompson,69.5,55,72,86,Debate,21779.0,Yes,7.0,Placed,71.0,safe,Good
Paul Flores,95.3,62,52,53,Volunteer,60390.0,Yes,4.3,Not Placed,55.666666666666664,Need Improvement,Average
Charles Thomas,80.2,56,58,64,Sports,64702.0,No,3.7,Not Placed,59.333333333333336,Need Improvement,Average
Donald Jackson,80.0,62,79,72,Music,42647.0,Yes,5.0,Placed,71.0,safe,Good
Nancy Martin,82.7,64,71,79,Debate,50349.0,Yes,5.0,Placed,71.33333333333333,safe,Good
Charles Williams,77.4,73,83,70,Music,61684.0,Yes,5.8,Placed,75.33333333333333,safe,Good
Ryan Johnson,89.3,82,89,100,Volunteer,64165.0,Yes,9.9,Placed,90.33333333333333,safe,Excellent
Michelle Flores,81.7,44,74,35,Debate,63529.0,Yes,1.0,Placed,51.0,Need Improvement,Average
Emma Clark,60.5,62,92,84,Sports,97538.0,No,4.8,Placed,79.33333333333333,safe,Good
Jacob King,61.2,79,88,95,Volunteer,12087.0,No,7.8,Placed,87.33333333333333,safe,Excellent
Matthew Anderson,80.0,73,62,97,Volunteer,34842.0,Yes,7.6,Placed,77.33333333333333,safe,Good
Rebecca Robinson,80.0,64,57,68,Sports,43026.0,No,6.5,Not Placed,63.0,safe,Average
Donald Miller,55.0,55,0,75,Music,47251.0,Yes,6.1,Not Placed,43.333333333333336,Need Improvement,Poor
Edward Martinez,87.0,61,61,53,Sports,107181.0,Yes,4.8,Placed,58.333333333333336,Need Improvement,Average
Nicholas Garcia,73.5,54,66,93,Music,99350.0,Yes,5.7,Placed,71.0,safe,Good
Sharon White,81.5,62,60,74,Music,74909.0,Yes,4.7,Placed,65.33333333333333,safe,Average
Amanda Flores,77.2,55,69,100,NCC,22600.0,No,7.4,Placed,74.66666666666667,safe,Good
Edward Hernandez,72.9,69,62,78,Debate,70730.0,No,4.1,Placed,69.66666666666667,safe,Average
Jason Jones,80.0,35,80,40,Debate,8000.0,Yes,2.2,Not Placed,51.666666666666664,Need Improvement,Average
Ronald Harris,79.6,83,75,90,NCC,59306.0,Yes,6.8,Placed,82.66666666666667,safe,Good
Jason Lewis,83.2,63,75,72,Sports,55232.0,Yes,6.6,Placed,70.0,safe,Good
Robert Thompson,75.4,58,73,60,Sports,81282.0,Yes,5.5,Placed,63.666666666666664,safe,Average
Elizabeth Ramirez,61.2,63,69,86,Music,68208.0,No,7.7,Placed,72.66666666666667,safe,Good
Amanda Sanchez,72.9,50,63,75,NCC,44986.0,Yes,4.7,Placed,62.666666666666664,safe,Average
Kimberly Hernandez,100.0,69,80,100,Sports,82462.0,No,9.5,Placed,83.0,safe,Good
Emily King,53.2,51,62,54,NCC,28090.0,No,5.4,Placed,55.666666666666664,Need Improvement,Average
Ryan Thomas,77.1,65,61,67,Volunteer,93909.0,Yes,3.9,Placed,64.33333333333333,safe,Average
Matthew Johnson,88.9,34,44,38,NCC,32373.0,Yes,1.5,Not Placed,38.666666666666664,At risk,Poor
Thomas Brown,89.5,67,76,100,Music,22070.0,No,8.7,Placed,81.0,safe,Good
Angela Sanchez,75.9,55,61,86,Sports,76327.0,No,8.8,Placed,67.33333333333333,safe,Average
Emma Hill,76.5,62,74,72,Sports,68596.0,No,5.3,Placed,69.33333333333333,safe,Average
Jason Hill,88.8,74,75,89,Debate,62499.0,Yes,7.1,Placed,79.33333333333333,safe,Good
Ronald Allen,79.8,100,98,76,Sports,133127.0,Yes,7.1,Placed,91.33333333333333,safe,Excellent
Angela Young,88.8,47,46,34,Sports,45419.0,Yes,2.2,Not Placed,42.333333333333336,Need Improvement,Poor
Paul Sanchez,67.2,55,56,83,Debate,33664.0,Yes,6.7,Not Placed,64.66666666666667,safe,Average
Brian Lee,81.6,96,86,91,Debate,101285.0,Yes,8.5,Placed,91.0,safe,Excellent
Donna Lopez,77.6,58,61,86,Sports,85513.0,No,7.4,Placed,68.33333333333333,safe,Average
Linda Robinson,91.1,61,70,63,Sports,67793.0,Yes,3.5,Placed,64.66666666666667,safe,Average
William Young,70.6,52,68,68,Sports,62379.0,Yes,4.4,Placed,62.666666666666664,safe,Average
Betty Clark,60.9,60,71,65,Volunteer,22964.0,Yes,4.3,Placed,65.33333333333333,safe,Average
Patricia Young,75.2,38,65,50,Sports,70472.0,Yes,4.2,Placed,51.0,Need Improvement,Average
Susan Ramirez,83.5,44,57,72,Sports,59983.0,Yes,4.8,Not Placed,57.666666666666664,Need Improvement,Average
George Jackson,91.2,85,83,96,NCC,58319.0,No,8.0,Placed,88.0,safe,Excellent
Gary Flores,89.8,57,55,65,Sports,36079.0,Yes,5.3,Not Placed,59.0,Need Improvement,Average
Susan Torres,92.0,42,53,63,Music,55114.0,Yes,4.8,Not Placed,52.666666666666664,Need Improvement,Average
Rebecca Brown,58.1,54,70,67,NCC,100947.0,No,5.3,Placed,63.666666666666664,safe,Average
David Davis,74.8,60,66,57,Music,24980.0,Yes,3.6,Placed,61.0,safe,Average
Michael Jones,80.6,82,66,76,Sports,54962.0,Yes,6.2,Placed,74.66666666666667,safe,Good
Ashley Johnson,72.0,50,63,64,Sports,108485.0,No,4.2,Placed,59.0,Need Improvement,Average
Paul Robinson,69.8,30,48,66,NCC,57490.0,Yes,3.4,Not Placed,48.0,Need Improvement,Poor
Patricia Wright,78.8,39,70,67,Volunteer,39923.0,No,4.3,Placed,58.666666666666664,Need Improvement,Average
Nancy Sanchez,68.5,57,90,81,NCC,84410.0,Yes,5.4,Placed,76.0,safe,Good
Nancy King,83.0,62,78,65,NCC,90221.0,Yes,3.8,Placed,68.33333333333333,safe,Average
Ashley Perez,82.4,72,78,87,Sports,48721.0,No,8.3,Placed,79.0,safe,Good
Nancy Martin,90.3,15,51,48,Sports,109042.0,No,1.2,Not Placed,38.0,At risk,Poor
Emma Williams,80.0,64,69,80,Debate,83692.0,Yes,6.2,Placed,71.0,safe,Good
Charles Perez,88.9,92,100,85,Volunteer,55693.0,Yes,7.2,Placed,92.33333333333333,safe,Excellent
Nancy Young,73.4,40,64,72,Debate,65320.0,Yes,3.7,Placed,58.666666666666664,Need Improvement,Average
Robert King,100.0,67,72,38,Volunteer,93246.0,Yes,3.6,Placed,59.0,Need Improvement,Average
Laura Nguyen,80.0,55,58,44,Volunteer,114564.0,Yes,3.3,Not Placed,52.333333333333336,Need Improvement,Average
Amanda Jones,91.1,74,97,76,Sports,109888.0,Yes,6.1,Placed,82.33333333333333,safe,Good
Nicholas Martin,90.6,59,70,100,Volunteer,74471.0,No,7.1,Placed,76.33333333333333,safe,Good
Elizabeth White,78.7,81,89,91,Sports,107704.0,Yes,8.9,Placed,87.0,safe,Excellent
Gary Harris,77.4,64,71,81,Volunteer,83372.0,No,6.0,Placed,72.0,safe,Good
Cynthia Johnson,74.2,55,63,63,NCC,8000.0,Yes,4.4,Placed,60.333333333333336,safe,Average
Carol Hernandez,73.2,45,74,89,Music,111116.0,No,5.2,Placed,69.33333333333333,safe,Average
Donald King,95.2,60,81,89,NCC,28053.0,Yes,7.3,Placed,76.66666666666667,safe,Good
Jennifer Hill,95.9,66,71,55,Music,67835.0,Yes,4.1,Placed,64.0,safe,Average
Nicholas Nguyen,81.7,59,67,100,Sports,65042.0,Yes,7.5,Placed,75.33333333333333,safe,Good
Angela Flores,61.4,66,62,92,Volunteer,115887.0,Yes,6.6,Placed,73.33333333333333,safe,Good
Nancy Taylor,69.7,28,46,49,Volunteer,119151.0,Yes,1.8,Not Placed,41.0,Need Improvement,Poor
Kimberly Jones,93.7,81,76,85,Sports,66215.0,No,7.6,Placed,80.66666666666667,safe,Good
Emily Gonzalez,73.9,61,51,43,Volunteer,60391.0,Yes,4.2,Not Placed,51.666666666666664,Need Improvement,Average
Michelle Scott,76.2,61,68,80,Debate,67620.0,Yes,4.6,Placed,69.66666666666667,safe,Average
Kenneth Gonzalez,74.9,77,97,100,Sports,62257.0,Yes,8.0,Placed,91.33333333333333,safe,Excellent
Mary Jones,92.8,47,72,66,Debate,37276.0,No,4.8,Placed,61.666666666666664,safe,Average
Jason Martin,88.6,71,92,83,NCC,71448.0,Yes,5.7,Placed,82.0,safe,Good
Carol Flores,73.7,64,71,82,Debate,56161.0,Yes,6.6,Placed,72.33333333333333,safe,Good
Emma Hill,68.0,43,48,76,Debate,61618.0,Yes,6.1,Not Placed,55.666666666666664,Need Improvement,Average
John Anderson,71.9,44,45,64,Sports,72653.0,No,4.0,Not Placed,51.0,Need Improvement,Average
Emily Moore,50.3,70,70,96,Sports,42296.0,Yes,8.2,Placed,78.66666666666667,safe,Good
Laura Taylor,100.0,76,75,48,NCC,78922.0,Yes,4.0,Placed,66.33333333333333,safe,Average
Linda Perez,66.9,57,88,93,Music,90885.0,No,7.0,Placed,79.33333333333333,safe,Good
Ryan Davis,84.6,55,62,43,Sports,64702.0,Yes,2.1,Placed,53.333333333333336,Need Improvement,Average
Richard Clark,57.5,58,60,71,Volunteer,62917.0,Yes,5.8,Placed,63.0,safe,Average
Kenneth Harris,80.6,29,32,51,NCC,62529.0,Yes,2.6,Not Placed,37.333333333333336,At risk,Poor
Emily Davis,68.2,68,72,75,Debate,43518.0,Yes,5.9,Placed,71.66666666666667,safe,Good
Joshua Sanchez,76.6,56,69,88,Volunteer,44220.0,Yes,7.0,Placed,71.0,safe,Good
Donald Brown,88.7,59,79,61,Sports,49965.0,Yes,5.5,Placed,66.33333333333333,safe,Average
Joshua Taylor,74.6,33,47,64,Sports,32535.0,No,3.0,Not Placed,48.0,Need Improvement,Poor
Anthony Jackson,72.4,38,44,45,Debate,119356.0,Yes,3.8,Not Placed,42.333333333333336,Need Improvement,Poor
Ryan Lopez,74.4,58,0,79,NCC,52874.0,Yes,5.8,Placed,45.666666666666664,Need Improvement,Poor
Angela Perez,100.0,56,68,55,NCC,61131.0,Yes,3.1,Placed,59.666666666666664,Need Improvement,Average
Richard Wilson,89.7,77,84,70,Sports,56668.0,Yes,6.3,Placed,77.0,safe,Good
Edward Robinson,87.5,43,48,71,NCC,106761.0,Yes,3.6,Not Placed,54.0,Need Improvement,Average
Emma Wright,71.2,64,53,67,Sports,32315.0,No,5.0,Not Placed,61.333333333333336,safe,Average
Brian Ramirez,75.1,51,66,97,NCC,81929.0,Yes,5.3,Placed,71.33333333333333,safe,Good
James Martinez,91.3,50,39,25,Volunteer,35694.0,No,2.4,Not Placed,38.0,At risk,Poor
Lisa Jones,94.5,73,67,75,Sports,58220.0,Yes,5.5,Placed,71.66666666666667,safe,Good
Emily Miller,77.6,54,50,61,Debate,64702.0,Yes,4.6,Not Placed,55.0,Need Improvement,Average
Thomas Perez,80.0,46,46,19,NCC,39741.0,Yes,1.5,Not Placed,37.0,At risk,Poor
Jacob Thomas,80.1,57,85,100,NCC,41992.0,No,8.8,Placed,80.66666666666667,safe,Good
Mark Nguyen,74.4,52,48,23,Volunteer,64986.0,Yes,3.1,Not Placed,41.0,Need Improvement,Poor
Emma Williams,97.0,89,89,86,Debate,50784.0,No,8.5,Placed,88.0,safe,Excellent
Charles Lee,49.8,36,43,38,Music,85292.0,No,2.8,Not Placed,39.0,At risk,Poor
Elizabeth Perez,74.6,64,63,99,Sports,82558.0,Yes,6.1,Placed,75.33333333333333,safe,Good
Linda Johnson,80.8,52,62,63,Debate,40492.0,No,4.0,Placed,59.0,Need Improvement,Average
Paul Johnson,64.1,71,69,80,Music,64702.0,Yes,6.7,Placed,73.33333333333333,safe,Good
Laura Thompson,90.5,86,80,94,Volunteer,19894.0,Yes,6.6,Placed,86.66666666666667,safe,Excellent
Charles Hernandez,69.3,77,68,53,NCC,36867.0,Yes,4.2,Placed,66.0,safe,Average
Joseph Jones,57.5,62,93,100,Debate,49191.0,No,7.7,Placed,85.0,safe,Excellent
Mark White,83.0,49,49,62,Sports,128230.0,No,3.4,Not Placed,53.333333333333336,Need Improvement,Average
David Anderson,73.9,73,67,91,Sports,36180.0,Yes,7.7,Placed,77.0,safe,Good
Sandra Clark,71.8,58,59,54,Sports,40728.0,Yes,3.7,Not Placed,57.0,Need Improvement,Average
Lisa Martinez,80.0,55,65,84,Sports,109331.0,Yes,6.1,Placed,68.0,safe,Average
Stephanie Nguyen,64.1,83,68,79,Music,49438.0,Yes,8.2,Placed,76.66666666666667,safe,Good
Betty Torres,70.7,51,65,74,Music,76335.0,No,3.7,Placed,63.333333333333336,safe,Average
Susan Harris,75.8,64,0,97,Volunteer,49110.0,Yes,6.9,Placed,53.666666666666664,Need Improvement,Average
Steven Jones,94.2,55,55,86,Sports,71243.0,Yes,6.4,Not Placed,65.33333333333333,safe,Average
Jason Rodriguez,100.0,52,68,68,Sports,66212.0,No,4.8,Placed,62.666666666666664,safe,Average
Kimberly Thompson,92.1,62,43,57,Volunteer,35577.0,Yes,2.2,Not Placed,54.0,Need Improvement,Average
Mark White,87.4,58,64,97,Debate,61344.0,No,7.2,Placed,73.0,safe,Good
Donald Scott,74.4,62,61,100,NCC,104016.0,Yes,6.8,Placed,74.33333333333333,safe,Good
Jessica Gonzalez,75.6,52,69,66,NCC,59619.0,Yes,5.0,Placed,62.333333333333336,safe,Average
Betty Smith,86.9,66,65,63,Sports,81688.0,Yes,5.4,Placed,64.66666666666667,safe,Average
Paul Brown,96.1,82,77,97,Sports,43325.0,Yes,8.5,Placed,85.33333333333333,safe,Excellent
George Nguyen,96.3,43,49,61,Volunteer,45430.0,No,4.1,Not Placed,51.0,Need Improvement,Average
George Perez,76.5,39,53,85,Sports,98858.0,No,5.7,Not Placed,59.0,Need Improvement,Average
Edward Moore,62.0,76,75,74,Music,64702.0,Yes,5.4,Placed,75.0,safe,Good
Karen Wright,80.1,86,66,100,Volunteer,109031.0,Yes,9.9,Placed,84.0,safe,Good
Nancy Nguyen,92.9,81,62,47,Sports,36121.0,No,4.0,Placed,63.333333333333336,safe,Average
Andrew Rodriguez,74.6,58,58,98,Debate,65636.0,No,6.8,Not Placed,71.33333333333333,safe,Good
Linda Jones,75.6,62,51,65,Volunteer,88616.0,Yes,4.9,Not Placed,59.333333333333336,Need Improvement,Average
Betty Garcia,80.0,60,66,67,NCC,96918.0,Yes,5.1,Placed,64.33333333333333,safe,Average
Jacob Lewis,82.9,51,71,68,Music,57059.0,Yes,4.2,Placed,63.333333333333336,safe,Average
Daniel Jones,78.6,60,69,81,Music,73022.0,Yes,5.5,Placed,70.0,safe,Good
Charles King,81.7,44,68,58,Sports,65045.0,Yes,3.7,Placed,56.666666666666664,Need Improvement,Average
Daniel Scott,76.6,73,81,100,Debate,27266.0,Yes,6.4,Placed,84.66666666666667,safe,Good
Lisa Rodriguez,81.9,76,72,77,Music,48327.0,Yes,7.1,Placed,75.0,safe,Good
Jason Lopez,91.1,57,64,60,Sports,53191.0,No,4.0,Placed,60.333333333333336,safe,Average
Ryan Miller,62.7,50,45,50,Sports,67107.0,No,3.7,Not Placed,48.333333333333336,Need Improvement,Poor
Nancy Smith,82.2,77,81,74,NCC,21617.0,Yes,5.9,Placed,77.33333333333333,safe,Good
Laura Wright,57.6,29,39,42,Volunteer,64702.0,Yes,2.6,Not Placed,36.666666666666664,At risk,Poor
Stephanie Robinson,69.5,57,54,71,Sports,85418.0,Yes,3.1,Not Placed,60.666666666666664,safe,Average
Amanda Jones,58.2,51,56,76,NCC,112518.0,Yes,4.0,Not Placed,61.0,safe,Average
Charles Taylor,81.3,70,70,100,Sports,53792.0,No,6.6,Placed,80.0,safe,Good
Emma Thompson,94.6,71,66,73,Volunteer,78562.0,Yes,5.6,Placed,70.0,safe,Good
Steven Garcia,92.8,78,74,59,Debate,127791.0,Yes,5.1,Placed,70.33333333333333,safe,Good
Laura Nguyen,72.7,30,48,68,Sports,22128.0,No,5.2,Not Placed,48.666666666666664,Need Improvement,Poor
Ronald Rodriguez,100.0,53,76,87,Music,116059.0,Yes,5.6,Placed,72.0,safe,Good
John Lee,99.8,50,53,58,Debate,70391.0,Yes,4.2,Not Placed,53.666666666666664,Need Improvement,Average
Emily Martinez,68.7,73,78,86,Sports,86180.0,Yes,8.6,Placed,79.0,safe,Good
David Robinson,91.0,62,66,46,NCC,84905.0,No,4.5,Placed,58.0,Need Improvement,Average
Robert Lee,82.2,68,73,72,Debate,49948.0,Yes,5.9,Placed,71.0,safe,Good
Ashley King,92.6,68,65,57,Volunteer,61946.0,Yes,4.8,Placed,63.333333333333336,safe,Average
Kenneth Jackson,76.5,61,63,96,Sports,73561.0,Yes,7.1,Placed,73.33333333333333,safe,Good
Amanda Taylor,69.8,44,57,69,Sports,104616.0,Yes,3.7,Not Placed,56.666666666666664,Need Improvement,Average
Brian Wilson,100.0,61,74,69,Debate,103361.0,Yes,4.9,Placed,68.0,safe,Average
Amanda Perez,87.6,60,79,71,Volunteer,64670.0,No,4.1,Placed,70.0,safe,Good
Thomas Anderson,88.2,58,80,85,Sports,8000.0,Yes,4.8,Placed,74.33333333333333,safe,Good
Emily Walker,81.5,36,53,30,NCC,82061.0,Yes,1.0,Not Placed,39.666666666666664,At risk,Poor
Amanda Lewis,83.1,45,64,41,Volunteer,73542.0,No,2.3,Placed,50.0,Need Improvement,Average
David Scott,80.0,77,77,67,Music,86467.0,Yes,5.3,Placed,73.66666666666667,safe,Good
Jason White,83.2,54,77,85,Volunteer,64702.0,Yes,4.9,Placed,72.0,safe,Good
Deborah Clark,80.0,67,74,88,Sports,66099.0,Yes,8.4,Placed,76.33333333333333,safe,Good
Rebecca Smith,90.2,92,86,82,Sports,148352.0,Yes,7.6,Placed,86.66666666666667,safe,Excellent
Gary Nguyen,97.7,84,76,78,Sports,52924.0,Yes,6.1,Placed,79.33333333333333,safe,Good
Amy King,66.0,54,56,66,Sports,103829.0,Yes,3.5,Not Placed,58.666666666666664,Need Improvement,Average
Joseph Thompson,96.6,60,58,57,Music,62145.0,No,5.0,Not Placed,58.333333333333336,Need Improvement,Average
Patricia Jackson,80.0,39,48,43,Debate,58474.0,Yes,2.4,Not Placed,43.333333333333336,Need Improvement,Poor
Kenneth Lewis,72.1,43,90,62,Volunteer,32570.0,Yes,4.2,Not Placed,65.0,safe,Average
Nicholas White,64.1,61,48,49,NCC,40536.0,No,3.6,Not Placed,52.666666666666664,Need Improvement,Average
Andrew Lewis,79.1,73,78,100,Sports,64702.0,Yes,7.4,Placed,83.66666666666667,safe,Good
Brian Clark,93.4,80,79,83,Volunteer,39512.0,Yes,7.8,Placed,80.66666666666667,safe,Good
John Wilson,97.8,71,88,100,Volunteer,49149.0,Yes,8.2,Placed,86.33333333333333,safe,Excellent
Susan Sanchez,70.5,49,60,64,Sports,99635.0,Yes,3.6,Placed,57.666666666666664,Need Improvement,Average
Jennifer Flores,89.5,83,99,100,Music,109951.0,Yes,8.4,Placed,94.0,safe,Excellent
James Lewis,77.9,43,67,73,Volunteer,31684.0,Yes,4.8,Placed,61.0,safe,Average
David Brown,82.6,82,95,100,Volunteer,72149.0,Yes,6.7,Placed,92.33333333333333,safe,Excellent
Michael Lee,80.1,88,90,96,Volunteer,14060.0,No,7.2,Placed,91.33333333333333,safe,Excellent
Richard Rodriguez,85.9,45,52,59,Volunteer,96220.0,Yes,4.8,Not Placed,52.0,Need Improvement,Average
Jennifer Moore,91.6,70,97,99,Sports,39759.0,Yes,7.3,Placed,88.66666666666667,safe,Excellent
Anthony Lopez,90.8,32,53,51,Sports,70614.0,Yes,2.0,Not Placed,45.333333333333336,Need Improvement,Poor
Ronald Hernandez,74.1,57,63,58,NCC,56429.0,Yes,4.0,Placed,59.333333333333336,Need Improvement,Average
Sarah Wilson,71.2,40,50,60,Sports,89763.0,Yes,3.8,Not Placed,50.0,Need Improvement,Average
Mark Wright,78.4,43,77,79,Sports,71777.0,No,3.7,Placed,66.33333333333333,safe,Average
Edward Walker,80.9,76,81,59,Volunteer,84627.0,Yes,6.1,Placed,72.0,safe,Good
Karen Thomas,69.6,37,53,77,NCC,92619.0,Yes,4.6,Not Placed,55.666666666666664,Need Improvement,Average
Melissa Johnson,80.0,21,46,57,Volunteer,110578.0,Yes,3.3,Not Placed,41.333333333333336,Need Improvement,Poor
James Martin,99.7,45,72,78,Sports,48305.0,No,4.8,Placed,65.0,safe,Average
Emily Scott,92.4,63,60,30,Sports,115331.0,Yes,1.1,Placed,51.0,Need Improvement,Average
Jennifer Robinson,64.6,50,69,73,Music,109497.0,Yes,5.5,Placed,64.0,safe,Average
Susan Allen,80.0,80,100,96,Sports,99411.0,No,7.8,Placed,92.0,safe,Excellent
Robert Thompson,64.4,42,50,85,Volunteer,75055.0,Yes,5.9,Not Placed,59.0,Need Improvement,Average
David White,77.4,57,61,66,Debate,88688.0,Yes,5.2,Placed,61.333333333333336,safe,Average
Anthony King,94.2,66,66,75,Volunteer,114630.0,Yes,5.2,Placed,69.0,safe,Average
Matthew Davis,87.5,52,72,72,Debate,74956.0,Yes,6.3,Placed,65.33333333333333,safe,Average
Laura Garcia,99.0,74,73,77,Debate,84302.0,Yes,5.8,Placed,74.66666666666667,safe,Good
Nancy Williams,99.8,54,66,51,Debate,68276.0,Yes,4.6,Placed,57.0,Need Improvement,Average
Elizabeth Davis,50.5,48,64,57,Volunteer,35278.0,No,6.6,Placed,56.333333333333336,Need Improvement,Average
James Clark,65.4,74,68,70,Volunteer,112366.0,Yes,6.1,Placed,70.66666666666667,safe,Good
Laura Allen,73.7,47,36,45,Volunteer,53137.0,Yes,3.1,Not Placed,42.666666666666664,Need Improvement,Poor
Michelle Smith,76.3,64,69,98,Sports,54474.0,Yes,8.0,Placed,77.0,safe,Good
Laura Williams,70.6,36,50,66,Sports,99926.0,Yes,2.1,Not Placed,50.666666666666664,Need Improvement,Average
Emma Williams,73.9,28,48,56,Sports,50987.0,No,3.2,Not Placed,44.0,Need Improvement,Poor
Matthew Wilson,81.4,54,56,77,NCC,56220.0,Yes,5.6,Not Placed,62.333333333333336,safe,Average
Cynthia Sanchez,100.0,74,75,100,Music,92780.0,Yes,7.9,Placed,83.0,safe,Good
Joseph Williams,99.7,59,64,74,Debate,88297.0,No,5.7,Placed,65.66666666666667,safe,Average
Rebecca Brown,61.9,60,71,88,Sports,8000.0,Yes,5.9,Placed,73.0,safe,Good
Anthony Brown,71.0,36,49,68,NCC,42705.0,No,5.0,Not Placed,51.0,Need Improvement,Average
Michelle Davis,85.1,58,66,73,Debate,121444.0,Yes,4.4,Placed,65.66666666666667,safe,Average
Betty Gonzalez,98.9,60,66,67,Sports,46589.0,Yes,4.6,Placed,64.33333333333333,safe,Average
Cynthia Sanchez,94.9,60,78,57,Debate,27347.0,Yes,4.6,Placed,65.0,safe,Average
Kevin Garcia,69.6,50,62,71,Sports,85021.0,Yes,4.6,Placed,61.0,safe,Average
Robert Clark,95.8,58,57,61,Sports,60045.0,No,4.4,Not Placed,58.666666666666664,Need Improvement,Average
Kimberly Robinson,83.6,55,77,76,Sports,63369.0,No,5.7,Placed,69.33333333333333,safe,Average
Susan Jackson,70.7,50,60,72,NCC,60043.0,Yes,5.0,Placed,60.666666666666664,safe,Average
Matthew Robinson,86.6,62,65,59,Volunteer,60526.0,Yes,4.9,Placed,62.0,safe,Average
Paul Taylor,86.9,69,73,59,NCC,77548.0,Yes,5.3,Placed,67.0,safe,Average
Cynthia Harris,70.4,58,71,95,Sports,89993.0,Yes,6.3,Placed,74.66666666666667,safe,Good
Sharon Flores,79.7,68,86,90,Music,103172.0,Yes,6.0,Placed,81.33333333333333,safe,Good
Melissa Jones,58.7,59,66,77,Sports,49504.0,Yes,5.6,Placed,67.33333333333333,safe,Average
Melissa Perez,65.9,75,77,100,Volunteer,37221.0,Yes,8.3,Placed,84.0,safe,Good
Michelle Rodriguez,84.5,56,90,77,Debate,68357.0,Yes,3.5,Placed,74.33333333333333,safe,Good
Nancy Hill,72.0,61,57,75,Sports,64702.0,Yes,6.1,Not Placed,64.33333333333333,safe,Average
Brian Lee,68.7,14,20,38,Sports,93552.0,No,1.5,Not Placed,24.0,At risk,Poor
George Brown,95.3,95,95,100,Debate,35229.0,Yes,9.5,Placed,96.66666666666667,safe,Excellent
Jacob Scott,86.4,57,0,89,Volunteer,83474.0,No,5.9,Not Placed,48.666666666666664,Need Improvement,Poor
David Jones,68.5,38,46,43,Sports,24181.0,No,1.9,Not Placed,42.333333333333336,Need Improvement,Poor
David Perez,67.2,60,58,75,Sports,49109.0,Yes,5.3,Not Placed,64.33333333333333,safe,Average
Andrew Sanchez,85.4,59,77,69,Debate,8000.0,Yes,5.1,Placed,68.33333333333333,safe,Average
Laura Wilson,74.3,82,87,100,NCC,69789.0,Yes,8.6,Placed,89.66666666666667,safe,Excellent
Amanda Davis,81.4,71,0,86,Volunteer,69442.0,Yes,7.5,Placed,52.333333333333336,Need Improvement,Average
Emma Scott,81.9,54,55,78,Volunteer,79530.0,Yes,5.1,Not Placed,62.333333333333336,safe,Average
Kevin Brown,61.0,72,0,100,Sports,73717.0,Yes,6.8,Placed,57.333333333333336,Need Improvement,Average
Linda Martinez,80.0,74,78,100,Sports,72942.0,Yes,7.3,Placed,84.0,safe,Good
Andrew Johnson,75.3,77,84,93,NCC,71481.0,Yes,6.2,Placed,84.66666666666667,safe,Good
Ryan Lewis,76.5,48,67,78,NCC,75540.0,No,6.4,Placed,64.33333333333333,safe,Average
Paul Scott,88.1,70,74,78,Debate,49315.0,Yes,6.7,Placed,74.0,safe,Good
Karen Flores,80.0,40,42,54,Music,69202.0,Yes,3.9,Not Placed,45.333333333333336,Need Improvement,Poor
Jennifer Williams,100.0,54,75,100,Music,54848.0,Yes,7.3,Placed,76.33333333333333,safe,Good
Gary Lee,91.2,87,89,100,Sports,38661.0,Yes,8.4,Placed,92.0,safe,Excellent
Robert Brown,80.4,47,59,100,Sports,29909.0,No,5.7,Not Placed,68.66666666666667,safe,Average
Linda White,86.2,80,82,85,Sports,64702.0,Yes,7.6,Placed,82.33333333333333,safe,Good
Charles Martinez,51.3,57,34,75,NCC,53047.0,No,6.2,Not Placed,55.333333333333336,Need Improvement,Average
Amy Perez,71.9,82,83,100,Sports,57817.0,Yes,9.2,Placed,88.33333333333333,safe,Excellent
Mary Jones,78.5,62,68,49,Debate,70501.0,Yes,4.4,Placed,59.666666666666664,Need Improvement,Average
Donna Anderson,97.2,67,81,96,Music,73824.0,Yes,7.4,Placed,81.33333333333333,safe,Good
Brian Harris,86.2,80,70,100,Sports,22888.0,No,9.2,Placed,83.33333333333333,safe,Good
Melissa Scott,80.0,55,60,69,Volunteer,54895.0,No,5.9,Placed,61.333333333333336,safe,Average
Ashley Wilson,66.2,58,60,64,Sports,89018.0,Yes,5.5,Placed,60.666666666666664,safe,Average
Steven Wilson,64.0,69,53,76,Sports,8000.0,Yes,6.3,Not Placed,66.0,safe,Average
David Lee,100.0,52,59,61,Volunteer,52189.0,Yes,4.2,Not Placed,57.333333333333336,Need Improvement,Average
Richard Taylor,81.6,60,90,49,NCC,80624.0,Yes,5.0,Placed,66.33333333333333,safe,Average
Jessica White,65.8,31,0,55,Volunteer,57541.0,Yes,3.1,Not Placed,28.666666666666668,At risk,Poor
Michelle Moore,79.2,66,75,99,NCC,51370.0,No,8.7,Placed,80.0,safe,Good
Michelle Johnson,84.0,61,52,41,Volunteer,72187.0,Yes,3.8,Not Placed,51.333333333333336,Need Improvement,Average
Ashley Lewis,76.6,34,59,39,Volunteer,44752.0,No,2.5,Not Placed,44.0,Need Improvement,Poor
Jacob Jones,86.7,72,60,73,Debate,42561.0,Yes,5.9,Placed,68.33333333333333,safe,Average
George Sanchez,77.1,90,97,100,Volunteer,64655.0,Yes,8.9,Placed,95.66666666666667,safe,Excellent
Brian Perez,100.0,67,59,35,NCC,55707.0,Yes,4.3,Not Placed,53.666666666666664,Need Improvement,Average
George Lopez,75.2,67,63,87,NCC,72531.0,No,6.7,Placed,72.33333333333333,safe,Good
Nicholas Sanchez,71.2,43,67,71,Volunteer,89907.0,Yes,3.6,Placed,60.333333333333336,safe,Average
Nancy Thompson,100.0,93,100,77,Debate,129317.0,Yes,7.6,Placed,90.0,safe,Excellent
Linda Rodriguez,93.9,38,55,48,Debate,33542.0,Yes,2.8,Not Placed,47.0,Need Improvement,Poor
Edward Ramirez,84.2,59,66,83,NCC,107530.0,Yes,5.9,Placed,69.33333333333333,safe,Average
Ronald Scott,89.2,55,69,100,Volunteer,61669.0,Yes,7.5,Placed,74.66666666666667,safe,Good
Deborah Allen,79.6,77,71,74,Volunteer,75721.0,Yes,6.6,Placed,74.0,safe,Good
Robert Garcia,84.5,63,64,84,Sports,26122.0,No,7.4,Placed,70.33333333333333,safe,Good
David Scott,80.9,68,80,91,Debate,82935.0,No,6.5,Placed,79.66666666666667,safe,Good
Lisa Lopez,76.9,57,61,85,Debate,42770.0,Yes,6.0,Placed,67.66666666666667,safe,Average
Jacob Harris,88.1,63,61,80,Sports,99747.0,No,7.0,Placed,68.0,safe,Average
Steven Ramirez,87.3,48,51,78,Sports,54557.0,Yes,5.4,Not Placed,59.0,Need Improvement,Average
Susan Smith,76.4,57,54,81,NCC,57968.0,Yes,6.2,Not Placed,64.0,safe,Average
Anthony Moore,99.5,77,83,86,Music,52428.0,Yes,7.0,Placed,82.0,safe,Good
Melissa Rodriguez,86.9,57,71,84,Sports,10832.0,Yes,5.7,Placed,70.66666666666667,safe,Good
Jessica King,91.5,54,51,50,Debate,56211.0,Yes,2.8,Not Placed,51.666666666666664,Need Improvement,Average
Gary Wilson,90.8,86,96,76,Sports,54507.0,Yes,5.6,Placed,86.0,safe,Excellent
Jacob Taylor,72.7,45,64,62,Debate,19573.0,Yes,4.1,Placed,57.0,Need Improvement,Average
Andrew Robinson,75.1,54,69,71,NCC,41273.0,Yes,5.6,Placed,64.66666666666667,safe,Average
Deborah White,77.5,78,76,100,Sports,68505.0,Yes,9.1,Placed,84.66666666666667,safe,Good
Anthony Martin,94.2,59,59,40,Sports,62310.0,Yes,4.5,Not Placed,52.666666666666664,Need Improvement,Average
Richard Flores,87.2,31,48,50,NCC,54499.0,No,2.8,Not Placed,43.0,Need Improvement,Poor
Emma Robinson,70.2,53,54,67,Debate,80705.0,No,4.0,Not Placed,58.0,Need Improvement,Average
Jacob Thompson,99.1,48,70,68,Volunteer,55796.0,Yes,2.6,Placed,62.0,safe,Average
Mark Moore,85.0,50,60,39,Sports,44466.0,Yes,4.2,Placed,49.666666666666664,Need Improvement,Poor
Mark Rodriguez,88.7,56,69,81,NCC,98689.0,No,5.1,Placed,68.66666666666667,safe,Average
Melissa Wilson,84.6,56,70,75,Music,64975.0,Yes,5.0,Placed,67.0,safe,Average
Nicholas Torres,89.9,58,65,54,Sports,86379.0,Yes,3.8,Placed,59.0,Need Improvement,Average
Thomas Harris,73.9,37,53,50,NCC,76074.0,Yes,3.1,Not Placed,46.666666666666664,Need Improvement,Poor
Daniel Brown,72.9,82,71,88,Music,127136.0,No,8.3,Placed,80.33333333333333,safe,Good
John Garcia,80.2,54,72,56,Debate,90091.0,Yes,3.8,Placed,60.666666666666664,safe,Average
Steven White,80.0,74,73,89,Volunteer,59497.0,Yes,6.0,Placed,78.66666666666667,safe,Good
George Brown,75.4,62,78,81,Music,53358.0,No,6.7,Placed,73.66666666666667,safe,Good
Emma Thomas,78.4,58,63,68,Sports,26179.0,Yes,6.3,Placed,63.0,safe,Average
Paul Lewis,74.1,49,50,61,Sports,53913.0,Yes,4.8,Not Placed,53.333333333333336,Need Improvement,Average
Jennifer Hernandez,93.3,91,93,95,Sports,34436.0,Yes,7.2,Placed,93.0,safe,Excellent
Deborah Lewis,93.2,100,97,98,Music,64731.0,Yes,6.9,Placed,98.33333333333333,safe,Excellent
Robert Lopez,77.0,83,76,76,Music,64104.0,No,6.8,Placed,78.33333333333333,safe,Good
Ronald Smith,87.7,57,71,68,Music,34772.0,Yes,5.6,Placed,65.33333333333333,safe,Average
Cynthia Walker,95.9,64,70,62,Debate,44252.0,Yes,4.3,Placed,65.33333333333333,safe,Average
Angela Wright,64.7,56,64,80,NCC,67170.0,Yes,6.6,Placed,66.66666666666667,safe,Average
Gary Johnson,80.0,33,33,38,Sports,17422.0,Yes,2.9,Not Placed,34.666666666666664,At risk,Poor
Emma Garcia,64.9,64,81,93,NCC,56179.0,No,7.4,Placed,79.33333333333333,safe,Good
Elizabeth Robinson,83.8,36,65,100,NCC,67738.0,No,5.6,Placed,67.0,safe,Average
Deborah White,60.9,22,38,40,Music,87471.0,No,1.3,Not Placed,33.333333333333336,At risk,Poor
Matthew Flores,89.2,35,42,59,Sports,98985.0,Yes,2.6,Not Placed,45.333333333333336,Need Improvement,Poor
Jessica Walker,86.6,57,66,78,NCC,81787.0,Yes,4.6,Placed,67.0,safe,Average
Kimberly Nguyen,72.3,57,56,80,Music,114184.0,Yes,5.1,Not Placed,64.33333333333333,safe,Average
Joseph Hernandez,56.6,68,75,100,Volunteer,67602.0,No,7.8,Placed,81.0,safe,Good
Robert White,57.9,29,45,62,Sports,82084.0,No,4.3,Not Placed,45.333333333333336,Need Improvement,Poor
Charles Brown,80.5,66,57,61,Music,115941.0,Yes,6.0,Not Placed,61.333333333333336,safe,Average
Steven Moore,76.1,58,68,100,NCC,29960.0,No,8.1,Placed,75.33333333333333,safe,Good
Stephanie Martinez,87.4,64,86,89,Sports,65283.0,Yes,6.0,Placed,79.66666666666667,safe,Good
Laura Hill,65.9,84,83,100,Music,24958.0,Yes,7.5,Placed,89.0,safe,Excellent
Jennifer Martinez,71.1,56,61,61,Sports,55109.0,No,4.0,Placed,59.333333333333336,Need Improvement,Average
Donna Jones,56.0,52,72,87,Volunteer,57268.0,Yes,4.9,Placed,70.33333333333333,safe,Good
Stephanie Torres,94.9,55,66,62,Music,8000.0,Yes,3.3,Placed,61.0,safe,Average
Jennifer Taylor,71.9,59,71,64,Sports,61453.0,No,5.0,Placed,64.66666666666667,safe,Average
Ryan Sanchez,93.7,53,77,72,Music,89795.0,Yes,6.6,Placed,67.33333333333333,safe,Average
Amy Lee,80.0,85,87,100,Debate,23798.0,Yes,9.4,Placed,90.66666666666667,safe,Excellent
Nancy Johnson,96.2,39,47,22,Sports,62862.0,Yes,1.0,Not Placed,36.0,At risk,Poor
Emma Scott,86.9,76,75,89,Debate,92495.0,No,9.6,Placed,80.0,safe,Good
Mary Moore,69.1,59,66,76,Sports,82471.0,Yes,6.5,Placed,67.0,safe,Average
Steven Smith,78.1,62,0,63,Debate,64702.0,Yes,5.0,Not Placed,41.666666666666664,Need Improvement,Poor
Mark Martin,89.6,75,59,36,Sports,26668.0,Yes,4.5,Not Placed,56.666666666666664,Need Improvement,Average
Emily Lewis,37.9,27,38,41,Debate,64318.0,Yes,2.0,Not Placed,35.333333333333336,At risk,Poor
Deborah Clark,80.0,53,52,30,Music,109947.0,Yes,2.7,Not Placed,45.0,Need Improvement,Poor
Michael Ramirez,80.0,69,62,91,Debate,62971.0,Yes,7.3,Placed,74.0,safe,Good
Jason Moore,85.1,57,59,68,Volunteer,52762.0,Yes,6.0,Not Placed,61.333333333333336,safe,Average
Gary Hernandez,100.0,75,79,85,NCC,110769.0,No,7.8,Placed,79.66666666666667,safe,Good
Stephanie Brown,85.1,50,60,51,Volunteer,87652.0,Yes,3.9,Placed,53.666666666666664,Need Improvement,Average
Sandra Flores,73.2,66,60,73,Sports,16137.0,Yes,6.1,Placed,66.33333333333333,safe,Average
Jennifer Harris,92.7,63,79,90,Sports,58880.0,No,6.2,Placed,77.33333333333333,safe,Good
Kimberly Moore,86.3,60,75,66,NCC,100918.0,Yes,5.4,Placed,67.0,safe,Average
Rebecca Harris,70.9,50,60,72,Sports,61742.0,Yes,4.4,Placed,60.666666666666664,safe,Average
Linda Smith,66.6,40,55,69,NCC,78854.0,Yes,3.7,Not Placed,54.666666666666664,Need Improvement,Average
David Young,78.8,70,84,72,Music,71935.0,No,6.4,Placed,75.33333333333333,safe,Good
Ashley Taylor,71.2,60,61,58,Debate,67572.0,Yes,3.2,Placed,59.666666666666664,Need Improvement,Average
Steven White,75.7,61,81,81,Music,59564.0,Yes,6.3,Placed,74.33333333333333,safe,Good
Gary Torres,59.7,42,39,30,Volunteer,80759.0,Yes,2.3,Not Placed,37.0,At risk,Poor
Lisa Williams,69.3,67,73,94,Music,64702.0,Yes,7.1,Placed,78.0,safe,Good
Matthew Robinson,76.0,23,45,37,Debate,111043.0,Yes,1.4,Not Placed,35.0,At risk,Poor
Charles Martin,76.8,65,60,72,Debate,50648.0,No,3.9,Placed,65.66666666666667,safe,Average
Cynthia Martinez,66.0,23,40,37,Sports,78832.0,No,2.1,Not Placed,33.333333333333336,At risk,Poor
Sharon Young,72.7,60,78,93,Debate,47883.0,Yes,7.1,Placed,77.0,safe,Good
George Harris,89.1,84,88,61,NCC,64702.0,Yes,5.7,Placed,77.66666666666667,safe,Good
Sandra Perez,90.9,85,88,93,Music,89470.0,No,8.0,Placed,88.66666666666667,safe,Excellent
Nicholas Young,60.2,58,63,85,Volunteer,107477.0,Yes,5.6,Placed,68.66666666666667,safe,Average
George Lopez,89.0,39,49,68,Sports,43965.0,Yes,4.7,Not Placed,52.0,Need Improvement,Average
James Brown,94.1,56,56,52,Sports,73746.0,Yes,2.3,Not Placed,54.666666666666664,Need Improvement,Average
Daniel Miller,75.3,54,62,64,Sports,29195.0,Yes,3.0,Placed,60.0,safe,Average
Betty Moore,84.1,76,82,84,Debate,79828.0,Yes,7.4,Placed,80.66666666666667,safe,Good
Ashley White,80.0,89,96,80,Sports,69215.0,Yes,7.9,Placed,88.33333333333333,safe,Excellent
David Robinson,73.9,64,71,78,Sports,62653.0,Yes,5.8,Placed,71.0,safe,Good
Paul Taylor,93.1,70,84,77,Sports,93329.0,Yes,5.7,Placed,77.0,safe,Good
Sandra Sanchez,82.5,68,70,100,Sports,76619.0,Yes,6.5,Placed,79.33333333333333,safe,Good
Edward White,66.5,57,68,86,Volunteer,19925.0,Yes,6.9,Placed,70.33333333333333,safe,Good
Mark Brown,80.0,64,75,67,Music,20090.0,Yes,4.0,Placed,68.66666666666667,safe,Average
Carol Nguyen,100.0,40,64,37,NCC,36535.0,Yes,2.8,Placed,47.0,Need Improvement,Poor
Jessica Hill,72.3,82,95,95,Sports,8000.0,Yes,7.7,Placed,90.66666666666667,safe,Excellent
Cynthia Thomas,69.8,46,58,78,Sports,31366.0,Yes,5.2,Not Placed,60.666666666666664,safe,Average
Ronald Thompson,74.7,52,55,55,Sports,66075.0,Yes,3.7,Not Placed,54.0,Need Improvement,Average
James Miller,96.0,52,61,54,Music,30636.0,No,4.3,Placed,55.666666666666664,Need Improvement,Average
Brian Robinson,92.5,75,79,97,Volunteer,70432.0,Yes,8.4,Placed,83.66666666666667,safe,Good
Elizabeth Rodriguez,75.2,61,73,73,Debate,76993.0,No,5.0,Placed,69.0,safe,Average
Sharon Ramirez,80.0,56,63,36,Sports,64702.0,No,3.3,Placed,51.666666666666664,Need Improvement,Average
Mary Anderson,81.9,50,70,86,NCC,32963.0,Yes,7.1,Placed,68.66666666666667,safe,Average
Brian Davis,57.2,56,80,85,Debate,44185.0,Yes,6.2,Placed,73.66666666666667,safe,Good
Melissa Moore,80.4,51,64,61,Sports,76110.0,Yes,4.7,Placed,58.666666666666664,Need Improvement,Average
Angela Sanchez,85.8,46,48,20,Sports,94117.0,Yes,1.0,Not Placed,38.0,At risk,Poor
Charles Lee,69.4,69,80,100,Sports,66112.0,Yes,6.9,Placed,83.0,safe,Good
David Williams,93.7,86,95,100,Music,65512.0,Yes,6.0,Placed,93.66666666666667,safe,Excellent
Robert Taylor,82.7,75,68,75,NCC,110482.0,Yes,5.6,Placed,72.66666666666667,safe,Good
George Thomas,91.2,42,44,55,Sports,52030.0,No,5.3,Not Placed,47.0,Need Improvement,Poor
Ronald Jones,81.5,70,62,52,Sports,64201.0,Yes,5.5,Placed,61.333333333333336,safe,Average
Mary Wilson,94.6,81,100,100,Sports,99821.0,No,8.1,Placed,93.66666666666667,safe,Excellent
Daniel Young,82.4,36,36,47,NCC,69675.0,Yes,2.2,Not Placed,39.666666666666664,At risk,Poor
James Taylor,71.4,63,67,100,NCC,103374.0,Yes,8.2,Placed,76.66666666666667,safe,Good
Betty Hernandez,90.1,49,41,14,Sports,11177.0,Yes,1.9,Not Placed,34.666666666666664,At risk,Poor
David Lopez,65.4,62,65,83,NCC,38673.0,Yes,6.8,Placed,70.0,safe,Good
Sarah Robinson,82.2,51,67,61,Sports,42091.0,Yes,4.7,Placed,59.666666666666664,Need Improvement,Average
Emma Flores,100.0,47,59,60,Sports,52281.0,No,3.8,Not Placed,55.333333333333336,Need Improvement,Average
Jessica Brown,82.0,38,39,45,Music,87196.0,Yes,3.4,Not Placed,40.666666666666664,Need Improvement,Poor
Lisa Johnson,80.8,58,80,86,Sports,81804.0,Yes,6.5,Placed,74.66666666666667,safe,Good
Jennifer Allen,93.9,95,98,100,NCC,68343.0,Yes,8.4,Placed,97.66666666666667,safe,Excellent
Kenneth Allen,97.4,60,78,84,Sports,38591.0,Yes,7.6,Placed,74.0,safe,Good
John Scott,80.8,56,58,70,Sports,72296.0,No,6.4,Not Placed,61.333333333333336,safe,Average
Amanda Harris,75.2,49,52,61,Sports,64702.0,Yes,4.7,Not Placed,54.0,Need Improvement,Average
Andrew Jones,67.4,72,84,89,Sports,93816.0,No,8.3,Placed,81.66666666666667,safe,Good
Ashley Harris,100.0,73,64,52,Debate,51556.0,Yes,4.1,Placed,63.0,safe,Average
Betty Ramirez,67.8,68,91,68,Debate,58336.0,Yes,4.6,Placed,75.66666666666667,safe,Good
Ashley Allen,74.9,28,45,48,Debate,61178.0,Yes,1.0,Not Placed,40.333333333333336,Need Improvement,Poor
Brian Wright,66.5,50,71,76,Volunteer,106804.0,Yes,5.0,Placed,65.66666666666667,safe,Average
Andrew Nguyen,64.3,58,64,85,Sports,23603.0,Yes,6.4,Placed,69.0,safe,Average
Mary Taylor,98.5,57,0,84,Debate,28574.0,No,7.1,Placed,47.0,Need Improvement,Poor
Brian Gonzalez,80.0,58,63,58,Music,22604.0,Yes,3.8,Placed,59.666666666666664,Need Improvement,Average
Karen Young,80.4,63,80,55,Music,64702.0,Yes,3.9,Not Placed,66.0,safe,Average
Kenneth White,73.3,43,47,60,Sports,92086.0,Yes,4.7,Not Placed,50.0,Need Improvement,Average
Laura Hernandez,100.0,62,86,83,Sports,72031.0,No,4.1,Placed,77.0,safe,Good
Rebecca Perez,78.4,64,50,100,Debate,90237.0,No,7.7,Not Placed,71.33333333333333,safe,Good
Charles King,84.2,75,0,88,Music,64702.0,Yes,6.9,Placed,54.333333333333336,Need Improvement,Average
Jason Wilson,76.9,56,64,57,Debate,18236.0,Yes,4.4,Placed,59.0,Need Improvement,Average
Michael Harris,90.7,71,70,88,NCC,89847.0,Yes,6.5,Placed,76.33333333333333,safe,Good
Nancy Thompson,83.2,80,0,79,Music,63801.0,No,6.6,Placed,53.0,Need Improvement,Average
Mary Hill,67.2,40,55,58,NCC,49429.0,No,3.7,Not Placed,51.0,Need Improvement,Average
George Hill,87.8,82,85,89,Sports,94164.0,Yes,7.8,Placed,85.33333333333333,safe,Excellent
Sandra Allen,69.1,76,67,81,Volunteer,41241.0,Yes,6.4,Placed,74.66666666666667,safe,Good
Sharon Lewis,82.9,50,64,60,NCC,80519.0,No,4.3,Placed,58.0,Need Improvement,Average
Deborah Ramirez,84.3,68,83,74,Debate,147962.0,Yes,5.5,Placed,75.0,safe,Good
Robert Rodriguez,79.4,55,58,71,Volunteer,46248.0,No,6.1,Not Placed,61.333333333333336,safe,Average
Kenneth Nguyen,100.0,70,84,85,NCC,52359.0,Yes,7.6,Placed,79.66666666666667,safe,Good
Paul Lewis,91.8,67,62,77,Volunteer,37539.0,No,5.8,Placed,68.66666666666667,safe,Average
Sandra Johnson,89.6,67,87,100,Sports,54350.0,No,7.9,Placed,84.66666666666667,safe,Good
Linda King,74.7,38,56,53,Volunteer,64702.0,No,3.7,Not Placed,49.0,Need Improvement,Poor
Jason Lewis,55.2,44,62,81,Volunteer,107500.0,No,7.6,Placed,62.333333333333336,safe,Average
Kimberly Jones,93.7,71,90,71,Debate,94456.0,Yes,4.8,Placed,77.33333333333333,safe,Good
Jacob Young,81.5,73,72,79,Volunteer,76818.0,Yes,6.7,Placed,74.66666666666667,safe,Good
Daniel Robinson,60.7,54,58,71,Volunteer,67375.0,Yes,4.5,Not Placed,61.0,safe,Average
Ashley Young,46.3,60,56,56,Music,61190.0,No,4.9,Not Placed,57.333333333333336,Need Improvement,Average
Susan Garcia,77.8,74,69,48,Volunteer,64702.0,Yes,4.5,Placed,63.666666666666664,safe,Average
Carol Young,86.0,44,59,87,Volunteer,84195.0,Yes,5.7,Not Placed,63.333333333333336,safe,Average
Angela Taylor,82.5,42,54,59,Sports,63263.0,Yes,3.1,Not Placed,51.666666666666664,Need Improvement,Average
Nancy White,80.0,47,50,57,Volunteer,59779.0,No,4.2,Not Placed,51.333333333333336,Need Improvement,Average
Kimberly Gonzalez,82.4,57,50,55,NCC,53385.0,Yes,2.2,Not Placed,54.0,Need Improvement,Average
Ryan Miller,78.9,54,59,77,NCC,65199.0,No,5.5,Not Placed,63.333333333333336,safe,Average
Sandra White,73.6,32,57,58,Sports,72285.0,Yes,2.5,Not Placed,49.0,Need Improvement,Poor
Laura Sanchez,84.7,57,75,89,Sports,59698.0,Yes,7.4,Placed,73.66666666666667,safe,Good
Sarah Jackson,71.9,55,70,60,Sports,37390.0,Yes,5.0,Placed,61.666666666666664,safe,Average
Carol Allen,86.1,27,37,49,NCC,8000.0,Yes,3.5,Not Placed,37.666666666666664,At risk,Poor
Ryan Nguyen,62.6,57,71,100,NCC,101899.0,Yes,7.2,Placed,76.0,safe,Good
Amy Lopez,98.9,80,71,66,Sports,64702.0,No,6.0,Placed,72.33333333333333,safe,Good
Thomas Garcia,82.6,67,87,84,Sports,94348.0,No,5.5,Placed,79.33333333333333,safe,Good
Angela White,78.8,56,57,54,Debate,56884.0,No,3.8,Not Placed,55.666666666666664,Need Improvement,Average
Steven Nguyen,83.9,64,68,66,Debate,85560.0,Yes,4.3,Placed,66.0,safe,Average
Amanda Martin,100.0,26,53,40,Sports,40279.0,Yes,2.7,Not Placed,39.666666666666664,At risk,Poor
Amy Thomas,100.0,46,67,48,NCC,64702.0,No,2.6,Placed,53.666666666666664,Need Improvement,Average
Angela Allen,70.6,66,61,78,Sports,67977.0,Yes,5.4,Placed,68.33333333333333,safe,Average
Amy Gonzalez,73.9,26,40,38,NCC,63581.0,Yes,1.4,Not Placed,34.666666666666664,At risk,Poor
Deborah Hill,78.3,62,80,51,Sports,102169.0,Yes,3.9,Placed,64.33333333333333,safe,Average
Jason Thompson,87.2,68,75,69,NCC,66043.0,No,6.6,Placed,70.66666666666667,safe,Good
Ronald Lee,93.3,64,0,74,Sports,89311.0,No,5.7,Placed,46.0,Need Improvement,Poor
Michelle Perez,91.0,60,78,87,Music,29409.0,Yes,6.2,Placed,75.0,safe,Good
Cynthia Moore,73.0,69,75,100,Music,8000.0,No,7.8,Placed,81.33333333333333,safe,Good
Laura Lee,77.6,80,74,100,NCC,45208.0,Yes,8.8,Placed,84.66666666666667,safe,Good
Nancy Perez,78.8,63,68,69,Volunteer,71075.0,No,5.2,Placed,66.66666666666667,safe,Average
Melissa Sanchez,68.4,57,70,77,Sports,83864.0,No,4.5,Placed,68.0,safe,Average
Brian Hernandez,52.6,65,58,77,Sports,106942.0,Yes,7.1,Not Placed,66.66666666666667,safe,Average
Gary Miller,100.0,95,99,100,Debate,52559.0,Yes,10.0,Placed,98.0,safe,Excellent
George Taylor,85.3,31,38,53,Music,71050.0,Yes,1.4,Not Placed,40.666666666666664,Need Improvement,Poor
Patricia Williams,88.3,64,86,92,Debate,47460.0,Yes,6.5,Placed,80.66666666666667,safe,Good
George Nguyen,71.5,74,66,67,Volunteer,38847.0,No,5.7,Placed,69.0,safe,Average
David Walker,71.7,91,89,100,Debate,54485.0,Yes,10.0,Placed,93.33333333333333,safe,Excellent
Joshua Perez,100.0,60,71,77,Volunteer,90048.0,No,4.9,Placed,69.33333333333333,safe,Average
Jessica Hernandez,92.5,69,78,69,Volunteer,78903.0,Yes,5.9,Placed,72.0,safe,Good
James Torres,100.0,60,43,59,Sports,44618.0,No,3.0,Not Placed,54.0,Need Improvement,Average
Richard Rodriguez,63.1,64,66,85,NCC,63988.0,Yes,6.4,Placed,71.66666666666667,safe,Good
Mark Thomas,93.8,56,0,70,NCC,64702.0,No,4.4,Placed,42.0,Need Improvement,Poor
Emma White,51.0,63,77,80,Debate,51420.0,Yes,6.3,Placed,73.33333333333333,safe,Good
Jennifer Young,75.7,69,80,82,Debate,81594.0,Yes,8.6,Placed,77.0,safe,Good
David Martinez,79.3,69,81,50,NCC,100676.0,Yes,5.7,Placed,66.66666666666667,safe,Average
Kenneth Walker,72.9,58,69,72,Music,43072.0,No,5.9,Placed,66.33333333333333,safe,Average
Amanda Martin,80.0,12,70,42,Volunteer,73436.0,No,2.5,Not Placed,41.333333333333336,Need Improvement,Poor
Charles White,99.2,61,64,62,Music,78609.0,No,5.7,Placed,62.333333333333336,safe,Average
Kimberly Wright,85.0,52,70,59,NCC,51092.0,Yes,4.6,Placed,60.333333333333336,safe,Average
Deborah Davis,80.0,37,59,89,Debate,18572.0,Yes,5.6,Not Placed,61.666666666666664,safe,Average
Stephanie Jones,89.5,76,85,93,Volunteer,103821.0,Yes,6.6,Placed,84.66666666666667,safe,Good
Edward Moore,89.2,63,73,69,Debate,43482.0,No,5.7,Placed,68.33333333333333,safe,Average
Cynthia Jones,72.8,51,65,72,Volunteer,87373.0,Yes,4.9,Placed,62.666666666666664,safe,Average
Daniel Martin,100.0,63,69,75,NCC,50943.0,Yes,5.3,Placed,69.0,safe,Average
Ryan Moore,78.8,64,75,85,Sports,30747.0,Yes,6.4,Placed,74.66666666666667,safe,Good
Nancy Taylor,72.2,62,60,74,Sports,93481.0,Yes,4.1,Placed,65.33333333333333,safe,Average
Joshua Miller,71.8,43,72,81,NCC,60980.0,No,5.0,Placed,65.33333333333333,safe,Average
Kenneth Williams,47.0,72,77,93,Sports,64702.0,Yes,6.9,Placed,80.66666666666667,safe,Good
Kenneth Rodriguez,71.8,39,62,84,NCC,83782.0,Yes,4.6,Placed,61.666666666666664,safe,Average
William Hill,80.0,38,38,58,Music,15085.0,No,3.6,Not Placed,44.666666666666664,Need Improvement,Poor
Jason Miller,91.0,65,82,96,Sports,67602.0,Yes,5.6,Placed,81.0,safe,Good
George Anderson,92.8,58,59,40,Sports,42346.0,No,3.5,Not Placed,52.333333333333336,Need Improvement,Average
Betty Ramirez,70.8,57,80,87,Music,24951.0,No,6.1,Not Placed,74.66666666666667,safe,Good
Andrew Ramirez,71.8,53,67,85,Sports,94478.0,Yes,5.5,Placed,68.33333333333333,safe,Average
Thomas Nguyen,77.1,27,32,34,Debate,74591.0,Yes,1.0,Not Placed,31.0,At risk,Poor
Carol Lopez,68.2,48,69,100,NCC,71664.0,Yes,6.6,Placed,72.33333333333333,safe,Good
Donald White,68.6,51,67,43,Music,75396.0,Yes,3.7,Placed,53.666666666666664,Need Improvement,Average
Linda Smith,82.3,52,62,92,NCC,40270.0,Yes,5.5,Placed,68.66666666666667,safe,Average
Rebecca Robinson,69.7,56,59,49,Volunteer,79278.0,Yes,4.4,Not Placed,54.666666666666664,Need Improvement,Average
Elizabeth Hernandez,92.6,75,70,75,Music,127319.0,Yes,5.7,Placed,73.33333333333333,safe,Good
Kenneth Allen,82.1,71,82,99,NCC,8000.0,Yes,6.8,Placed,84.0,safe,Good
Patricia Perez,90.5,56,69,60,NCC,64702.0,Yes,3.7,Placed,61.666666666666664,safe,Average
Donna Davis,90.2,52,56,51,Sports,100284.0,Yes,4.5,Not Placed,53.0,Need Improvement,Average
Angela Lopez,69.8,85,87,100,NCC,48655.0,Yes,8.9,Placed,90.66666666666667,safe,Excellent
Thomas Jackson,82.2,57,74,97,Debate,74356.0,Yes,6.5,Placed,76.0,safe,Good
Brian Thompson,82.3,62,77,55,Sports,55639.0,No,4.6,Placed,64.66666666666667,safe,Average
James Hernandez,80.0,43,50,47,Sports,64702.0,Yes,3.0,Not Placed,46.666666666666664,Need Improvement,Poor
Karen Garcia,76.9,66,0,80,Sports,63262.0,Yes,4.9,Placed,48.666666666666664,Need Improvement,Poor
Linda Young,60.0,33,60,76,Music,39441.0,Yes,4.8,Placed,56.333333333333336,Need Improvement,Average
David Sanchez,59.6,32,30,34,Debate,47819.0,Yes,2.9,Not Placed,32.0,At risk,Poor
Amy Nguyen,85.1,74,83,80,Sports,77257.0,Yes,6.3,Placed,79.0,safe,Good
Amanda Perez,67.3,59,65,87,Volunteer,95175.0,Yes,6.7,Placed,70.33333333333333,safe,Good
Matthew Torres,64.6,46,69,75,NCC,79389.0,Yes,5.8,Placed,63.333333333333336,safe,Average
Ronald Clark,80.0,75,79,83,Sports,55619.0,Yes,6.8,Placed,79.0,safe,Good
Rebecca Perez,65.9,56,63,76,Music,69766.0,Yes,6.0,Placed,65.0,safe,Average
Stephanie Robinson,55.6,40,69,95,Debate,62779.0,No,5.4,Placed,68.0,safe,Average
Edward Davis,74.2,56,90,94,Sports,64702.0,Yes,6.6,Placed,80.0,safe,Good
Ronald Hill,81.0,63,68,67,Volunteer,14884.0,Yes,4.2,Placed,66.0,safe,Average
Thomas Rodriguez,71.2,55,66,90,NCC,8554.0,Yes,7.2,Placed,70.33333333333333,safe,Good
Jacob Clark,83.8,72,89,87,Music,51540.0,Yes,5.6,Placed,82.66666666666667,safe,Good
Kenneth Flores,95.5,54,64,53,Volunteer,80288.0,Yes,3.8,Placed,57.0,Need Improvement,Average
Jessica Hill,94.2,65,64,71,Sports,83827.0,Yes,5.8,Placed,66.66666666666667,safe,Average
James Wilson,65.0,65,90,62,Volunteer,56476.0,Yes,5.9,Placed,72.33333333333333,safe,Good
David Johnson,77.7,38,39,48,Volunteer,76499.0,Yes,2.8,Not Placed,41.666666666666664,Need Improvement,Poor
Carol Garcia,85.1,72,68,77,Volunteer,46032.0,Yes,5.8,Placed,72.33333333333333,safe,Good
Elizabeth Moore,80.2,76,68,82,Debate,71899.0,Yes,7.5,Placed,75.33333333333333,safe,Good
Linda Hernandez,63.6,53,68,100,NCC,124144.0,No,8.0,Placed,73.66666666666667,safe,Good
Amanda Anderson,85.3,64,76,89,NCC,46126.0,Yes,7.9,Placed,76.33333333333333,safe,Good
Steven Thomas,86.5,71,80,81,NCC,64702.0,Yes,5.2,Placed,77.33333333333333,safe,Good
Anthony Lewis,84.7,46,65,50,Sports,53575.0,No,3.4,Placed,53.666666666666664,Need Improvement,Average
Joseph Lopez,86.0,85,84,85,NCC,82540.0,No,7.5,Placed,84.66666666666667,safe,Good
Ronald Robinson,97.6,81,91,100,Sports,8000.0,Yes,7.3,Placed,90.66666666666667,safe,Excellent
Amanda Robinson,84.4,45,49,44,NCC,65534.0,Yes,2.2,Not Placed,46.0,Need Improvement,Poor
Daniel Wilson,78.4,46,51,54,Debate,84523.0,Yes,3.7,Not Placed,50.333333333333336,Need Improvement,Average
Carol Perez,81.9,66,66,85,Debate,80824.0,No,6.7,Placed,72.33333333333333,safe,Good
Thomas Smith,79.4,62,74,70,Volunteer,92223.0,Yes,5.5,Placed,68.66666666666667,safe,Average
Gary Lopez,80.0,53,90,66,Debate,102321.0,No,4.5,Placed,69.66666666666667,safe,Average
Ashley Martin,80.0,84,66,84,NCC,76817.0,Yes,7.3,Placed,78.0,safe,Good
Linda Lee,80.7,61,64,81,Music,84094.0,No,6.2,Placed,68.66666666666667,safe,Average
Gary Jackson,78.2,40,61,54,Sports,83221.0,No,4.8,Placed,51.666666666666664,Need Improvement,Average
Mark Young,90.2,54,94,87,Volunteer,54700.0,Yes,5.3,Placed,78.33333333333333,safe,Good
Joseph Martin,87.0,52,68,88,Music,136914.0,No,5.5,Placed,69.33333333333333,safe,Average
Jason Harris,79.1,84,81,90,Debate,33833.0,Yes,7.6,Placed,85.0,safe,Excellent
Lisa Scott,89.1,58,63,76,Debate,43256.0,No,6.3,Placed,65.66666666666667,safe,Average
Jason Sanchez,80.8,41,48,57,Sports,76271.0,No,3.7,Not Placed,48.666666666666664,Need Improvement,Poor
Gary Jones,100.0,71,79,66,NCC,113165.0,Yes,4.6,Placed,72.0,safe,Good
Charles Martin,100.0,31,40,46,NCC,62920.0,Yes,1.0,Not Placed,39.0,At risk,Poor
Kevin Walker,87.5,62,63,100,Debate,64896.0,Yes,10.0,Placed,75.0,safe,Good
Ryan Davis,87.2,63,70,76,Sports,89119.0,No,5.9,Placed,69.66666666666667,safe,Average
Kenneth Anderson,77.9,50,68,69,Sports,106633.0,No,3.9,Placed,62.333333333333336,safe,Average
Michael Clark,69.5,53,64,52,Volunteer,57651.0,No,3.0,Placed,56.333333333333336,Need Improvement,Average
Andrew Hernandez,86.6,59,66,55,Music,98057.0,Yes,3.1,Placed,60.0,safe,Average
Jacob Johnson,75.5,62,61,54,Sports,64702.0,Yes,5.0,Placed,59.0,Need Improvement,Average
Stephanie Torres,71.3,68,63,80,Sports,79252.0,Yes,4.7,Placed,70.33333333333333,safe,Good
Deborah Thomas,57.9,53,73,93,Music,51105.0,Yes,6.2,Placed,73.0,safe,Good
Donna Johnson,73.2,63,69,77,Music,48857.0,Yes,5.8,Placed,69.66666666666667,safe,Average
Lisa Anderson,90.8,46,56,54,Sports,64702.0,No,4.8,Not Placed,52.0,Need Improvement,Average
Jessica Jackson,68.5,54,64,77,Volunteer,45763.0,No,5.7,Placed,65.0,safe,Average
David Walker,78.1,21,39,41,Debate,61969.0,No,2.2,Not Placed,33.666666666666664,At risk,Poor
Kimberly Scott,91.4,51,47,58,Debate,107964.0,No,5.4,Not Placed,52.0,Need Improvement,Average
James Clark,58.8,81,73,94,Debate,84374.0,Yes,7.8,Placed,82.66666666666667,safe,Good
Kimberly Jackson,78.5,56,83,82,Music,15234.0,No,5.3,Placed,73.66666666666667,safe,Good
Mary Lewis,81.6,11,39,47,NCC,49628.0,Yes,1.0,Not Placed,32.333333333333336,At risk,Poor
Joseph Hernandez,76.2,42,59,73,NCC,50976.0,Yes,4.7,Not Placed,58.0,Need Improvement,Average
Mary Rodriguez,91.4,93,86,100,Volunteer,64702.0,Yes,8.9,Placed,93.0,safe,Excellent
Cynthia Wilson,57.6,63,66,84,Volunteer,94630.0,Yes,6.2,Placed,71.0,safe,Good
Daniel Brown,40.8,56,50,98,Music,78921.0,Yes,6.3,Not Placed,68.0,safe,Average
Anthony Jones,64.4,61,61,63,NCC,76112.0,No,5.2,Placed,61.666666666666664,safe,Average
Ryan Jones,79.5,42,68,53,Debate,99949.0,No,3.4,Placed,54.333333333333336,Need Improvement,Average
Steven Martinez,96.9,69,76,76,Sports,41248.0,Yes,4.9,Placed,73.66666666666667,safe,Good
Jason Rodriguez,80.0,60,70,65,Volunteer,45781.0,Yes,4.1,Placed,65.0,safe,Average
Nancy Scott,77.3,34,45,77,NCC,54329.0,No,5.0,Not Placed,52.0,Need Improvement,Average
Charles Martinez,80.0,46,59,69,Sports,78894.0,Yes,4.5,Not Placed,58.0,Need Improvement,Average
Donald Young,81.5,100,96,100,Sports,87483.0,No,8.5,Placed,98.66666666666667,safe,Excellent
Steven White,71.7,80,73,100,Volunteer,36564.0,Yes,10.0,Placed,84.33333333333333,safe,Good
Amanda Lee,94.5,50,80,50,Music,62023.0,Yes,3.3,Placed,60.0,safe,Average
Daniel Miller,76.3,62,59,81,Sports,69542.0,No,6.5,Not Placed,67.33333333333333,safe,Average
Jacob Garcia,62.7,40,39,50,Sports,69342.0,No,3.1,Not Placed,43.0,Need Improvement,Poor
Amy Harris,86.5,47,59,88,NCC,48108.0,Yes,6.4,Not Placed,64.66666666666667,safe,Average
Sarah Torres,75.6,41,55,76,Debate,24733.0,No,5.4,Not Placed,57.333333333333336,Need Improvement,Average
Mark Flores,78.5,65,77,76,Debate,77140.0,Yes,7.8,Placed,72.66666666666667,safe,Good
Cynthia Robinson,87.3,55,61,43,Sports,46906.0,Yes,3.1,Placed,53.0,Need Improvement,Average
George Torres,90.7,54,82,71,Debate,48409.0,No,5.9,Placed,69.0,safe,Average
Ronald Flores,85.8,53,75,72,Volunteer,88166.0,Yes,5.6,Placed,66.66666666666667,safe,Average
Richard Miller,87.0,85,100,100,Sports,46849.0,Yes,7.2,Placed,95.0,safe,Excellent
James Brown,63.5,60,80,78,Debate,79088.0,Yes,5.7,Not Placed,72.66666666666667,safe,Good
Jason Johnson,85.6,52,62,60,Sports,79050.0,No,3.6,Placed,58.0,Need Improvement,Average
Steven Hill,69.9,42,55,61,NCC,40487.0,No,5.9,Not Placed,52.666666666666664,Need Improvement,Average
Betty White,93.5,73,76,82,Debate,91834.0,Yes,6.5,Placed,77.0,safe,Good
Gary Brown,95.4,48,54,54,Debate,103276.0,Yes,3.4,Not Placed,52.0,Need Improvement,Average
Laura Allen,75.3,56,76,67,Sports,97671.0,No,5.0,Placed,66.33333333333333,safe,Average
Melissa Ramirez,95.7,62,67,79,Volunteer,104180.0,Yes,5.5,Placed,69.33333333333333,safe,Average
Kimberly King,82.8,80,79,69,Sports,114501.0,Yes,4.6,Placed,76.0,safe,Good
Elizabeth Gonzalez,66.2,59,90,78,NCC,94464.0,Yes,4.3,Placed,75.66666666666667,safe,Good
Brian Sanchez,89.3,46,39,52,Music,50574.0,Yes,1.2,Not Placed,45.666666666666664,Need Improvement,Poor
Anthony Garcia,66.9,56,47,83,NCC,109135.0,No,7.2,Not Placed,62.0,safe,Average
Amanda Ramirez,84.2,47,63,81,NCC,61281.0,No,5.0,Placed,63.666666666666664,safe,Average
Cynthia Anderson,80.0,62,82,100,Music,104181.0,Yes,7.2,Placed,81.33333333333333,safe,Good
Robert Taylor,84.6,66,82,86,NCC,93645.0,Yes,6.3,Placed,78.0,safe,Good
Mark Young,96.8,100,83,88,Music,86758.0,Yes,8.0,Placed,90.33333333333333,safe,Excellent
Richard Jackson,81.6,32,42,59,Music,38633.0,No,3.6,Not Placed,44.333333333333336,Need Improvement,Poor
Sandra Hernandez,86.1,55,54,71,Sports,78739.0,Yes,4.4,Not Placed,60.0,safe,Average
Edward Thompson,89.9,38,59,62,Volunteer,77413.0,No,4.5,Not Placed,53.0,Need Improvement,Average
Robert Flores,96.8,69,76,67,Sports,8000.0,No,6.5,Placed,70.66666666666667,safe,Good
Mary Brown,85.2,71,75,77,Music,73966.0,Yes,6.2,Placed,74.33333333333333,safe,Good
Paul Davis,91.4,53,90,43,NCC,50463.0,Yes,3.6,Not Placed,62.0,safe,Average
Edward Wright,100.0,55,63,82,Sports,114804.0,No,5.8,Placed,66.66666666666667,safe,Average
Nancy Gonzalez,74.7,72,90,63,NCC,66040.0,Yes,6.6,Placed,75.0,safe,Good
Daniel Allen,79.0,60,83,63,Sports,81329.0,Yes,5.3,Placed,68.66666666666667,safe,Average
Emma Lee,64.2,71,67,84,Music,64938.0,Yes,7.1,Placed,74.0,safe,Good
Angela Martinez,80.0,60,71,90,Debate,70757.0,Yes,8.0,Placed,73.66666666666667,safe,Good
Donald Smith,80.6,71,75,61,Sports,39269.0,Yes,6.1,Placed,69.0,safe,Average
Elizabeth Jones,69.2,58,70,72,Debate,67299.0,No,5.4,Placed,66.66666666666667,safe,Average
Jason Sanchez,100.0,41,34,28,Sports,120156.0,Yes,2.4,Not Placed,34.333333333333336,At risk,Poor
Michelle Flores,71.0,55,58,46,Volunteer,23092.0,Yes,3.0,Not Placed,53.0,Need Improvement,Average
Amy Flores,68.2,55,64,55,Sports,20602.0,No,3.8,Placed,58.0,Need Improvement,Average
Steven Johnson,82.7,69,80,90,Debate,69636.0,Yes,7.0,Placed,79.66666666666667,safe,Good
Donna Lee,100.0,94,100,100,Volunteer,43578.0,Yes,7.6,Placed,98.0,safe,Excellent
Richard Thompson,73.2,37,52,74,Sports,68437.0,No,4.8,Not Placed,54.333333333333336,Need Improvement,Average
George Hernandez,99.2,42,47,53,Sports,108241.0,No,3.7,Not Placed,47.333333333333336,Need Improvement,Poor
Nicholas King,89.2,48,62,79,Sports,66596.0,Yes,4.7,Placed,63.0,safe,Average
Nicholas Thompson,78.9,76,82,100,Debate,82973.0,Yes,7.4,Placed,86.0,safe,Excellent
Thomas Moore,87.5,78,76,71,Debate,63238.0,Yes,5.2,Placed,75.0,safe,Good
Kenneth Clark,55.5,62,69,100,Debate,54394.0,Yes,7.4,Placed,77.0,safe,Good
Laura Allen,80.0,63,59,88,Sports,51830.0,Yes,5.8,Not Placed,70.0,safe,Good
Elizabeth Williams,85.1,47,60,63,Sports,41331.0,Yes,3.5,Placed,56.666666666666664,Need Improvement,Average
Daniel Jones,75.3,79,89,100,Volunteer,50138.0,No,8.9,Placed,89.33333333333333,safe,Excellent
David White,74.5,64,65,84,Volunteer,98115.0,Yes,8.3,Placed,71.0,safe,Good
Anthony King,74.4,50,0,45,Music,56063.0,Yes,4.8,Placed,31.666666666666668,At risk,Poor
Steven Thompson,75.3,69,85,78,Sports,52797.0,Yes,4.8,Placed,77.33333333333333,safe,Good
Cynthia Taylor,93.5,70,68,76,Sports,23345.0,Yes,6.5,Placed,71.33333333333333,safe,Good
Laura Taylor,80.0,52,66,69,Volunteer,59789.0,No,5.9,Placed,62.333333333333336,safe,Average
Charles Thompson,64.8,54,72,91,Debate,42978.0,Yes,6.3,Placed,72.33333333333333,safe,Good
Jennifer Flores,87.6,46,48,40,Debate,35479.0,No,2.1,Not Placed,44.666666666666664,Need Improvement,Poor
Cynthia Brown,77.7,38,49,59,Debate,76847.0,No,3.5,Not Placed,48.666666666666664,Need Improvement,Poor
Angela Williams,52.6,76,76,93,Volunteer,15791.0,No,6.7,Placed,81.66666666666667,safe,Good
Jacob Johnson,56.2,68,69,83,Sports,64702.0,Yes,6.3,Placed,73.33333333333333,safe,Good
Jacob Ramirez,100.0,63,83,73,NCC,49926.0,Yes,4.5,Placed,73.0,safe,Good
Anthony Miller,84.2,60,58,69,Sports,63671.0,Yes,4.2,Not Placed,62.333333333333336,safe,Average
Sarah Robinson,87.0,49,70,58,Music,76108.0,Yes,3.8,Not Placed,59.0,Need Improvement,Average
Kimberly Allen,100.0,71,67,80,Debate,81882.0,Yes,6.4,Placed,72.66666666666667,safe,Good
Donna Wilson,72.9,52,71,85,Sports,57126.0,No,4.4,Placed,69.33333333333333,safe,Average
Charles Walker,90.6,57,78,71,Volunteer,38342.0,Yes,5.1,Placed,68.66666666666667,safe,Average
Jennifer Sanchez,72.3,86,76,100,NCC,13850.0,Yes,9.5,Placed,87.33333333333333,safe,Excellent
Gary Lee,90.6,71,77,72,Debate,93242.0,Yes,5.4,Placed,73.33333333333333,safe,Good
William Ramirez,77.6,68,68,54,Volunteer,54316.0,Yes,3.7,Placed,63.333333333333336,safe,Average
Susan Garcia,100.0,60,84,75,Music,81632.0,Yes,4.6,Placed,73.0,safe,Good
Joseph White,100.0,78,77,58,Volunteer,38743.0,Yes,4.3,Placed,71.0,safe,Good
Stephanie Nguyen,78.4,68,83,88,Music,26841.0,Yes,7.5,Placed,79.66666666666667,safe,Good
Sharon Ramirez,72.4,55,78,86,Music,99026.0,Yes,7.0,Placed,73.0,safe,Good
Robert Ramirez,87.9,89,90,100,Sports,36361.0,Yes,9.2,Placed,93.0,safe,Excellent
Elizabeth Torres,96.3,60,0,55,Sports,59133.0,Yes,2.8,Placed,38.333333333333336,At risk,Poor
Deborah Lewis,89.7,96,94,100,Music,46813.0,No,8.8,Placed,96.66666666666667,safe,Excellent
Linda Young,71.2,52,71,81,NCC,70436.0,Yes,5.7,Placed,68.0,safe,Average
Steven Lewis,63.8,41,41,51,Volunteer,66041.0,Yes,2.5,Not Placed,44.333333333333336,Need Improvement,Poor
Ronald Sanchez,73.6,72,85,88,NCC,82316.0,Yes,6.8,Placed,81.66666666666667,safe,Good
Elizabeth Young,90.3,72,82,100,Sports,64518.0,Yes,9.8,Placed,84.66666666666667,safe,Good
Rebecca Wilson,62.6,61,65,66,Sports,8000.0,Yes,4.1,Placed,64.0,safe,Average
Deborah Davis,89.5,46,90,71,NCC,69453.0,Yes,3.2,Placed,69.0,safe,Average
Melissa Allen,73.6,80,91,100,Sports,105415.0,Yes,9.6,Placed,90.33333333333333,safe,Excellent
George Flores,81.3,54,74,86,Music,84455.0,Yes,8.2,Placed,71.33333333333333,safe,Good
Joshua Hill,63.9,47,68,100,Music,92941.0,No,6.4,Placed,71.66666666666667,safe,Good
Amanda Smith,80.8,52,83,52,Sports,85986.0,Yes,2.9,Placed,62.333333333333336,safe,Average
Susan Sanchez,96.1,69,58,40,NCC,11841.0,Yes,1.0,Not Placed,55.666666666666664,Need Improvement,Average
Melissa Walker,72.2,44,56,37,Music,86962.0,Yes,2.6,Not Placed,45.666666666666664,Need Improvement,Poor
Mark Taylor,69.8,73,68,100,Music,20504.0,Yes,8.6,Placed,80.33333333333333,safe,Good
David Jackson,79.6,69,0,49,NCC,98382.0,Yes,2.3,Not Placed,39.333333333333336,At risk,Poor
Laura Torres,72.3,43,52,63,Music,34977.0,Yes,3.7,Not Placed,52.666666666666664,Need Improvement,Average
Jacob Martin,73.7,100,100,100,Sports,85109.0,Yes,10.0,Placed,100.0,safe,Excellent
Mark Thomas,90.8,57,69,76,Sports,88705.0,Yes,5.3,Placed,67.33333333333333,safe,Average
James Walker,85.0,57,73,83,Sports,78115.0,No,6.1,Placed,71.0,safe,Good
John Allen,93.2,62,70,61,Sports,71751.0,Yes,4.5,Placed,64.33333333333333,safe,Average
Thomas Martinez,88.2,54,65,61,Volunteer,83144.0,Yes,2.6,Placed,60.0,safe,Average
David White,70.5,66,85,100,Sports,64706.0,No,7.3,Placed,83.66666666666667,safe,Good
Richard Young,100.0,62,89,86,Sports,72630.0,Yes,6.6,Placed,79.0,safe,Good
Linda Thomas,73.2,81,86,100,NCC,24173.0,No,9.3,Placed,89.0,safe,Excellent
Gary Jones,82.5,63,59,58,NCC,56621.0,Yes,5.2,Not Placed,60.0,safe,Average
John Perez,94.4,78,99,100,Volunteer,31924.0,Yes,7.7,Placed,92.33333333333333,safe,Excellent
Angela Robinson,90.0,54,90,63,Sports,82236.0,Yes,5.3,Placed,69.0,safe,Average
Jessica Rodriguez,72.9,57,69,77,Music,72497.0,Yes,5.9,Placed,67.66666666666667,safe,Average
Laura Lopez,80.0,73,78,68,Volunteer,41383.0,Yes,5.8,Placed,73.0,safe,Good
Lisa Perez,67.2,67,67,77,Music,63490.0,No,4.9,Placed,70.33333333333333,safe,Good
Donna Taylor,75.7,13,39,62,Sports,68324.0,No,2.2,Not Placed,38.0,At risk,Poor
Karen Clark,80.0,37,60,58,Sports,38529.0,No,3.5,Placed,51.666666666666664,Need Improvement,Average
Richard Hernandez,62.8,62,78,90,Music,49164.0,No,6.3,Placed,76.66666666666667,safe,Good
Thomas Thomas,60.8,81,66,87,Debate,92157.0,No,7.7,Placed,78.0,safe,Good
Emma Hill,68.2,69,90,100,Debate,54645.0,Yes,8.6,Placed,86.33333333333333,safe,Excellent
Ryan Lee,87.4,65,68,87,Sports,57749.0,No,5.9,Placed,73.33333333333333,safe,Good
Emily Perez,80.0,43,46,50,Sports,73226.0,No,3.3,Not Placed,46.333333333333336,Need Improvement,Poor
Richard Johnson,74.5,40,40,35,NCC,30255.0,No,3.8,Not Placed,38.333333333333336,At risk,Poor
Anthony Johnson,86.9,52,49,55,Volunteer,153079.0,Yes,3.2,Not Placed,52.0,Need Improvement,Average
Mark Moore,79.0,52,42,66,Debate,32801.0,Yes,5.2,Not Placed,53.333333333333336,Need Improvement,Average
John Allen,91.1,58,65,94,Sports,54875.0,Yes,7.3,Placed,72.33333333333333,safe,Good
Thomas Anderson,66.9,67,69,92,Debate,47113.0,Yes,9.4,Placed,76.0,safe,Good
John Clark,99.8,38,67,52,NCC,71431.0,Yes,2.7,Placed,52.333333333333336,Need Improvement,Average
Lisa Lee,66.7,63,90,97,Sports,42877.0,Yes,7.1,Placed,83.33333333333333,safe,Good
Donna Gonzalez,50.2,57,50,100,Debate,76306.0,Yes,8.8,Not Placed,69.0,safe,Average
Mark Williams,76.2,67,58,34,Sports,27045.0,Yes,2.1,Not Placed,53.0,Need Improvement,Average
Linda Ramirez,95.1,83,87,100,NCC,59208.0,Yes,9.4,Placed,90.0,safe,Excellent
Carol Jackson,64.0,84,86,100,NCC,92187.0,Yes,8.2,Placed,90.0,safe,Excellent
Thomas Miller,86.9,64,54,50,Music,66772.0,Yes,4.7,Not Placed,56.0,Need Improvement,Average
Sharon White,80.1,66,74,100,NCC,38213.0,Yes,10.0,Placed,80.0,safe,Good
Donald Allen,57.4,75,64,79,NCC,64688.0,Yes,7.4,Placed,72.66666666666667,safe,Good
Sharon Thompson,97.7,57,66,62,Music,59107.0,Yes,3.4,Placed,61.666666666666664,safe,Average
Laura Hernandez,70.3,47,53,55,NCC,40518.0,No,3.6,Not Placed,51.666666666666664,Need Improvement,Average
Jessica Harris,76.0,46,56,79,Sports,76841.0,Yes,6.0,Not Placed,60.333333333333336,safe,Average
Angela Harris,80.0,77,67,91,Debate,92877.0,Yes,6.3,Placed,78.33333333333333,safe,Good
Cynthia Williams,73.3,74,71,87,Sports,84417.0,Yes,8.1,Placed,77.33333333333333,safe,Good
Paul Flores,74.4,81,96,85,Volunteer,22891.0,Yes,6.3,Placed,87.33333333333333,safe,Excellent
Karen Thompson,71.4,37,51,45,Volunteer,20823.0,Yes,2.9,Not Placed,44.333333333333336,Need Improvement,Poor
Rebecca Williams,82.3,96,86,100,Music,70100.0,Yes,9.6,Placed,94.0,safe,Excellent
Emily Johnson,74.7,57,52,51,Sports,28013.0,Yes,4.9,Not Placed,53.333333333333336,Need Improvement,Average
Ashley Smith,59.8,32,53,79,Music,120416.0,No,4.9,Not Placed,54.666666666666664,Need Improvement,Average
Ronald Nguyen,86.6,65,72,71,NCC,32975.0,Yes,6.5,Placed,69.33333333333333,safe,Average
Ryan Jones,73.2,51,63,69,Sports,57336.0,Yes,5.6,Placed,61.0,safe,Average
Charles Moore,80.0,55,66,81,NCC,22702.0,No,6.3,Placed,67.33333333333333,safe,Average
Andrew Lewis,92.0,45,73,84,Music,66205.0,Yes,5.8,Placed,67.33333333333333,safe,Average
Thomas Rodriguez,95.9,90,100,100,NCC,54090.0,Yes,10.0,Placed,96.66666666666667,safe,Excellent
Amanda Lopez,75.7,70,0,73,Debate,64478.0,Yes,6.9,Placed,47.666666666666664,Need Improvement,Poor
Linda Brown,63.6,44,33,42,Sports,114132.0,Yes,2.3,Not Placed,39.666666666666664,At risk,Poor
Ronald Miller,88.1,66,69,62,Debate,64702.0,Yes,5.4,Placed,65.66666666666667,safe,Average
James Brown,97.7,46,70,59,Sports,64621.0,Yes,4.2,Not Placed,58.333333333333336,Need Improvement,Average
William Walker,88.9,55,63,73,Volunteer,63354.0,Yes,4.7,Placed,63.666666666666664,safe,Average
Michelle Walker,94.0,54,68,72,Music,102954.0,Yes,4.4,Placed,64.66666666666667,safe,Average
Jessica Thompson,78.9,28,52,48,NCC,55242.0,Yes,1.0,Not Placed,42.666666666666664,Need Improvement,Poor
Kenneth Martin,71.5,41,54,48,Music,18176.0,Yes,3.0,Not Placed,47.666666666666664,Need Improvement,Poor
Lisa Rodriguez,80.0,77,76,93,Sports,58699.0,Yes,6.8,Placed,82.0,safe,Good
Matthew Williams,76.6,67,89,94,Music,67113.0,No,6.8,Placed,83.33333333333333,safe,Good
Paul Jones,82.2,26,39,35,Sports,77849.0,Yes,2.7,Not Placed,33.333333333333336,At risk,Poor
Kimberly Thompson,77.1,73,87,85,NCC,74956.0,Yes,7.2,Placed,81.66666666666667,safe,Good
Nicholas Martin,72.1,56,71,57,NCC,61688.0,No,5.3,Placed,61.333333333333336,safe,Average
Steven Lopez,70.9,56,55,85,Debate,8374.0,Yes,6.1,Not Placed,65.33333333333333,safe,Average
Andrew Gonzalez,74.6,54,64,76,Volunteer,62626.0,Yes,5.8,Placed,64.66666666666667,safe,Average
Charles Lewis,78.7,57,55,62,Debate,34080.0,Yes,5.1,Not Placed,58.0,Need Improvement,Average
Michelle Lopez,92.9,81,83,100,Music,55011.0,No,7.4,Placed,88.0,safe,Excellent
Jacob Clark,86.9,46,70,77,Volunteer,27163.0,Yes,4.3,Placed,64.33333333333333,safe,Average
Richard Garcia,65.8,49,52,68,Debate,90391.0,Yes,6.5,Not Placed,56.333333333333336,Need Improvement,Average
Amy Moore,91.0,64,91,72,Debate,118377.0,No,5.4,Placed,75.66666666666667,safe,Good
Emma Jones,77.3,44,56,45,Debate,83793.0,Yes,2.7,Not Placed,48.333333333333336,Need Improvement,Poor
William Walker,84.3,78,76,100,Debate,44186.0,Yes,10.0,Placed,84.66666666666667,safe,Good
Amanda Martin,63.4,56,63,59,NCC,83831.0,No,4.1,Placed,59.333333333333336,Need Improvement,Average
Stephanie Allen,80.0,71,92,94,Sports,33771.0,Yes,7.9,Placed,85.66666666666667,safe,Excellent
Andrew Nguyen,82.4,80,73,85,Sports,34949.0,Yes,6.9,Placed,79.33333333333333,safe,Good
Richard Anderson,78.9,37,40,51,Music,55197.0,No,1.8,Not Placed,42.666666666666664,Need Improvement,Poor
Laura Lee,77.2,73,72,87,Debate,89112.0,No,7.2,Placed,77.33333333333333,safe,Good
Ashley Nguyen,68.5,41,57,68,Volunteer,51322.0,No,5.1,Not Placed,55.333333333333336,Need Improvement,Average
Richard Rodriguez,66.6,52,47,60,Sports,98258.0,Yes,5.4,Not Placed,53.0,Need Improvement,Average
Michelle Davis,71.7,55,69,72,Debate,94368.0,No,5.4,Placed,65.33333333333333,safe,Average
Jessica Wilson,78.5,67,90,55,NCC,31832.0,Yes,3.9,Not Placed,70.66666666666667,safe,Good
William Wilson,100.0,72,79,76,Volunteer,73036.0,Yes,5.2,Placed,75.66666666666667,safe,Good
Melissa Nguyen,79.5,52,70,77,Sports,56437.0,Yes,6.2,Placed,66.33333333333333,safe,Average
Jacob Wilson,73.5,72,72,100,NCC,106369.0,No,8.3,Placed,81.33333333333333,safe,Good
Andrew Rodriguez,64.0,52,58,63,NCC,65732.0,Yes,5.9,Not Placed,57.666666666666664,Need Improvement,Average
Lisa Flores,79.6,50,56,46,Sports,33228.0,Yes,3.1,Not Placed,50.666666666666664,Need Improvement,Average
Rebecca Taylor,100.0,58,0,66,Sports,81051.0,Yes,4.7,Placed,41.333333333333336,Need Improvement,Poor
Steven Moore,79.6,57,80,66,NCC,54210.0,Yes,5.9,Placed,67.66666666666667,safe,Average
Sarah Harris,94.6,62,69,60,Music,41749.0,Yes,3.4,Placed,63.666666666666664,safe,Average
Melissa Walker,92.0,63,76,90,NCC,46463.0,Yes,5.9,Placed,76.33333333333333,safe,Good
Amy Sanchez,80.0,80,87,87,Sports,95525.0,No,7.9,Placed,84.66666666666667,safe,Good
Brian White,52.1,57,80,56,Volunteer,107222.0,Yes,4.6,Not Placed,64.33333333333333,safe,Average
Jennifer Wright,64.8,53,42,56,NCC,69403.0,Yes,3.4,Not Placed,50.333333333333336,Need Improvement,Average
Karen Martin,71.2,56,64,73,Music,47533.0,No,4.0,Placed,64.33333333333333,safe,Average
Kevin Harris,80.0,65,70,82,Sports,13899.0,Yes,7.7,Placed,72.33333333333333,safe,Good
Kevin Brown,96.2,73,87,82,Volunteer,100051.0,Yes,7.1,Placed,80.66666666666667,safe,Good
Cynthia Martin,84.6,50,67,75,Debate,8000.0,No,5.3,Placed,64.0,safe,Average
Deborah Taylor,75.4,67,66,75,Music,48898.0,Yes,4.2,Placed,69.33333333333333,safe,Average
Joseph Miller,85.9,64,57,37,Music,143605.0,Yes,2.9,Not Placed,52.666666666666664,Need Improvement,Average
James Garcia,78.2,79,97,95,Music,132839.0,Yes,7.0,Placed,90.33333333333333,safe,Excellent
Amy Torres,76.5,78,70,100,Volunteer,64702.0,Yes,9.1,Placed,82.66666666666667,safe,Good
David Moore,79.9,60,72,98,Sports,73288.0,No,7.4,Placed,76.66666666666667,safe,Good
Edward White,81.7,60,66,93,Volunteer,32832.0,Yes,5.4,Placed,73.0,safe,Good
Andrew Wilson,68.9,92,75,76,Sports,101609.0,Yes,6.7,Placed,81.0,safe,Good
Michael Johnson,73.5,60,71,94,Volunteer,110891.0,Yes,5.8,Placed,75.0,safe,Good
Michael Lopez,86.6,39,52,60,Volunteer,111070.0,Yes,2.6,Not Placed,50.333333333333336,Need Improvement,Average
Sandra Thompson,76.9,79,86,90,Sports,17386.0,Yes,8.3,Placed,85.0,safe,Excellent
Ashley Hernandez,54.2,49,83,100,Volunteer,64702.0,Yes,5.4,Placed,77.33333333333333,safe,Good
Richard Harris,69.3,85,86,99,Sports,71313.0,Yes,8.4,Placed,90.0,safe,Excellent
Melissa Ramirez,80.0,61,87,94,Music,71517.0,Yes,6.1,Placed,80.66666666666667,safe,Good
Ryan Lopez,88.7,59,62,61,Music,114670.0,Yes,4.2,Placed,60.666666666666664,safe,Average
Karen White,80.0,49,54,56,Sports,51596.0,No,4.4,Not Placed,53.0,Need Improvement,Average
Susan Harris,75.7,68,67,100,Music,78155.0,No,7.1,Placed,78.33333333333333,safe,Good
Jason Smith,100.0,76,91,100,NCC,68854.0,Yes,8.7,Placed,89.0,safe,Excellent
Daniel Moore,68.7,44,62,62,NCC,66930.0,Yes,3.9,Placed,56.0,Need Improvement,Average
Amy Martinez,58.0,63,59,59,Sports,16106.0,Yes,3.1,Not Placed,60.333333333333336,safe,Average
Paul Brown,91.4,58,54,45,Sports,35164.0,Yes,3.7,Not Placed,52.333333333333336,Need Improvement,Average
Robert King,99.5,77,95,81,Sports,73688.0,Yes,5.7,Placed,84.33333333333333,safe,Good
Elizabeth Moore,76.5,50,48,74,Music,43888.0,Yes,4.3,Not Placed,57.333333333333336,Need Improvement,Average
Nicholas Wilson,60.3,44,62,73,Sports,99657.0,Yes,3.7,Placed,59.666666666666664,Need Improvement,Average
Amanda Sanchez,66.4,46,67,74,NCC,43060.0,Yes,5.4,Placed,62.333333333333336,safe,Average
Charles Wilson,71.5,35,39,56,Music,23740.0,Yes,3.4,Not Placed,43.333333333333336,Need Improvement,Poor
Jacob Gonzalez,97.9,73,69,64,Sports,53767.0,Yes,5.2,Placed,68.66666666666667,safe,Average
Mary Hernandez,90.1,71,75,97,Sports,97297.0,Yes,6.9,Placed,81.0,safe,Good
Ashley Jones,64.3,58,78,81,Debate,105558.0,No,5.5,Placed,72.33333333333333,safe,Good
Ashley Clark,85.3,45,58,71,Sports,8000.0,Yes,3.2,Not Placed,58.0,Need Improvement,Average
Deborah Rodriguez,90.7,55,62,63,Sports,63711.0,Yes,5.1,Placed,60.0,safe,Average
Emma King,68.4,50,0,84,Sports,57458.0,Yes,6.0,Placed,44.666666666666664,Need Improvement,Poor
Brian Walker,89.0,56,80,90,Volunteer,59736.0,Yes,6.0,Placed,75.33333333333333,safe,Good
Charles Sanchez,73.6,82,90,100,Debate,79825.0,Yes,6.9,Placed,90.66666666666667,safe,Excellent
Melissa Moore,88.4,85,97,100,NCC,35318.0,Yes,8.5,Placed,94.0,safe,Excellent
Laura Lopez,92.3,78,86,84,Debate,54099.0,Yes,6.8,Placed,82.66666666666667,safe,Good
Jessica Clark,80.3,56,0,75,Sports,101474.0,Yes,6.3,Not Placed,43.666666666666664,Need Improvement,Poor
Matthew Wilson,80.3,59,59,41,Music,85394.0,Yes,2.6,Not Placed,53.0,Need Improvement,Average
David King,82.1,97,87,81,Music,64357.0,No,8.8,Placed,88.33333333333333,safe,Excellent
William Harris,71.4,49,63,82,Music,23465.0,No,5.7,Placed,64.66666666666667,safe,Average
Jessica Young,80.0,62,71,77,Sports,88435.0,Yes,4.8,Placed,70.0,safe,Good
Nicholas Scott,63.4,37,24,50,Music,96147.0,Yes,2.4,Not Placed,37.0,At risk,Poor
Sandra Thompson,85.5,70,91,93,Sports,70695.0,Yes,7.8,Placed,84.66666666666667,safe,Good
Edward Ramirez,83.3,68,76,83,Debate,49638.0,Yes,4.7,Placed,75.66666666666667,safe,Good
Steven Young,73.7,57,61,72,Volunteer,61907.0,Yes,4.2,Placed,63.333333333333336,safe,Average
Emma Hernandez,76.4,42,62,60,Music,73970.0,Yes,4.4,Placed,54.666666666666664,Need Improvement,Average
Patricia Martin,82.7,64,83,97,Music,50029.0,No,8.1,Placed,81.33333333333333,safe,Good
Paul Walker,70.2,65,63,59,Debate,73792.0,Yes,3.7,Placed,62.333333333333336,safe,Average
Nicholas Walker,77.4,72,94,98,Debate,31156.0,Yes,6.3,Placed,88.0,safe,Excellent
George Robinson,80.0,60,62,81,Music,63714.0,Yes,5.5,Placed,67.66666666666667,safe,Average
Carol Nguyen,65.8,87,82,81,Sports,34156.0,Yes,7.6,Placed,83.33333333333333,safe,Good
Edward Thompson,82.6,78,70,79,Sports,24011.0,No,6.0,Placed,75.66666666666667,safe,Good
Daniel Martin,74.3,70,79,81,Music,56091.0,Yes,5.5,Placed,76.66666666666667,safe,Good
Daniel Jones,68.2,40,42,37,Sports,117794.0,Yes,2.7,Not Placed,39.666666666666664,At risk,Poor
Sharon Nguyen,50.3,56,68,53,Volunteer,63279.0,Yes,5.5,Placed,59.0,Need Improvement,Average
Mark Martin,66.3,70,85,100,Volunteer,111855.0,Yes,9.8,Placed,85.0,safe,Excellent
Charles Perez,53.8,36,72,58,Music,65896.0,Yes,4.1,Placed,55.333333333333336,Need Improvement,Average
Ronald Thompson,78.1,58,44,53,Debate,83528.0,Yes,3.5,Not Placed,51.666666666666664,Need Improvement,Average
Mark Jones,69.1,71,74,91,Debate,22091.0,Yes,6.3,Placed,78.66666666666667,safe,Good
Joseph Wilson,64.8,2,13,35,Volunteer,82973.0,No,1.8,Not Placed,16.666666666666668,At risk,Poor
Stephanie Garcia,80.0,73,79,73,Music,23429.0,Yes,6.4,Placed,75.0,safe,Good
Matthew Johnson,79.4,74,74,73,Volunteer,50756.0,Yes,5.0,Placed,73.66666666666667,safe,Good
Kimberly Martinez,75.6,45,54,44,Volunteer,36275.0,Yes,3.4,Not Placed,47.666666666666664,Need Improvement,Poor
Amy Lewis,89.4,79,82,88,NCC,83786.0,Yes,7.3,Placed,83.0,safe,Good
Robert Smith,77.6,85,94,99,Music,28478.0,Yes,7.7,Placed,92.66666666666667,safe,Excellent
Melissa Brown,61.3,61,77,100,Volunteer,84885.0,No,9.9,Placed,79.33333333333333,safe,Good
Melissa Smith,87.6,53,65,47,Debate,54064.0,Yes,3.5,Placed,55.0,Need Improvement,Average
Susan Wright,100.0,60,61,62,Debate,18655.0,Yes,5.0,Placed,61.0,safe,Average
Donna Martinez,82.8,73,68,70,Sports,66702.0,Yes,5.1,Placed,70.33333333333333,safe,Good
Betty Brown,57.5,52,48,87,Volunteer,69256.0,No,5.0,Not Placed,62.333333333333336,safe,Average
John Perez,80.0,100,99,100,NCC,96296.0,Yes,10.0,Placed,99.66666666666667,safe,Excellent
Jason Harris,90.7,79,63,83,Debate,33994.0,Yes,6.7,Placed,75.0,safe,Good
Michelle Sanchez,89.8,86,97,100,Volunteer,55363.0,Yes,9.2,Placed,94.33333333333333,safe,Excellent
Paul Torres,69.5,68,67,79,NCC,113014.0,Yes,5.7,Placed,71.33333333333333,safe,Good
Sharon Martinez,70.3,58,65,73,Music,41249.0,No,4.8,Placed,65.33333333333333,safe,Average
Matthew Thompson,80.2,54,49,52,Debate,86953.0,Yes,3.8,Not Placed,51.666666666666664,Need Improvement,Average
Mary Hernandez,82.2,82,90,100,Sports,72181.0,Yes,8.0,Placed,90.66666666666667,safe,Excellent
Melissa Rodriguez,64.0,32,51,71,Sports,60327.0,Yes,4.0,Not Placed,51.333333333333336,Need Improvement,Average
Charles Scott,85.1,58,56,73,NCC,95943.0,Yes,5.0,Not Placed,62.333333333333336,safe,Average
Andrew Lewis,100.0,78,82,80,Sports,77576.0,Yes,5.9,Placed,80.0,safe,Good
Mary Flores,79.2,62,63,68,Sports,22565.0,No,5.3,Placed,64.33333333333333,safe,Average
Kenneth Lewis,75.6,64,56,48,Sports,84823.0,No,3.1,Not Placed,56.0,Need Improvement,Average
Daniel Miller,99.4,72,90,67,Music,34746.0,Yes,6.0,Placed,76.33333333333333,safe,Good
Gary Lee,74.9,52,52,49,Music,90263.0,Yes,3.4,Not Placed,51.0,Need Improvement,Average
Jason Brown,52.6,52,53,45,Sports,63300.0,Yes,3.4,Not Placed,50.0,Need Improvement,Average
Ronald Johnson,85.6,63,60,92,Volunteer,49561.0,No,6.8,Placed,71.66666666666667,safe,Good
George Hill,61.6,45,54,70,NCC,40810.0,No,6.8,Not Placed,56.333333333333336,Need Improvement,Average
Richard Sanchez,100.0,90,90,88,Debate,71649.0,Yes,7.7,Placed,89.33333333333333,safe,Excellent
Jennifer Clark,87.7,72,83,93,NCC,72389.0,Yes,7.2,Placed,82.66666666666667,safe,Good
Joshua Thomas,75.7,46,42,38,Sports,89624.0,Yes,3.2,Not Placed,42.0,Need Improvement,Poor
Cynthia Walker,85.7,51,61,77,Music,43688.0,Yes,5.6,Placed,63.0,safe,Average
George Clark,79.5,81,95,91,NCC,106525.0,Yes,6.7,Placed,89.0,safe,Excellent
Ryan King,69.0,47,59,53,Volunteer,30437.0,No,2.3,Not Placed,53.0,Need Improvement,Average
John Harris,82.7,89,81,98,Music,31375.0,Yes,9.3,Placed,89.33333333333333,safe,Excellent
Andrew Miller,79.7,59,53,52,Volunteer,56611.0,Yes,3.2,Not Placed,54.666666666666664,Need Improvement,Average
Charles Jackson,100.0,66,77,71,Music,53319.0,Yes,5.0,Placed,71.33333333333333,safe,Good
Laura Thompson,74.6,47,51,57,Sports,88188.0,Yes,3.0,Not Placed,51.666666666666664,Need Improvement,Average
Jacob Martinez,77.4,36,41,29,Sports,87359.0,No,1.4,Not Placed,35.333333333333336,At risk,Poor
Elizabeth Young,85.9,72,75,100,Debate,41479.0,Yes,7.9,Placed,82.33333333333333,safe,Good
Betty Moore,74.8,63,90,94,NCC,63345.0,No,7.1,Placed,82.33333333333333,safe,Good
Carol Martin,78.7,58,71,79,Music,82023.0,Yes,7.4,Placed,69.33333333333333,safe,Average
Elizabeth Robinson,86.6,67,81,99,Volunteer,43631.0,Yes,5.9,Placed,82.33333333333333,safe,Good
Betty Flores,79.3,59,56,59,Volunteer,44016.0,No,6.3,Not Placed,58.0,Need Improvement,Average
Cynthia Moore,72.4,75,74,100,Volunteer,69997.0,Yes,8.3,Placed,83.0,safe,Good
William Jones,85.8,48,68,75,Debate,42979.0,Yes,4.9,Placed,63.666666666666664,safe,Average
Lisa Williams,100.0,83,0,97,Sports,16358.0,Yes,8.7,Placed,60.0,safe,Average
Michelle Lee,80.0,55,80,46,Volunteer,49288.0,Yes,4.5,Not Placed,60.333333333333336,safe,Average
John Lewis,67.3,35,34,57,Debate,84096.0,Yes,2.2,Not Placed,42.0,Need Improvement,Poor
Elizabeth Jones,80.0,69,76,78,Volunteer,73797.0,Yes,5.3,Placed,74.33333333333333,safe,Good
Emma Gonzalez,73.2,70,85,97,Sports,71101.0,Yes,8.2,Placed,84.0,safe,Good
Paul Gonzalez,95.9,83,79,87,Sports,39255.0,Yes,7.3,Placed,83.0,safe,Good
William Robinson,71.7,49,66,75,NCC,33931.0,Yes,5.3,Placed,63.333333333333336,safe,Average
Joseph Anderson,77.5,87,95,100,Sports,93919.0,Yes,8.3,Placed,94.0,safe,Excellent
Ronald Anderson,84.3,65,68,67,Sports,69954.0,Yes,6.7,Placed,66.66666666666667,safe,Average
Amy Hill,76.0,64,62,100,Debate,65056.0,Yes,7.6,Placed,75.33333333333333,safe,Good
William Scott,73.8,75,96,100,Debate,56494.0,Yes,9.1,Placed,90.33333333333333,safe,Excellent
Patricia Anderson,96.0,60,56,59,Volunteer,66309.0,Yes,4.0,Not Placed,58.333333333333336,Need Improvement,Average
Robert Miller,84.5,36,47,40,Volunteer,73875.0,Yes,2.1,Not Placed,41.0,Need Improvement,Poor
David Taylor,67.8,48,55,50,Volunteer,8000.0,No,5.5,Not Placed,51.0,Need Improvement,Average
Sarah Torres,82.3,77,81,97,Sports,95613.0,No,8.4,Placed,85.0,safe,Excellent
Rebecca Wright,77.5,49,52,46,Volunteer,34903.0,No,3.7,Not Placed,49.0,Need Improvement,Poor
Lisa Williams,77.9,51,60,59,Debate,8000.0,Yes,4.0,Placed,56.666666666666664,Need Improvement,Average
Andrew Harris,76.5,52,51,55,NCC,66185.0,Yes,5.5,Not Placed,52.666666666666664,Need Improvement,Average
Nancy Lopez,95.7,60,67,51,Sports,137570.0,Yes,4.5,Placed,59.333333333333336,Need Improvement,Average
George Gonzalez,79.8,93,87,100,NCC,34814.0,Yes,10.0,Placed,93.33333333333333,safe,Excellent
Ashley Anderson,72.9,64,70,78,Sports,92881.0,No,5.7,Placed,70.66666666666667,safe,Good
Rebecca Hernandez,84.2,50,66,69,Sports,62159.0,Yes,5.0,Placed,61.666666666666664,safe,Average
Sandra Smith,72.7,72,63,76,NCC,64758.0,Yes,7.5,Placed,70.33333333333333,safe,Good
Steven Clark,83.8,52,75,84,Sports,70688.0,No,3.4,Placed,70.33333333333333,safe,Good
Richard Jackson,75.1,54,47,53,Volunteer,64702.0,Yes,5.4,Not Placed,51.333333333333336,Need Improvement,Average
Joshua Martinez,80.0,45,65,59,Volunteer,53128.0,No,3.4,Placed,56.333333333333336,Need Improvement,Average
Gary Anderson,55.8,41,70,56,NCC,44871.0,Yes,3.5,Not Placed,55.666666666666664,Need Improvement,Average
Sandra Martinez,100.0,71,85,79,Sports,76188.0,Yes,5.2,Placed,78.33333333333333,safe,Good
Jessica Lopez,80.0,48,66,67,Volunteer,60401.0,No,5.2,Placed,60.333333333333336,safe,Average
Joshua Harris,92.4,69,64,60,Sports,57320.0,Yes,5.5,Placed,64.33333333333333,safe,Average
Ryan White,84.3,63,57,66,Music,42781.0,Yes,5.1,Not Placed,62.0,safe,Average
George Scott,91.4,56,68,89,Debate,64702.0,No,5.7,Placed,71.0,safe,Good
Brian Brown,84.4,45,43,41,NCC,47743.0,Yes,3.3,Not Placed,43.0,Need Improvement,Poor
Amy Perez,69.0,48,62,54,Volunteer,64784.0,Yes,4.2,Placed,54.666666666666664,Need Improvement,Average
Daniel Harris,96.9,53,66,47,Volunteer,83918.0,No,4.0,Placed,55.333333333333336,Need Improvement,Average
Gary Brown,85.2,70,89,100,NCC,105026.0,Yes,7.8,Placed,86.33333333333333,safe,Excellent
Mark White,79.7,66,74,76,Debate,59249.0,Yes,6.9,Placed,72.0,safe,Good
Carol Hill,100.0,65,80,71,Debate,94784.0,No,7.5,Placed,72.0,safe,Good
Elizabeth Walker,95.0,61,75,56,Volunteer,35609.0,Yes,4.0,Placed,64.0,safe,Average
Charles Rodriguez,64.3,62,64,64,Music,59567.0,Yes,4.7,Placed,63.333333333333336,safe,Average
Thomas Lee,59.8,56,64,57,NCC,34499.0,No,5.4,Placed,59.0,Need Improvement,Average
Steven Harris,78.8,34,55,45,Sports,63415.0,Yes,2.4,Not Placed,44.666666666666664,Need Improvement,Poor
Stephanie Nguyen,61.5,32,36,64,Debate,141774.0,Yes,3.2,Not Placed,44.0,Need Improvement,Poor
Michelle Young,88.5,48,60,87,Debate,56442.0,No,5.7,Placed,65.0,safe,Average
Elizabeth Hernandez,80.2,37,35,37,NCC,51128.0,No,3.3,Not Placed,36.333333333333336,At risk,Poor
John Allen,100.0,94,84,88,Volunteer,120766.0,Yes,6.0,Placed,88.66666666666667,safe,Excellent
David Smith,70.9,57,61,51,Volunteer,89318.0,Yes,4.4,Placed,56.333333333333336,Need Improvement,Average
Anthony Wilson,100.0,57,58,62,Music,99364.0,Yes,3.7,Not Placed,59.0,Need Improvement,Average
Brian Clark,78.6,38,46,34,Music,38448.0,Yes,1.2,Not Placed,39.333333333333336,At risk,Poor
Andrew Clark,72.0,44,69,78,Sports,50874.0,No,4.8,Placed,63.666666666666664,safe,Average
Stephanie King,65.6,60,56,93,Volunteer,49225.0,No,6.8,Not Placed,69.66666666666667,safe,Average
David Garcia,81.0,44,52,46,Sports,57859.0,No,3.9,Not Placed,47.333333333333336,Need Improvement,Poor
Michelle Allen,77.6,58,84,85,Sports,73090.0,Yes,7.1,Placed,75.66666666666667,safe,Good
Laura Walker,61.4,67,70,72,Sports,69419.0,Yes,5.2,Placed,69.66666666666667,safe,Average
William Garcia,81.6,51,74,80,Volunteer,17188.0,Yes,6.3,Placed,68.33333333333333,safe,Average
Susan Smith,95.6,72,66,86,Music,97553.0,Yes,6.9,Placed,74.66666666666667,safe,Good
Gary Jones,69.9,54,69,81,Sports,102658.0,Yes,5.8,Placed,68.0,safe,Average
Kenneth Martinez,70.6,81,80,100,Music,75339.0,Yes,8.3,Placed,87.0,safe,Excellent
Robert Lewis,93.0,77,80,91,Sports,109208.0,No,7.3,Placed,82.66666666666667,safe,Good
Amanda Gonzalez,73.3,76,81,78,Volunteer,74341.0,Yes,6.1,Placed,78.33333333333333,safe,Good
Nicholas Scott,71.6,76,80,82,Volunteer,64167.0,Yes,7.2,Placed,79.33333333333333,safe,Good
Susan Lewis,72.0,54,55,57,Music,51720.0,Yes,5.0,Not Placed,55.333333333333336,Need Improvement,Average
David Sanchez,74.8,90,100,100,Sports,121116.0,Yes,10.0,Placed,96.66666666666667,safe,Excellent
Melissa Allen,84.9,33,53,62,Sports,86423.0,No,2.7,Not Placed,49.333333333333336,Need Improvement,Poor
Joseph Anderson,97.0,66,65,67,NCC,76919.0,Yes,4.4,Placed,66.0,safe,Average
Nancy Lee,100.0,92,89,99,NCC,58288.0,Yes,7.2,Placed,93.33333333333333,safe,Excellent
Sharon Johnson,79.0,85,82,79,Sports,87677.0,No,7.2,Placed,82.0,safe,Good
Mark Sanchez,67.2,60,71,100,Debate,63866.0,Yes,8.1,Placed,77.0,safe,Good
Donald Clark,68.2,48,56,57,Volunteer,34573.0,No,3.4,Not Placed,53.666666666666664,Need Improvement,Average
Jennifer Garcia,82.9,60,69,71,NCC,50811.0,Yes,3.9,Placed,66.66666666666667,safe,Average
Edward Scott,87.8,59,51,67,Sports,53142.0,Yes,3.0,Not Placed,59.0,Need Improvement,Average
Nancy Rodriguez,97.4,63,85,59,Debate,70217.0,No,2.6,Placed,69.0,safe,Average
Joseph Garcia,78.7,21,33,49,Music,90019.0,No,2.0,Not Placed,34.333333333333336,At risk,Poor
Rebecca Hernandez,67.8,25,42,30,Music,64888.0,No,1.0,Not Placed,32.333333333333336,At risk,Poor
Anthony Hernandez,73.8,35,58,72,NCC,65071.0,No,4.5,Not Placed,55.0,Need Improvement,Average
Nicholas Robinson,79.3,67,64,61,Sports,12114.0,Yes,6.0,Placed,64.0,safe,Average
George Lee,47.0,60,72,100,Volunteer,42267.0,Yes,7.6,Placed,77.33333333333333,safe,Good
Sandra White,80.2,61,63,89,NCC,20059.0,Yes,4.8,Placed,71.0,safe,Good
Michelle Perez,67.7,56,70,94,Sports,67612.0,Yes,7.4,Placed,73.33333333333333,safe,Good
Karen Robinson,73.5,77,65,100,Music,94502.0,Yes,7.7,Placed,80.66666666666667,safe,Good
Cynthia Garcia,74.2,55,67,64,NCC,76813.0,No,3.7,Placed,62.0,safe,Average
David Clark,77.1,95,98,100,Debate,53593.0,Yes,7.6,Placed,97.66666666666667,safe,Excellent
Karen Lewis,73.9,65,74,72,Sports,72659.0,Yes,5.6,Placed,70.33333333333333,safe,Good
Susan Taylor,90.8,59,50,47,Sports,83953.0,Yes,2.5,Not Placed,52.0,Need Improvement,Average
Melissa Hill,69.2,38,80,27,Debate,47997.0,Yes,1.2,Not Placed,48.333333333333336,Need Improvement,Poor
Betty Lee,66.2,73,69,100,Music,65616.0,Yes,8.7,Placed,80.66666666666667,safe,Good
Lisa Martinez,81.2,74,87,84,Sports,87219.0,Yes,6.2,Placed,81.66666666666667,safe,Good
George Hill,80.0,76,81,73,Music,10104.0,Yes,6.3,Placed,76.66666666666667,safe,Good
Sharon Ramirez,71.1,45,41,46,Volunteer,64346.0,No,4.0,Not Placed,44.0,Need Improvement,Poor
Michael Anderson,62.5,53,60,75,NCC,66477.0,No,6.2,Placed,62.666666666666664,safe,Average
Robert Anderson,69.0,46,57,70,Sports,128222.0,Yes,4.3,Not Placed,57.666666666666664,Need Improvement,Average
Joshua Garcia,87.6,64,67,59,Volunteer,59107.0,No,4.7,Placed,63.333333333333336,safe,Average
Andrew Sanchez,83.4,77,74,81,Debate,13083.0,No,7.8,Placed,77.33333333333333,safe,Good
Donald Harris,73.2,42,56,59,Volunteer,60526.0,Yes,3.4,Not Placed,52.333333333333336,Need Improvement,Average
Paul Wright,70.0,60,74,61,Debate,122559.0,Yes,6.1,Placed,65.0,safe,Average
Susan Lewis,100.0,72,89,89,NCC,95031.0,No,6.3,Placed,83.33333333333333,safe,Good
Cynthia Allen,100.0,49,0,76,NCC,64702.0,Yes,3.8,Not Placed,41.666666666666664,Need Improvement,Poor
Gary Torres,73.9,26,25,60,Sports,46034.0,Yes,2.2,Not Placed,37.0,At risk,Poor
Rebecca Brown,84.0,78,80,95,Music,66633.0,Yes,7.9,Placed,84.33333333333333,safe,Good
Edward Lopez,78.1,48,67,74,Music,60516.0,Yes,5.3,Placed,63.0,safe,Average
Jessica Robinson,86.1,73,74,52,NCC,85504.0,Yes,3.9,Placed,66.33333333333333,safe,Average
Richard Gonzalez,80.0,61,78,67,Sports,79932.0,Yes,3.4,Placed,68.66666666666667,safe,Average
David Wright,85.6,57,75,76,Sports,65752.0,Yes,4.0,Placed,69.33333333333333,safe,Average
Joshua Ramirez,83.3,42,51,35,Music,63427.0,Yes,1.0,Not Placed,42.666666666666664,Need Improvement,Poor
Ronald Miller,100.0,73,83,79,Debate,46484.0,Yes,6.7,Placed,78.33333333333333,safe,Good
Linda Rodriguez,88.5,47,43,48,NCC,79343.0,Yes,4.3,Not Placed,46.0,Need Improvement,Poor
David Flores,77.9,46,64,53,Volunteer,31099.0,Yes,3.4,Placed,54.333333333333336,Need Improvement,Average
Kimberly Wright,98.6,33,42,34,Volunteer,47158.0,Yes,1.5,Not Placed,36.333333333333336,At risk,Poor
Andrew Jackson,71.3,73,70,85,Debate,69827.0,Yes,7.2,Placed,76.0,safe,Good
Richard Gonzalez,76.8,79,84,100,NCC,78635.0,No,8.5,Placed,87.66666666666667,safe,Excellent
Ronald Thompson,80.1,47,54,56,NCC,101779.0,Yes,2.0,Not Placed,52.333333333333336,Need Improvement,Average
Stephanie Lopez,88.3,48,64,40,Debate,76886.0,No,2.0,Placed,50.666666666666664,Need Improvement,Average
Elizabeth Taylor,70.5,41,60,45,Debate,91008.0,Yes,3.4,Placed,48.666666666666664,Need Improvement,Poor
Mark Torres,80.0,85,92,84,Volunteer,96927.0,No,9.3,Placed,87.0,safe,Excellent
Joshua Ramirez,77.2,60,82,83,Sports,18210.0,Yes,6.4,Placed,75.0,safe,Good
Kevin Robinson,86.2,76,79,82,Sports,78654.0,No,4.1,Placed,79.0,safe,Good
Matthew Walker,72.1,48,71,94,Debate,106478.0,No,6.8,Placed,71.0,safe,Good
Michael Jackson,87.8,70,72,70,Debate,11139.0,Yes,6.3,Placed,70.66666666666667,safe,Good
Jacob Walker,90.6,52,76,83,Sports,83606.0,No,6.2,Placed,70.33333333333333,safe,Good
Ronald Hernandez,86.2,16,43,42,Debate,44346.0,No,1.2,Not Placed,33.666666666666664,At risk,Poor
Thomas Gonzalez,59.7,42,40,59,Sports,70453.0,No,5.2,Not Placed,47.0,Need Improvement,Poor
Susan Harris,73.5,56,55,74,Volunteer,20732.0,No,5.5,Not Placed,61.666666666666664,safe,Average
Richard Anderson,80.0,65,77,94,Debate,40336.0,Yes,8.0,Placed,78.66666666666667,safe,Good
Robert White,92.2,53,56,45,Music,77822.0,No,3.3,Not Placed,51.333333333333336,Need Improvement,Average
Nicholas Miller,80.0,55,58,100,Sports,43707.0,Yes,8.0,Not Placed,71.0,safe,Good
Elizabeth King,75.7,58,67,77,Volunteer,60929.0,No,5.4,Placed,67.33333333333333,safe,Average
Karen Scott,100.0,47,68,48,Debate,97723.0,Yes,4.1,Placed,54.333333333333336,Need Improvement,Average
Mark Rodriguez,85.5,56,68,77,Sports,76264.0,Yes,4.9,Placed,67.0,safe,Average
Patricia White,83.0,58,78,73,Debate,39899.0,No,5.1,Placed,69.66666666666667,safe,Average
Michael Jones,69.4,46,70,88,Debate,66719.0,No,6.6,Placed,68.0,safe,Average
Ronald Gonzalez,86.6,63,62,73,Music,64702.0,Yes,4.6,Placed,66.0,safe,Average
William Robinson,90.2,74,90,83,Sports,58326.0,No,6.0,Placed,82.33333333333333,safe,Good
Mary White,87.6,56,78,81,Music,81443.0,No,5.3,Placed,71.66666666666667,safe,Good
Nancy Rodriguez,78.9,68,73,87,Sports,51020.0,Yes,6.6,Placed,76.0,safe,Good
Ronald Allen,93.7,62,67,89,Volunteer,98343.0,No,5.9,Placed,72.66666666666667,safe,Good
Angela Johnson,78.0,46,67,81,Volunteer,77942.0,Yes,5.8,Placed,64.66666666666667,safe,Average
Nancy Jones,78.2,58,66,74,NCC,57695.0,No,5.1,Placed,66.0,safe,Average
David Sanchez,80.0,35,51,55,Debate,64503.0,No,4.4,Not Placed,47.0,Need Improvement,Poor
Ryan Allen,82.5,40,44,57,Music,75381.0,Yes,2.8,Not Placed,47.0,Need Improvement,Poor
Paul Hernandez,90.2,37,57,52,Debate,62525.0,Yes,4.0,Not Placed,48.666666666666664,Need Improvement,Poor
Rebecca Lee,80.0,60,70,90,Volunteer,69375.0,Yes,5.5,Placed,73.33333333333333,safe,Good
Andrew Allen,65.0,49,66,96,Sports,81355.0,No,6.2,Placed,70.33333333333333,safe,Good
Stephanie Davis,82.9,76,77,95,Sports,85377.0,Yes,7.7,Placed,82.66666666666667,safe,Good
Angela Scott,80.4,64,81,81,Music,103714.0,Yes,5.5,Placed,75.33333333333333,safe,Good
Betty Miller,76.0,74,78,89,Debate,90669.0,No,7.9,Placed,80.33333333333333,safe,Good
Brian Miller,66.0,57,64,67,Volunteer,84046.0,Yes,4.6,Placed,62.666666666666664,safe,Average
Brian Clark,100.0,71,76,81,Sports,38733.0,No,6.5,Placed,76.0,safe,Good
Susan Hernandez,80.0,64,69,65,Music,49606.0,Yes,4.7,Placed,66.0,safe,Average
Joseph Martin,81.0,64,81,100,Debate,27038.0,No,8.1,Placed,81.66666666666667,safe,Good
Joseph Harris,78.3,44,64,79,Sports,87710.0,Yes,3.7,Placed,62.333333333333336,safe,Average
Jacob Smith,87.2,42,43,57,Debate,81352.0,Yes,2.9,Not Placed,47.333333333333336,Need Improvement,Poor
Emma Lopez,84.4,48,53,46,Debate,68726.0,No,2.7,Not Placed,49.0,Need Improvement,Poor
Charles Young,65.2,54,56,76,Volunteer,99710.0,Yes,6.2,Not Placed,62.0,safe,Average
Charles Gonzalez,65.1,66,64,76,Sports,72525.0,No,6.3,Placed,68.66666666666667,safe,Average
Mary Thomas,63.3,56,70,100,NCC,56950.0,Yes,7.5,Placed,75.33333333333333,safe,Good
Sharon Hill,66.3,35,42,85,Music,54829.0,Yes,6.0,Not Placed,54.0,Need Improvement,Average
Ryan Rodriguez,97.4,66,71,66,Debate,65132.0,Yes,4.1,Placed,67.66666666666667,safe,Average
Thomas Allen,99.0,42,46,46,Music,71844.0,Yes,1.9,Not Placed,44.666666666666664,Need Improvement,Poor
Daniel Thompson,91.1,74,87,95,Volunteer,24523.0,No,8.2,Placed,85.33333333333333,safe,Excellent
Andrew Wright,86.3,70,52,72,Sports,86751.0,Yes,5.3,Not Placed,64.66666666666667,safe,Average
Brian Smith,97.0,63,76,87,NCC,41199.0,Yes,8.4,Placed,75.33333333333333,safe,Good
Steven Johnson,74.5,42,57,87,NCC,78409.0,No,5.6,Not Placed,62.0,safe,Average
Nicholas Ramirez,81.2,78,77,93,Sports,92255.0,Yes,10.0,Placed,82.66666666666667,safe,Good
Kenneth Hernandez,82.0,76,90,84,NCC,64702.0,Yes,7.3,Placed,83.33333333333333,safe,Good
Deborah Robinson,100.0,66,76,68,NCC,56924.0,Yes,3.8,Placed,70.0,safe,Good
Susan Williams,88.8,77,77,88,Music,74932.0,Yes,6.6,Placed,80.66666666666667,safe,Good
Brian Wright,91.8,48,61,70,Volunteer,81903.0,Yes,3.7,Placed,59.666666666666664,Need Improvement,Average
Kenneth Hill,75.5,67,90,87,NCC,54538.0,No,5.8,Placed,81.33333333333333,safe,Good
Amanda Rodriguez,80.0,44,43,56,Sports,87235.0,Yes,3.5,Not Placed,47.666666666666664,Need Improvement,Poor
William Perez,75.7,62,72,69,Volunteer,80322.0,Yes,4.6,Placed,67.66666666666667,safe,Average
Michael Thompson,71.6,44,53,71,Music,56571.0,Yes,4.0,Not Placed,56.0,Need Improvement,Average
Jacob Wright,80.8,85,93,100,Music,56650.0,Yes,9.1,Placed,92.66666666666667,safe,Excellent
Stephanie Allen,100.0,56,82,98,Music,95972.0,No,6.6,Placed,78.66666666666667,safe,Good
Mary Young,80.0,58,70,76,Volunteer,62819.0,Yes,5.8,Placed,68.0,safe,Average
Joshua Clark,72.4,51,75,78,Volunteer,32028.0,Yes,5.3,Placed,68.0,safe,Average
Donald Robinson,85.3,44,56,47,Debate,30971.0,Yes,3.4,Not Placed,49.0,Need Improvement,Poor
Susan Anderson,68.1,45,80,41,Debate,96810.0,Yes,1.0,Not Placed,55.333333333333336,Need Improvement,Average
Michael Smith,78.5,58,72,78,NCC,56702.0,Yes,5.7,Placed,69.33333333333333,safe,Average
Sandra Johnson,86.9,63,59,58,Music,90224.0,No,3.5,Not Placed,60.0,safe,Average
Brian Torres,94.2,66,67,59,NCC,64702.0,No,5.1,Placed,64.0,safe,Average
Carol Wright,100.0,81,74,95,NCC,71637.0,No,7.2,Placed,83.33333333333333,safe,Good
Patricia Young,71.6,54,0,49,Debate,105527.0,Yes,2.7,Not Placed,34.333333333333336,At risk,Poor
Robert Walker,65.3,45,54,78,Sports,8000.0,Yes,4.6,Not Placed,59.0,Need Improvement,Average
Paul Clark,98.6,53,74,86,NCC,34509.0,No,6.4,Placed,71.0,safe,Good
Angela Thompson,86.9,50,66,53,NCC,86207.0,Yes,3.2,Placed,56.333333333333336,Need Improvement,Average
Edward Smith,78.4,45,70,49,Volunteer,64702.0,Yes,2.8,Placed,54.666666666666664,Need Improvement,Average
Ashley Lopez,74.4,68,57,61,Debate,28182.0,Yes,5.8,Not Placed,62.0,safe,Average
Daniel Garcia,80.1,48,58,55,NCC,76011.0,Yes,3.8,Not Placed,53.666666666666664,Need Improvement,Average
Carol Allen,78.0,60,66,100,Sports,105965.0,No,7.3,Placed,75.33333333333333,safe,Good
Charles Hernandez,73.6,60,80,69,NCC,51902.0,Yes,4.3,Placed,69.66666666666667,safe,Average
Steven Johnson,82.7,85,97,92,Debate,64702.0,Yes,8.0,Placed,91.33333333333333,safe,Excellent
Carol Thomas,84.7,53,62,57,Sports,94598.0,No,3.9,Placed,57.333333333333336,Need Improvement,Average
Ryan Martin,78.3,48,61,70,Sports,81288.0,No,5.2,Placed,59.666666666666664,Need Improvement,Average
Matthew Sanchez,69.8,67,79,100,Sports,47589.0,No,7.6,Placed,82.0,safe,Good
Kevin Jackson,93.5,73,80,97,Sports,67597.0,No,6.8,Placed,83.33333333333333,safe,Good
Deborah Wilson,90.7,84,90,100,NCC,69330.0,Yes,7.9,Placed,91.33333333333333,safe,Excellent
Sharon Jones,72.7,35,48,54,NCC,67635.0,No,2.4,Not Placed,45.666666666666664,Need Improvement,Poor
Michelle Lee,86.4,90,73,83,Music,62848.0,Yes,6.4,Placed,82.0,safe,Good
Nancy Thomas,74.5,60,93,100,Volunteer,70933.0,Yes,8.1,Placed,84.33333333333333,safe,Good
Sandra Jackson,63.9,47,63,65,Music,85329.0,Yes,6.0,Placed,58.333333333333336,Need Improvement,Average
Kenneth Smith,100.0,82,70,89,Music,65657.0,No,6.9,Placed,80.33333333333333,safe,Good
Jennifer Johnson,84.8,45,47,30,Volunteer,96924.0,Yes,1.0,Not Placed,40.666666666666664,Need Improvement,Poor
John King,100.0,86,97,98,Sports,76788.0,Yes,8.9,Placed,93.66666666666667,safe,Excellent
Amy White,73.4,42,44,51,Volunteer,8000.0,Yes,3.7,Not Placed,45.666666666666664,Need Improvement,Poor
Jason Davis,74.8,65,73,100,Debate,59832.0,Yes,9.1,Placed,79.33333333333333,safe,Good
Amanda Gonzalez,71.0,60,66,67,Sports,46570.0,Yes,4.6,Placed,64.33333333333333,safe,Average
Cynthia Lee,80.0,61,73,77,NCC,66812.0,Yes,5.6,Placed,70.33333333333333,safe,Good
Kevin Walker,95.6,54,90,95,Sports,102971.0,No,5.6,Placed,79.66666666666667,safe,Good
Elizabeth Perez,99.4,83,87,84,Debate,74725.0,No,7.6,Placed,84.66666666666667,safe,Good
Robert Jackson,80.7,65,72,84,Music,27463.0,Yes,6.5,Placed,73.66666666666667,safe,Good
Amanda White,97.5,64,74,66,Sports,81074.0,No,4.6,Placed,68.0,safe,Average
Amanda Moore,80.0,45,49,44,NCC,68261.0,Yes,4.0,Not Placed,46.0,Need Improvement,Poor
Donald Hernandez,86.1,50,70,36,Volunteer,88679.0,Yes,1.0,Not Placed,52.0,Need Improvement,Average
Betty Young,67.1,17,90,53,Volunteer,86109.0,No,2.7,Not Placed,53.333333333333336,Need Improvement,Average
Amy Gonzalez,80.0,48,71,62,Sports,74374.0,Yes,3.5,Placed,60.333333333333336,safe,Average
Sarah Lee,80.7,53,75,89,Sports,95311.0,No,6.1,Placed,72.33333333333333,safe,Good
John Hill,91.8,65,68,65,Debate,98816.0,No,5.9,Placed,66.0,safe,Average
Sarah Torres,72.6,93,100,100,Sports,47635.0,No,9.6,Placed,97.66666666666667,safe,Excellent
Emily Thomas,91.5,48,54,49,Music,55078.0,Yes,3.6,Not Placed,50.333333333333336,Need Improvement,Average
Rebecca King,75.6,41,58,66,Debate,28611.0,No,3.5,Not Placed,55.0,Need Improvement,Average
Sandra Walker,80.0,66,70,54,Debate,20719.0,Yes,3.7,Placed,63.333333333333336,safe,Average
Emma Jackson,77.7,85,94,99,Volunteer,86546.0,Yes,8.2,Placed,92.66666666666667,safe,Excellent
Andrew Jackson,78.6,38,61,60,Sports,83824.0,Yes,2.0,Placed,53.0,Need Improvement,Average
Emily Walker,100.0,53,51,50,Volunteer,97502.0,Yes,3.2,Not Placed,51.333333333333336,Need Improvement,Average
Jacob Perez,87.7,64,76,73,Sports,60897.0,Yes,4.2,Placed,71.0,safe,Good
Joshua Nguyen,80.3,84,85,96,Volunteer,58642.0,No,6.9,Placed,88.33333333333333,safe,Excellent
Paul Wright,75.0,76,64,81,Sports,17887.0,Yes,6.8,Placed,73.66666666666667,safe,Good
Joshua Robinson,69.6,68,82,100,Volunteer,138679.0,Yes,8.3,Placed,83.33333333333333,safe,Good
Deborah Smith,89.0,85,98,83,Music,81221.0,Yes,6.8,Placed,88.66666666666667,safe,Excellent
Sandra Thompson,83.1,53,60,83,Music,79593.0,Yes,4.8,Placed,65.33333333333333,safe,Average
Jessica Miller,100.0,69,73,47,NCC,85214.0,Yes,3.0,Placed,63.0,safe,Average
Nancy Moore,74.9,67,73,100,Music,57244.0,Yes,6.9,Placed,80.0,safe,Good
Paul Williams,87.3,60,72,62,NCC,75918.0,Yes,5.4,Placed,64.66666666666667,safe,Average
Michelle Williams,57.7,85,92,100,Volunteer,101956.0,No,10.0,Placed,92.33333333333333,safe,Excellent
Anthony Thompson,80.0,59,58,54,Sports,34188.0,Yes,4.0,Not Placed,57.0,Need Improvement,Average
Susan Allen,80.3,82,87,100,NCC,38369.0,No,8.7,Placed,89.66666666666667,safe,Excellent
George King,89.9,59,60,74,Volunteer,58472.0,Yes,6.2,Placed,64.33333333333333,safe,Average
Daniel Clark,81.9,24,44,46,Volunteer,52545.0,Yes,1.0,Not Placed,38.0,At risk,Poor
William Nguyen,79.1,74,82,100,NCC,85121.0,Yes,8.0,Placed,85.33333333333333,safe,Excellent
Donna Brown,88.5,51,65,62,NCC,69789.0,Yes,3.5,Placed,59.333333333333336,Need Improvement,Average
Deborah Thomas,71.1,46,64,93,Music,74635.0,No,6.8,Placed,67.66666666666667,safe,Average
Thomas Johnson,86.4,89,98,100,NCC,82473.0,Yes,8.9,Placed,95.66666666666667,safe,Excellent
Sharon Thompson,62.0,48,53,58,Sports,21822.0,Yes,4.1,Not Placed,53.0,Need Improvement,Average
Mary Allen,70.0,63,62,77,Volunteer,87001.0,Yes,4.9,Placed,67.33333333333333,safe,Average
Ronald Williams,80.0,54,76,84,Volunteer,57779.0,Yes,6.6,Placed,71.33333333333333,safe,Good
Joseph Young,100.0,75,74,74,Sports,76375.0,Yes,5.0,Placed,74.33333333333333,safe,Good
Deborah Anderson,81.3,81,83,100,Debate,68567.0,Yes,9.3,Placed,88.0,safe,Excellent
Jessica Rodriguez,74.9,82,82,100,Sports,56264.0,Yes,7.9,Placed,88.0,safe,Excellent
Ryan Lewis,93.4,74,69,90,Sports,39396.0,No,7.1,Placed,77.66666666666667,safe,Good
Matthew Taylor,71.9,44,80,71,Debate,81542.0,Yes,3.4,Not Placed,65.0,safe,Average
David Wright,84.3,57,70,77,Volunteer,46865.0,Yes,5.8,Placed,68.0,safe,Average
Andrew Miller,73.5,56,80,46,NCC,35375.0,Yes,3.4,Not Placed,60.666666666666664,safe,Average
Matthew Thompson,71.4,62,87,86,NCC,75798.0,Yes,6.5,Placed,78.33333333333333,safe,Good
Nicholas Sanchez,81.6,48,40,46,Volunteer,96370.0,Yes,1.0,Not Placed,44.666666666666664,Need Improvement,Poor
Joshua Perez,78.1,55,66,70,Music,19412.0,Yes,5.3,Placed,63.666666666666664,safe,Average
Mary Scott,81.9,46,0,70,Sports,64702.0,Yes,3.0,Not Placed,38.666666666666664,At risk,Poor
Ronald Hernandez,76.3,47,57,75,NCC,93122.0,Yes,7.1,Not Placed,59.666666666666664,Need Improvement,Average
Sarah Williams,75.7,56,69,75,Sports,27918.0,Yes,5.2,Placed,66.66666666666667,safe,Average
Donald Davis,90.7,81,80,80,Sports,59992.0,Yes,7.1,Placed,80.33333333333333,safe,Good
Ashley Williams,77.5,42,60,83,Music,68190.0,No,4.6,Placed,61.666666666666664,safe,Average
Donna Hill,83.6,61,79,79,Volunteer,55109.0,Yes,4.6,Placed,73.0,safe,Good
Edward Anderson,89.9,24,27,26,Music,36671.0,Yes,1.0,Not Placed,25.666666666666668,At risk,Poor
Elizabeth Clark,99.2,81,88,91,NCC,99590.0,No,6.1,Placed,86.66666666666667,safe,Excellent
Anthony Brown,74.1,75,67,84,Volunteer,56301.0,Yes,5.2,Placed,75.33333333333333,safe,Good
Ashley Lee,100.0,67,0,89,Sports,63447.0,No,8.2,Placed,52.0,Need Improvement,Average
William Gonzalez,86.0,72,69,50,NCC,84782.0,Yes,4.1,Placed,63.666666666666664,safe,Average
Amy Garcia,85.7,69,71,65,NCC,8000.0,Yes,3.5,Placed,68.33333333333333,safe,Average
Susan Jones,89.7,44,52,45,Sports,64293.0,No,1.2,Not Placed,47.0,Need Improvement,Poor
Michelle Hernandez,97.0,81,77,73,Debate,74154.0,Yes,5.0,Placed,77.0,safe,Good
Elizabeth Gonzalez,59.0,60,71,100,Volunteer,42974.0,Yes,9.5,Placed,77.0,safe,Good
Kevin Young,79.1,69,76,71,Music,33937.0,Yes,5.2,Placed,72.0,safe,Good
Amanda Ramirez,86.5,62,74,80,Volunteer,43574.0,Yes,4.1,Placed,72.0,safe,Good
Matthew Thomas,75.5,92,76,100,Sports,68605.0,No,9.1,Placed,89.33333333333333,safe,Excellent
Nancy Scott,89.0,69,73,63,Sports,30660.0,Yes,5.5,Placed,68.33333333333333,safe,Average
Emma Perez,86.3,50,64,70,Volunteer,61536.0,Yes,2.9,Placed,61.333333333333336,safe,Average
Nicholas Wilson,83.5,76,93,100,Volunteer,86079.0,Yes,8.2,Placed,89.66666666666667,safe,Excellent
William Rodriguez,91.1,52,67,83,NCC,104276.0,Yes,5.7,Placed,67.33333333333333,safe,Average
Anthony Torres,66.5,58,66,87,Sports,129343.0,No,7.2,Placed,70.33333333333333,safe,Good
Karen White,80.0,81,72,100,Sports,54980.0,No,9.6,Placed,84.33333333333333,safe,Good
Ryan Hill,65.8,74,72,40,Sports,60086.0,Yes,5.0,Placed,62.0,safe,Average
Kevin Hernandez,87.9,57,69,59,Sports,81512.0,Yes,2.7,Placed,61.666666666666664,safe,Average
Nancy Sanchez,83.8,28,45,22,Sports,21002.0,No,1.0,Not Placed,31.666666666666668,At risk,Poor
Angela Lewis,78.5,62,75,69,Sports,52348.0,No,6.1,Placed,68.66666666666667,safe,Average
Ronald Sanchez,78.3,61,77,83,Debate,72509.0,Yes,4.0,Placed,73.66666666666667,safe,Good
Brian Hill,92.8,57,69,57,Sports,121610.0,No,3.4,Placed,61.0,safe,Average
Thomas Wright,95.1,41,37,24,Sports,70852.0,Yes,1.2,Not Placed,34.0,At risk,Poor
Betty Smith,100.0,59,74,81,Volunteer,112003.0,Yes,5.3,Placed,71.33333333333333,safe,Good
Jacob Lee,98.1,57,57,36,Debate,64702.0,Yes,2.9,Not Placed,50.0,Need Improvement,Average
Laura Sanchez,89.8,64,80,71,Volunteer,66707.0,No,6.3,Placed,71.66666666666667,safe,Good
Michelle Anderson,68.6,40,41,70,Music,133788.0,Yes,5.3,Not Placed,50.333333333333336,Need Improvement,Average
Robert Thomas,84.2,31,42,27,Music,72126.0,No,1.7,Not Placed,33.333333333333336,At risk,Poor
Carol Smith,91.0,67,50,59,NCC,55025.0,Yes,2.8,Not Placed,58.666666666666664,Need Improvement,Average
James Johnson,76.4,47,54,67,NCC,8000.0,No,3.4,Not Placed,56.0,Need Improvement,Average
Donald Williams,90.7,54,59,71,Debate,54868.0,Yes,3.9,Not Placed,61.333333333333336,safe,Average
Jason Lopez,76.7,51,59,72,Debate,21588.0,Yes,5.3,Not Placed,60.666666666666664,safe,Average
Stephanie Brown,81.1,74,100,100,NCC,64716.0,Yes,7.3,Placed,91.33333333333333,safe,Excellent
Charles Hill,97.0,58,76,73,NCC,61442.0,No,4.0,Placed,69.0,safe,Average
Mary Wilson,60.4,62,61,90,Sports,42664.0,No,6.5,Placed,71.0,safe,Good
Amanda Young,89.4,60,59,45,Debate,99072.0,Yes,3.7,Not Placed,54.666666666666664,Need Improvement,Average
Jessica Flores,88.0,44,74,65,NCC,43161.0,Yes,4.5,Placed,61.0,safe,Average
Kevin Lopez,80.0,55,72,100,Sports,84892.0,Yes,6.7,Placed,75.66666666666667,safe,Good
Nancy Scott,90.4,53,62,47,NCC,88449.0,Yes,2.4,Placed,54.0,Need Improvement,Average
Sarah Walker,77.9,76,72,95,Sports,76098.0,Yes,5.8,Placed,81.0,safe,Good
Sandra King,69.4,50,60,66,NCC,64702.0,Yes,4.7,Placed,58.666666666666664,Need Improvement,Average
Joseph Wilson,70.0,41,49,38,Sports,52378.0,No,3.2,Not Placed,42.666666666666664,Need Improvement,Poor
Laura Lee,73.8,87,77,80,Sports,64702.0,Yes,7.4,Placed,81.33333333333333,safe,Good
Kevin Thomas,95.9,84,77,86,Volunteer,38863.0,Yes,7.0,Placed,82.33333333333333,safe,Good
Lisa Davis,72.0,61,75,85,Debate,77052.0,No,5.7,Placed,73.66666666666667,safe,Good
Emily Thompson,71.2,52,54,60,Music,98580.0,Yes,3.7,Not Placed,55.333333333333336,Need Improvement,Average
Brian Martin,82.7,55,59,56,Music,51225.0,Yes,2.9,Not Placed,56.666666666666664,Need Improvement,Average
Nicholas Harris,91.1,46,63,58,Sports,82822.0,No,4.4,Placed,55.666666666666664,Need Improvement,Average
Ronald Moore,65.1,81,85,95,Sports,64702.0,Yes,8.2,Placed,87.0,safe,Excellent
Patricia Miller,75.9,74,76,92,NCC,88616.0,Yes,6.7,Placed,80.66666666666667,safe,Good
Kimberly Lopez,95.1,60,100,68,Sports,89187.0,Yes,6.0,Placed,76.0,safe,Good
Linda King,81.6,58,49,51,Music,67611.0,Yes,3.5,Not Placed,52.666666666666664,Need Improvement,Average
Gary Lewis,71.2,60,51,53,Volunteer,71056.0,Yes,4.8,Not Placed,54.666666666666664,Need Improvement,Average
Elizabeth Anderson,80.8,58,57,69,Debate,74790.0,Yes,5.8,Not Placed,61.333333333333336,safe,Average
Elizabeth Rodriguez,44.2,49,64,79,NCC,113896.0,Yes,5.1,Placed,64.0,safe,Average
Thomas Thomas,82.4,87,84,60,Music,64702.0,Yes,4.9,Placed,77.0,safe,Good
Kimberly Allen,76.9,57,70,85,Music,72052.0,Yes,6.7,Placed,70.66666666666667,safe,Good
Mary Martinez,70.7,58,63,78,Sports,69385.0,No,6.6,Placed,66.33333333333333,safe,Average
Betty Johnson,92.2,58,72,58,Music,9950.0,Yes,4.9,Placed,62.666666666666664,safe,Average
Michelle Lopez,59.8,47,60,47,Volunteer,58620.0,Yes,2.9,Placed,51.333333333333336,Need Improvement,Average
Steven Rodriguez,84.1,46,55,49,Sports,11887.0,Yes,3.2,Not Placed,50.0,Need Improvement,Average
Betty Wright,88.1,80,87,94,Debate,80882.0,Yes,6.9,Placed,87.0,safe,Excellent
Emily Robinson,85.5,76,85,100,Sports,106737.0,No,7.0,Placed,87.0,safe,Excellent
Elizabeth Lopez,80.4,15,31,35,Music,59908.0,No,2.0,Not Placed,27.0,At risk,Poor
Cynthia Smith,73.1,64,72,54,Volunteer,55749.0,Yes,3.1,Placed,63.333333333333336,safe,Average
Jacob Sanchez,80.0,68,80,98,Sports,55157.0,No,6.3,Placed,82.0,safe,Good
Ashley Hernandez,76.5,31,48,52,Debate,26769.0,No,3.8,Not Placed,43.666666666666664,Need Improvement,Poor
Emily Miller,82.5,57,75,41,Debate,93492.0,Yes,3.0,Placed,57.666666666666664,Need Improvement,Average
Richard Lee,71.4,76,71,72,Debate,55274.0,Yes,6.4,Placed,73.0,safe,Good
Richard Lewis,77.7,44,68,54,Sports,73126.0,No,4.6,Placed,55.333333333333336,Need Improvement,Average
Deborah Sanchez,84.3,86,92,95,Volunteer,102408.0,Yes,8.5,Placed,91.0,safe,Excellent
Michelle Johnson,94.7,64,76,100,NCC,37348.0,No,6.6,Placed,80.0,safe,Good
Jessica Robinson,78.7,47,49,52,Volunteer,55304.0,Yes,3.8,Not Placed,49.333333333333336,Need Improvement,Poor
Angela Lopez,80.0,63,72,77,Sports,70119.0,Yes,5.3,Placed,70.66666666666667,safe,Good
Rebecca Miller,72.6,43,48,63,Sports,61082.0,Yes,3.2,Not Placed,51.333333333333336,Need Improvement,Average
Jessica Harris,80.0,85,0,99,Sports,79412.0,No,8.1,Placed,61.333333333333336,safe,Average
Matthew Hill,77.6,86,78,71,Music,20022.0,Yes,8.3,Placed,78.33333333333333,safe,Good
Stephanie White,88.4,68,78,71,Sports,8000.0,Yes,6.3,Placed,72.33333333333333,safe,Good
Nancy Lopez,84.3,78,92,100,Sports,47905.0,Yes,8.5,Placed,90.0,safe,Excellent
Jennifer Martin,100.0,58,90,81,Debate,64994.0,No,5.2,Placed,76.33333333333333,safe,Good
Linda Anderson,80.5,43,48,55,NCC,73402.0,No,2.3,Not Placed,48.666666666666664,Need Improvement,Poor
Ashley Thomas,83.2,48,56,78,Debate,117485.0,Yes,4.0,Not Placed,60.666666666666664,safe,Average
Susan Garcia,59.2,86,92,100,Debate,58586.0,Yes,9.7,Placed,92.66666666666667,safe,Excellent
Thomas Davis,81.8,35,61,61,Debate,59273.0,No,3.6,Placed,52.333333333333336,Need Improvement,Average
Jessica Robinson,80.2,88,80,97,Debate,22447.0,Yes,8.5,Placed,88.33333333333333,safe,Excellent
Kenneth Allen,80.6,67,55,63,Music,102076.0,Yes,4.9,Not Placed,61.666666666666664,safe,Average
Robert Clark,94.5,49,62,56,Sports,83304.0,Yes,2.5,Placed,55.666666666666664,Need Improvement,Average
David Ramirez,69.6,38,64,72,Sports,56530.0,Yes,3.5,Placed,58.0,Need Improvement,Average
Thomas Taylor,97.9,58,55,59,NCC,58004.0,No,5.0,Not Placed,57.333333333333336,Need Improvement,Average
Patricia Hill,62.8,83,88,100,Volunteer,39231.0,Yes,7.5,Placed,90.33333333333333,safe,Excellent
Mark Hill,66.2,52,58,81,NCC,37888.0,Yes,5.6,Not Placed,63.666666666666664,safe,Average
Jennifer Sanchez,79.6,37,36,44,Volunteer,86542.0,Yes,3.7,Not Placed,39.0,At risk,Poor
James White,97.5,57,67,81,Sports,27207.0,Yes,5.6,Placed,68.33333333333333,safe,Average
Sharon Wright,75.1,59,81,100,Sports,85242.0,Yes,7.6,Placed,80.0,safe,Good
Kenneth Allen,82.8,33,64,61,Music,85256.0,Yes,5.4,Placed,52.666666666666664,Need Improvement,Average
Joshua Lee,76.4,61,81,97,Sports,8000.0,Yes,7.9,Placed,79.66666666666667,safe,Good
Daniel Sanchez,77.1,66,85,86,Sports,49770.0,No,7.4,Placed,79.0,safe,Good
Matthew Moore,100.0,60,82,69,NCC,70128.0,Yes,4.3,Placed,70.33333333333333,safe,Good
Emily Lopez,73.3,48,53,80,NCC,65757.0,No,6.8,Not Placed,60.333333333333336,safe,Average
Sharon Jackson,82.9,37,47,47,Sports,89475.0,No,2.1,Not Placed,43.666666666666664,Need Improvement,Poor
Nicholas Johnson,68.4,66,67,75,Sports,55574.0,Yes,6.9,Placed,69.33333333333333,safe,Average
Laura Smith,71.0,54,63,56,Sports,32193.0,Yes,2.4,Placed,57.666666666666664,Need Improvement,Average
Joseph Williams,62.6,72,77,100,Sports,55590.0,Yes,8.3,Placed,83.0,safe,Good
Jacob Jackson,84.1,78,73,68,NCC,64976.0,Yes,5.8,Placed,73.0,safe,Good
Richard Gonzalez,87.0,34,54,55,Sports,68683.0,Yes,3.5,Not Placed,47.666666666666664,Need Improvement,Poor
Mary Thomas,82.8,74,68,82,Music,12597.0,No,6.0,Placed,74.66666666666667,safe,Good
Emma Garcia,100.0,67,56,62,Sports,80061.0,Yes,5.5,Not Placed,61.666666666666664,safe,Average
Ryan Perez,76.6,63,84,70,NCC,29038.0,No,6.4,Placed,72.33333333333333,safe,Good
Nicholas Rodriguez,63.9,52,71,87,Music,70035.0,No,5.6,Placed,70.0,safe,Good
Amy Hernandez,86.1,61,70,68,Volunteer,25606.0,Yes,5.5,Placed,66.33333333333333,safe,Average
Michael Ramirez,73.5,43,35,65,Sports,21523.0,No,5.0,Not Placed,47.666666666666664,Need Improvement,Poor
Rebecca Allen,85.0,59,53,71,Sports,49309.0,Yes,6.5,Not Placed,61.0,safe,Average
Mark Johnson,73.3,55,66,77,Music,68640.0,No,6.8,Placed,66.0,safe,Average
Sandra Johnson,79.8,50,59,64,Music,40885.0,No,3.7,Not Placed,57.666666666666664,Need Improvement,Average
James King,74.4,44,51,29,Sports,63186.0,Yes,1.5,Not Placed,41.333333333333336,Need Improvement,Poor
Mark Thompson,80.0,70,70,86,Music,48626.0,Yes,6.3,Placed,75.33333333333333,safe,Good
Matthew Ramirez,89.0,63,63,60,Sports,108398.0,Yes,4.3,Placed,62.0,safe,Average
Sarah Johnson,80.7,82,70,99,Debate,75206.0,No,8.1,Placed,83.66666666666667,safe,Good
George King,76.5,58,57,64,Music,112419.0,Yes,6.2,Not Placed,59.666666666666664,Need Improvement,Average
Jason Johnson,89.6,64,72,86,Music,32763.0,No,5.7,Placed,74.0,safe,Good
Joshua Flores,80.0,53,65,55,Sports,63767.0,No,5.1,Placed,57.666666666666664,Need Improvement,Average
Elizabeth Torres,73.1,68,71,80,Sports,62801.0,Yes,7.5,Placed,73.0,safe,Good
Jessica Flores,84.0,67,62,72,NCC,38475.0,Yes,5.9,Placed,67.0,safe,Average
Nancy Taylor,98.4,83,81,70,Volunteer,81301.0,Yes,6.9,Placed,78.0,safe,Good
Jason Anderson,80.0,60,71,64,NCC,73040.0,Yes,6.7,Placed,65.0,safe,Average
Sandra Lopez,75.8,59,71,39,Volunteer,44478.0,No,4.2,Placed,56.333333333333336,Need Improvement,Average
Mark Robinson,77.0,66,64,75,Sports,23365.0,Yes,6.8,Placed,68.33333333333333,safe,Average
Donna Walker,80.2,67,73,98,Sports,55635.0,Yes,7.3,Placed,79.33333333333333,safe,Good
Amy Flores,83.9,47,0,43,Sports,82049.0,Yes,4.2,Not Placed,30.0,At risk,Poor
Jason Allen,83.6,45,90,60,Debate,92108.0,No,4.0,Not Placed,65.0,safe,Average
Charles Rodriguez,64.3,52,57,95,Debate,57289.0,No,5.4,Not Placed,68.0,safe,Average
Amy Allen,61.6,64,82,93,Sports,57931.0,Yes,5.3,Placed,79.66666666666667,safe,Good
Susan Clark,80.0,45,51,66,Volunteer,50644.0,Yes,4.9,Not Placed,54.0,Need Improvement,Average
Stephanie Torres,60.0,66,62,100,Volunteer,82340.0,Yes,7.9,Placed,76.0,safe,Good
Kevin Lee,87.7,40,56,43,Music,90628.0,Yes,2.1,Not Placed,46.333333333333336,Need Improvement,Poor
Robert Smith,71.2,39,39,47,Sports,48249.0,Yes,2.9,Not Placed,41.666666666666664,Need Improvement,Poor
Kenneth Hill,91.9,76,72,72,Debate,45119.0,Yes,6.0,Placed,73.33333333333333,safe,Good
Laura Anderson,80.0,40,51,40,Sports,37013.0,Yes,1.0,Not Placed,43.666666666666664,Need Improvement,Poor
Robert Lopez,60.7,67,67,74,Volunteer,60629.0,No,7.2,Placed,69.33333333333333,safe,Average
Ryan Flores,73.1,70,72,90,Sports,94245.0,Yes,6.7,Placed,77.33333333333333,safe,Good
Melissa Lee,94.9,83,86,67,Debate,24015.0,No,6.9,Placed,78.66666666666667,safe,Good
Andrew Martin,99.6,66,91,91,NCC,78974.0,No,7.4,Placed,82.66666666666667,safe,Good
Brian Perez,84.1,82,80,77,Sports,58747.0,Yes,6.1,Placed,79.66666666666667,safe,Good
Linda Jackson,88.4,57,64,70,Debate,64702.0,Yes,4.6,Placed,63.666666666666664,safe,Average
Kevin Smith,71.0,57,61,61,NCC,120171.0,Yes,5.9,Placed,59.666666666666664,Need Improvement,Average
Michael Thompson,69.1,64,69,100,Sports,88626.0,No,7.0,Placed,77.66666666666667,safe,Good
Matthew Martin,58.3,61,54,57,Volunteer,64702.0,No,5.3,Not Placed,57.333333333333336,Need Improvement,Average
Amy Clark,95.9,46,83,74,NCC,109354.0,Yes,5.0,Placed,67.66666666666667,safe,Average
James Thompson,59.6,35,43,41,Sports,21564.0,Yes,3.7,Not Placed,39.666666666666664,At risk,Poor
John Wilson,100.0,59,73,67,Sports,74002.0,Yes,6.0,Placed,66.33333333333333,safe,Average
Jacob Thompson,73.9,83,71,78,Volunteer,82220.0,Yes,6.9,Placed,77.33333333333333,safe,Good
Sharon Martin,91.7,60,70,67,Sports,43334.0,No,5.3,Not Placed,65.66666666666667,safe,Average
Thomas Ramirez,79.8,49,68,98,Sports,85098.0,Yes,7.4,Placed,71.66666666666667,safe,Good
Nicholas Hill,64.2,78,82,100,Sports,59753.0,No,9.6,Placed,86.66666666666667,safe,Excellent
Charles Lee,72.1,51,57,70,Music,90951.0,No,4.2,Not Placed,59.333333333333336,Need Improvement,Average
William Taylor,68.8,56,58,92,Sports,89712.0,No,5.3,Not Placed,68.66666666666667,safe,Average
Paul Wright,86.9,45,56,62,Debate,90256.0,No,5.4,Not Placed,54.333333333333336,Need Improvement,Average
Lisa Allen,70.5,50,68,47,Volunteer,43293.0,Yes,3.8,Placed,55.0,Need Improvement,Average
Matthew Wilson,100.0,98,99,100,Sports,64702.0,Yes,8.6,Placed,99.0,safe,Excellent
Lisa Brown,80.0,72,69,86,NCC,87739.0,Yes,7.0,Placed,75.66666666666667,safe,Good
Amy Brown,76.1,86,76,96,Music,59344.0,Yes,7.8,Placed,86.0,safe,Excellent
Cynthia Allen,73.0,47,46,67,Sports,64702.0,No,5.5,Not Placed,53.333333333333336,Need Improvement,Average
James Thompson,95.0,79,70,91,Music,20970.0,Yes,8.2,Placed,80.0,safe,Good
Anthony Lopez,89.0,65,67,77,Sports,59572.0,Yes,5.7,Placed,69.66666666666667,safe,Average
David Thomas,77.2,83,69,69,Sports,8000.0,No,5.4,Placed,73.66666666666667,safe,Good
Mary Perez,71.7,55,54,58,Sports,52154.0,Yes,3.5,Not Placed,55.666666666666664,Need Improvement,Average
Ashley Young,94.3,57,0,37,NCC,76735.0,Yes,1.8,Placed,31.333333333333332,At risk,Poor
George Allen,100.0,83,90,75,Debate,72366.0,Yes,6.0,Placed,82.66666666666667,safe,Good
Kenneth Johnson,87.6,58,67,56,Volunteer,117494.0,Yes,3.9,Placed,60.333333333333336,safe,Average
Matthew Flores,74.7,63,58,96,Debate,42451.0,No,7.6,Not Placed,72.33333333333333,safe,Good
Susan Perez,59.6,54,53,89,Sports,47466.0,Yes,7.0,Not Placed,65.33333333333333,safe,Average
George White,87.9,60,65,47,Debate,43309.0,No,3.6,Placed,57.333333333333336,Need Improvement,Average
Sandra Garcia,88.6,88,87,100,Volunteer,111085.0,Yes,10.0,Placed,91.66666666666667,safe,Excellent
Michael Wilson,80.0,53,48,58,Sports,78310.0,Yes,4.4,Not Placed,53.0,Need Improvement,Average
Susan Clark,81.5,69,82,96,Sports,53353.0,No,6.8,Placed,82.33333333333333,safe,Good
Michelle Martinez,75.4,50,67,86,NCC,28885.0,Yes,6.0,Placed,67.66666666666667,safe,Average
Linda White,100.0,57,80,66,Volunteer,46130.0,No,7.0,Not Placed,67.66666666666667,safe,Average
Richard Garcia,83.8,75,73,84,Music,67724.0,Yes,6.9,Placed,77.33333333333333,safe,Good
Nicholas Jones,83.4,58,85,65,NCC,91375.0,No,4.5,Placed,69.33333333333333,safe,Average
George Robinson,73.5,81,67,78,Music,80335.0,Yes,7.6,Placed,75.33333333333333,safe,Good
Laura King,80.3,67,69,76,Sports,59454.0,Yes,5.4,Placed,70.66666666666667,safe,Good
Ashley Ramirez,98.6,83,96,79,Volunteer,65810.0,Yes,7.3,Placed,86.0,safe,Excellent
Cynthia Miller,90.4,42,39,36,Sports,29541.0,Yes,1.0,Not Placed,39.0,At risk,Poor
Sarah Smith,75.5,61,53,68,NCC,29923.0,Yes,4.9,Not Placed,60.666666666666664,safe,Average
Kimberly Anderson,97.6,42,42,40,Sports,103973.0,No,3.2,Not Placed,41.333333333333336,Need Improvement,Poor
Anthony Jones,86.8,40,46,26,Debate,73326.0,Yes,1.1,Not Placed,37.333333333333336,At risk,Poor
Kimberly Jackson,57.1,59,65,83,Debate,78556.0,Yes,6.7,Placed,69.0,safe,Average
Donald Ramirez,82.9,57,78,79,Debate,83330.0,Yes,6.3,Placed,71.33333333333333,safe,Good
Ashley Robinson,85.6,57,66,81,Sports,63483.0,Yes,6.1,Placed,68.0,safe,Average
Ryan Anderson,78.4,47,53,59,Music,71308.0,Yes,3.8,Not Placed,53.0,Need Improvement,Average
John Martin,65.7,93,85,92,Sports,63856.0,No,9.1,Placed,90.0,safe,Excellent
Thomas Gonzalez,71.6,95,92,100,Debate,100106.0,Yes,10.0,Placed,95.66666666666667,safe,Excellent
William Hill,87.5,57,62,89,Sports,96572.0,No,6.4,Placed,69.33333333333333,safe,Average
Karen Gonzalez,94.8,49,64,76,Music,79786.0,No,5.0,Placed,63.0,safe,Average
Robert Thomas,91.0,73,84,96,Sports,73264.0,No,7.8,Placed,84.33333333333333,safe,Good
Jacob Harris,75.0,70,77,90,Sports,62269.0,Yes,7.2,Placed,79.0,safe,Good
Jennifer Thomas,71.8,80,93,99,Volunteer,83201.0,No,9.1,Placed,90.66666666666667,safe,Excellent
Cynthia Scott,97.6,67,74,72,Sports,77378.0,No,5.4,Placed,71.0,safe,Good
Jacob Allen,100.0,53,65,70,Debate,99320.0,Yes,5.4,Placed,62.666666666666664,safe,Average
Steven Sanchez,83.8,27,90,55,Music,91194.0,No,1.2,Not Placed,57.333333333333336,Need Improvement,Average
Andrew Gonzalez,79.5,83,86,85,Debate,97384.0,Yes,7.0,Placed,84.66666666666667,safe,Good
Susan Ramirez,81.2,61,64,35,Sports,62044.0,Yes,4.0,Placed,53.333333333333336,Need Improvement,Average
Richard Gonzalez,67.6,72,75,70,NCC,114218.0,Yes,6.4,Placed,72.33333333333333,safe,Good
Carol Anderson,95.8,70,65,65,Debate,64702.0,Yes,3.0,Placed,66.66666666666667,safe,Average
Lisa Allen,96.9,70,81,70,Volunteer,47953.0,Yes,3.8,Placed,73.66666666666667,safe,Good
Karen Hill,91.4,44,44,54,Sports,64702.0,Yes,4.1,Not Placed,47.333333333333336,Need Improvement,Poor
Rebecca Ramirez,100.0,60,55,70,Music,24811.0,Yes,4.8,Not Placed,61.666666666666664,safe,Average
Cynthia Johnson,92.2,78,76,79,Sports,64926.0,Yes,8.4,Placed,77.66666666666667,safe,Good
Cynthia Hernandez,65.4,60,60,60,NCC,84601.0,Yes,4.7,Placed,60.0,safe,Average
Amanda Brown,73.5,41,54,50,Volunteer,51511.0,No,3.6,Not Placed,48.333333333333336,Need Improvement,Poor
Kevin King,46.8,51,61,70,Volunteer,30520.0,Yes,3.5,Placed,60.666666666666664,safe,Average
Donna Rodriguez,73.8,53,0,85,Sports,52786.0,No,5.9,Not Placed,46.0,Need Improvement,Poor
Andrew Thompson,79.0,53,65,73,NCC,74003.0,Yes,3.5,Placed,63.666666666666664,safe,Average
Karen Martin,66.6,41,47,48,Sports,60010.0,Yes,4.2,Not Placed,45.333333333333336,Need Improvement,Poor
Edward Martin,74.1,46,69,95,Debate,14612.0,Yes,4.8,Placed,70.0,safe,Good
George Wilson,94.9,90,0,90,Sports,76615.0,No,7.5,Placed,60.0,safe,Average
Deborah Hill,88.7,68,57,85,Debate,75825.0,No,6.2,Not Placed,70.0,safe,Good
Emma Lewis,76.3,37,54,30,Volunteer,13757.0,Yes,1.7,Not Placed,40.333333333333336,Need Improvement,Poor
Laura Harris,60.6,50,52,75,Sports,37043.0,No,4.7,Not Placed,59.0,Need Improvement,Average
Cynthia Gonzalez,73.7,54,72,63,Sports,63533.0,Yes,5.0,Placed,63.0,safe,Average
Linda Moore,100.0,58,75,73,Sports,38998.0,No,6.2,Placed,68.66666666666667,safe,Average
Sandra White,76.5,53,54,66,Volunteer,64702.0,Yes,5.9,Not Placed,57.666666666666664,Need Improvement,Average
Nancy Flores,88.9,78,78,100,Music,111361.0,No,8.5,Placed,85.33333333333333,safe,Excellent
Kevin Hernandez,77.0,72,58,83,Sports,88875.0,Yes,5.8,Not Placed,71.0,safe,Good
Emily Thomas,75.9,71,0,100,Sports,51846.0,No,9.5,Placed,57.0,Need Improvement,Average
Jennifer Sanchez,100.0,82,0,100,Sports,38655.0,Yes,7.6,Placed,60.666666666666664,safe,Average
Richard Torres,80.0,50,76,67,Debate,8000.0,No,4.1,Placed,64.33333333333333,safe,Average
Edward Anderson,100.0,80,74,76,Sports,50064.0,Yes,5.9,Placed,76.66666666666667,safe,Good
Richard Lee,67.8,57,59,80,Debate,60656.0,Yes,6.0,Not Placed,65.33333333333333,safe,Average
Michelle Allen,65.5,49,40,59,Sports,46844.0,No,4.9,Not Placed,49.333333333333336,Need Improvement,Poor
Donald White,66.8,67,68,100,Volunteer,58742.0,No,8.2,Placed,78.33333333333333,safe,Good
Charles Taylor,71.1,45,31,40,Music,117908.0,Yes,2.3,Not Placed,38.666666666666664,At risk,Poor
Brian Davis,100.0,48,57,49,Sports,48863.0,Yes,2.9,Not Placed,51.333333333333336,Need Improvement,Average
Cynthia White,52.3,53,46,82,Volunteer,75129.0,Yes,6.0,Not Placed,60.333333333333336,safe,Average
Donna Allen,80.0,48,60,82,Volunteer,31575.0,Yes,5.9,Placed,63.333333333333336,safe,Average
Deborah Rodriguez,66.6,84,87,100,Music,76332.0,Yes,9.8,Placed,90.33333333333333,safe,Excellent
Nancy Lee,73.6,61,70,81,Debate,25717.0,Yes,6.0,Placed,70.66666666666667,safe,Good
Michael Thompson,91.8,77,83,100,Sports,39763.0,Yes,6.6,Placed,86.66666666666667,safe,Excellent
Michael Allen,76.0,61,76,99,Volunteer,70632.0,Yes,7.1,Placed,78.66666666666667,safe,Good
Donald Walker,67.2,35,61,82,NCC,15591.0,No,5.8,Placed,59.333333333333336,Need Improvement,Average
Robert Johnson,71.1,48,46,54,Sports,64702.0,No,5.5,Not Placed,49.333333333333336,Need Improvement,Poor
Kimberly King,80.1,52,67,70,Debate,9078.0,Yes,3.8,Placed,63.0,safe,Average
Ashley Smith,73.6,84,72,100,Debate,74572.0,Yes,10.0,Placed,85.33333333333333,safe,Excellent
Karen Allen,62.5,33,48,57,Music,64636.0,Yes,4.0,Not Placed,46.0,Need Improvement,Poor
George Lewis,68.4,44,48,45,Volunteer,160393.0,Yes,4.2,Not Placed,45.666666666666664,Need Improvement,Poor
Joshua Clark,78.1,45,58,73,Sports,114141.0,Yes,5.0,Not Placed,58.666666666666664,Need Improvement,Average
Donna Walker,76.0,65,75,82,Music,65177.0,Yes,6.3,Placed,74.0,safe,Good
Michelle Hill,92.2,55,68,74,Debate,71681.0,Yes,4.9,Placed,65.66666666666667,safe,Average
Deborah Walker,80.0,56,70,89,Sports,38607.0,Yes,5.0,Placed,71.66666666666667,safe,Good
John Thomas,73.5,39,44,52,Music,75479.0,No,4.3,Not Placed,45.0,Need Improvement,Poor
Amanda Thomas,75.3,61,58,67,Volunteer,84869.0,No,4.6,Not Placed,62.0,safe,Average
Angela Jones,100.0,70,62,63,Sports,63709.0,No,4.6,Placed,65.0,safe,Average
Jacob Scott,73.5,69,54,41,Sports,78779.0,Yes,3.3,Not Placed,54.666666666666664,Need Improvement,Average
Nicholas Jones,85.7,63,81,93,Sports,78082.0,No,7.6,Placed,79.0,safe,Good
Edward Sanchez,78.3,46,90,82,Sports,81295.0,No,8.2,Not Placed,72.66666666666667,safe,Good
Patricia Wright,80.0,94,83,81,Music,84071.0,Yes,7.5,Placed,86.0,safe,Excellent
Charles Williams,80.0,80,79,78,Volunteer,70108.0,Yes,7.4,Placed,79.0,safe,Good
Amy Garcia,90.0,63,79,66,Sports,51385.0,Yes,5.5,Placed,69.33333333333333,safe,Average
Emma Hill,82.7,62,84,100,Sports,89416.0,Yes,7.0,Placed,82.0,safe,Good
Susan Williams,78.8,78,85,83,Debate,57430.0,Yes,8.1,Placed,82.0,safe,Good
Donna Ramirez,78.2,37,49,48,NCC,43712.0,Yes,4.3,Not Placed,44.666666666666664,Need Improvement,Poor
Sandra Hill,99.6,56,65,55,NCC,43535.0,Yes,2.4,Placed,58.666666666666664,Need Improvement,Average
Deborah Wright,89.0,39,42,37,Sports,72683.0,Yes,3.1,Not Placed,39.333333333333336,At risk,Poor
Michael Lewis,85.9,60,64,53,Sports,69520.0,Yes,3.1,Placed,59.0,Need Improvement,Average
Ryan Wilson,90.0,42,63,47,Sports,29864.0,Yes,2.7,Placed,50.666666666666664,Need Improvement,Average
Nicholas Jackson,64.9,75,80,70,Music,127900.0,Yes,5.3,Placed,75.0,safe,Good
Angela Clark,72.4,49,74,85,Sports,29069.0,Yes,3.7,Placed,69.33333333333333,safe,Average
Paul King,78.2,56,52,60,Debate,64702.0,Yes,4.5,Not Placed,56.0,Need Improvement,Average
Ashley Hill,80.9,70,84,90,NCC,136136.0,No,7.0,Placed,81.33333333333333,safe,Good
James Miller,94.8,63,64,72,Sports,16341.0,Yes,6.6,Placed,66.33333333333333,safe,Average
Cynthia Lopez,85.5,54,66,76,Debate,28124.0,No,4.5,Placed,65.33333333333333,safe,Average
Sandra Jackson,80.0,59,69,84,NCC,90070.0,Yes,7.2,Placed,70.66666666666667,safe,Good
Jennifer Garcia,70.0,70,75,81,Music,50067.0,Yes,6.7,Placed,75.33333333333333,safe,Good
Kimberly Martin,81.7,69,85,74,Volunteer,64702.0,Yes,5.1,Placed,76.0,safe,Good
Linda Rodriguez,66.6,46,70,100,Debate,56111.0,Yes,8.3,Placed,72.0,safe,Good
David Martin,65.9,41,51,100,Debate,54329.0,No,6.5,Not Placed,64.0,safe,Average
Donald Wilson,96.9,52,81,72,Debate,43673.0,Yes,6.3,Placed,68.33333333333333,safe,Average
Carol Thomas,83.0,69,89,88,Debate,70300.0,Yes,6.7,Placed,82.0,safe,Good
Joseph Clark,77.1,55,56,59,Sports,85525.0,Yes,2.6,Not Placed,56.666666666666664,Need Improvement,Average
Michelle Torres,78.9,70,86,97,Sports,79160.0,Yes,6.9,Placed,84.33333333333333,safe,Good
Lisa Thompson,71.8,73,79,53,Volunteer,64303.0,Yes,5.1,Placed,68.33333333333333,safe,Average
Jennifer Moore,72.7,77,89,85,Music,106426.0,Yes,6.6,Placed,83.66666666666667,safe,Good
Sandra Thompson,87.7,75,55,60,Sports,13061.0,Yes,5.0,Not Placed,63.333333333333336,safe,Average
Matthew Scott,85.6,46,70,81,Sports,53126.0,Yes,5.7,Placed,65.66666666666667,safe,Average
Ronald White,61.3,41,59,87,Sports,73690.0,Yes,6.5,Not Placed,62.333333333333336,safe,Average
Donna Young,83.8,68,82,60,Sports,43983.0,Yes,5.5,Placed,70.0,safe,Good
Nicholas White,80.8,47,48,57,Volunteer,40217.0,Yes,2.4,Not Placed,50.666666666666664,Need Improvement,Average
Joshua Clark,71.1,73,80,92,Sports,66147.0,No,6.7,Placed,81.66666666666667,safe,Good
Elizabeth Walker,96.2,62,90,62,Sports,19803.0,Yes,4.5,Placed,71.33333333333333,safe,Good
Amy Walker,87.5,63,66,51,NCC,53554.0,Yes,3.8,Placed,60.0,safe,Average
Jennifer Hill,93.6,83,70,69,NCC,71080.0,Yes,6.4,Placed,74.0,safe,Good
John Smith,97.6,74,85,89,Sports,22139.0,Yes,6.1,Placed,82.66666666666667,safe,Good
Thomas Martin,80.0,54,61,62,Debate,125063.0,Yes,4.8,Placed,59.0,Need Improvement,Average
Nancy Martin,81.3,65,74,72,Sports,40840.0,Yes,6.5,Placed,70.33333333333333,safe,Good
Jason Anderson,81.1,46,50,69,Sports,113661.0,No,4.0,Not Placed,55.0,Need Improvement,Average
Rebecca Rodriguez,71.6,52,61,75,NCC,67715.0,No,4.8,Placed,62.666666666666664,safe,Average
Mark Wright,70.6,44,55,40,NCC,60471.0,No,3.2,Not Placed,46.333333333333336,Need Improvement,Poor
Brian Torres,80.3,85,80,100,Sports,81880.0,No,9.3,Placed,88.33333333333333,safe,Excellent
James Garcia,100.0,100,90,100,Volunteer,8000.0,Yes,9.3,Placed,96.66666666666667,safe,Excellent
Nicholas Torres,57.6,83,78,69,Music,63843.0,No,6.9,Placed,76.66666666666667,safe,Good
Emily Clark,70.1,48,57,61,Volunteer,90783.0,Yes,5.7,Not Placed,55.333333333333336,Need Improvement,Average
Rebecca Thompson,93.2,71,79,74,Sports,120377.0,Yes,5.8,Placed,74.66666666666667,safe,Good
Lisa White,80.0,30,58,67,Volunteer,38144.0,No,4.0,Not Placed,51.666666666666664,Need Improvement,Average
Gary Anderson,77.7,67,75,57,Sports,95128.0,Yes,5.1,Placed,66.33333333333333,safe,Average
Paul Wilson,82.8,65,72,89,Volunteer,40081.0,Yes,6.7,Placed,75.33333333333333,safe,Good
Joseph Ramirez,86.7,60,61,66,Sports,86020.0,Yes,5.4,Placed,62.333333333333336,safe,Average
Emma Thomas,77.9,54,53,64,Debate,53494.0,Yes,5.1,Not Placed,57.0,Need Improvement,Average
Robert Allen,81.1,86,70,57,NCC,8000.0,Yes,5.3,Placed,71.0,safe,Good
Anthony Thompson,72.6,34,40,38,Debate,64460.0,Yes,1.3,Not Placed,37.333333333333336,At risk,Poor
Angela Young,72.4,57,85,100,Sports,64702.0,No,7.6,Placed,80.66666666666667,safe,Good
Sandra Thomas,80.0,83,86,100,Sports,55842.0,No,8.4,Placed,89.66666666666667,safe,Excellent
Susan Miller,80.3,63,70,73,Volunteer,50630.0,Yes,4.0,Placed,68.66666666666667,safe,Average
Jason Robinson,70.2,62,68,100,Music,84897.0,Yes,7.2,Placed,76.66666666666667,safe,Good
Michelle Thompson,99.5,79,85,98,Music,94781.0,Yes,7.4,Placed,87.33333333333333,safe,Excellent
Ronald Flores,70.6,60,90,65,Debate,94684.0,Yes,3.9,Placed,71.66666666666667,safe,Good
Jessica Williams,60.6,57,63,76,Music,72556.0,Yes,5.8,Placed,65.33333333333333,safe,Average
Linda Hill,87.5,74,67,82,Debate,68198.0,Yes,6.9,Placed,74.33333333333333,safe,Good
Robert Rodriguez,82.6,82,85,78,Music,94438.0,Yes,7.2,Placed,81.66666666666667,safe,Good
Amanda Rodriguez,69.0,47,67,82,Music,48861.0,No,5.8,Placed,65.33333333333333,safe,Average
Steven Brown,69.1,44,68,82,Debate,63254.0,Yes,6.3,Placed,64.66666666666667,safe,Average
Michelle Thomas,89.2,68,70,82,Sports,35197.0,No,8.1,Placed,73.33333333333333,safe,Good
Emily Hernandez,61.5,74,64,69,NCC,80060.0,Yes,5.0,Placed,69.0,safe,Average
Thomas Sanchez,71.5,63,76,89,Sports,43574.0,No,6.6,Placed,76.0,safe,Good
Lisa Wilson,78.9,52,65,99,Sports,83591.0,Yes,7.4,Placed,72.0,safe,Good
Thomas Nguyen,80.0,65,84,74,Sports,32781.0,No,5.9,Placed,74.33333333333333,safe,Good
Donald Clark,66.7,47,59,66,Volunteer,62199.0,Yes,5.4,Not Placed,57.333333333333336,Need Improvement,Average
Robert Anderson,100.0,75,72,100,Sports,64702.0,No,8.4,Placed,82.33333333333333,safe,Good
Donna Johnson,68.2,70,80,67,Music,57415.0,Yes,5.1,Placed,72.33333333333333,safe,Good
Robert Ramirez,80.0,72,86,93,NCC,64702.0,Yes,7.5,Placed,83.66666666666667,safe,Good
Sandra Allen,74.8,62,61,66,Sports,60662.0,Yes,7.4,Placed,63.0,safe,Average
Charles Miller,67.0,56,68,80,Debate,18544.0,Yes,5.1,Placed,68.0,safe,Average
Amy Flores,94.8,30,67,79,Volunteer,49573.0,No,6.3,Placed,58.666666666666664,Need Improvement,Average
Jennifer King,63.3,62,83,94,Sports,61794.0,No,7.5,Placed,79.66666666666667,safe,Good
Andrew Perez,77.4,62,70,63,Volunteer,43024.0,No,5.2,Placed,65.0,safe,Average
Elizabeth Wright,59.0,62,82,100,NCC,42474.0,Yes,7.2,Placed,81.33333333333333,safe,Good
Ronald Gonzalez,76.0,77,77,74,Debate,89994.0,Yes,6.9,Placed,76.0,safe,Good
Jason Taylor,80.3,43,44,66,Volunteer,72118.0,No,4.3,Not Placed,51.0,Need Improvement,Average
Lisa Sanchez,69.7,61,78,89,Sports,46732.0,No,7.0,Placed,76.0,safe,Good
David Taylor,85.7,43,50,72,NCC,44304.0,Yes,3.9,Not Placed,55.0,Need Improvement,Average
Jessica Hill,85.4,57,78,74,Volunteer,48701.0,Yes,3.8,Placed,69.66666666666667,safe,Average
James Lewis,72.6,82,80,98,Sports,56541.0,Yes,8.0,Placed,86.66666666666667,safe,Excellent
Carol White,92.2,62,66,76,Debate,32304.0,Yes,6.0,Placed,68.0,safe,Average
Joseph Miller,63.0,57,82,100,NCC,89565.0,No,7.2,Placed,79.66666666666667,safe,Good
Carol Flores,74.3,72,73,91,Music,64702.0,Yes,8.0,Placed,78.66666666666667,safe,Good
Jennifer Wilson,70.3,38,66,79,Music,83095.0,No,5.1,Placed,61.0,safe,Average
John Robinson,94.8,62,58,58,NCC,101406.0,No,4.9,Not Placed,59.333333333333336,Need Improvement,Average
Melissa Brown,55.9,60,65,76,NCC,96347.0,Yes,7.4,Placed,67.0,safe,Average
Kevin Harris,72.5,42,66,73,Sports,69980.0,Yes,5.3,Placed,60.333333333333336,safe,Average
Sarah Wilson,96.6,79,100,95,Debate,41615.0,Yes,6.8,Placed,91.33333333333333,safe,Excellent
Michael Brown,94.9,54,57,67,Sports,65974.0,Yes,5.1,Not Placed,59.333333333333336,Need Improvement,Average
Mary Flores,66.3,59,64,78,Sports,72687.0,Yes,7.1,Placed,67.0,safe,Average
Nancy Allen,80.0,76,86,88,Music,34441.0,No,6.7,Placed,83.33333333333333,safe,Good
Gary Lewis,58.0,62,73,85,Sports,34135.0,Yes,6.4,Placed,73.33333333333333,safe,Good
Karen Moore,84.1,75,84,84,Sports,80690.0,Yes,5.5,Placed,81.0,safe,Good
Gary Young,88.5,61,59,59,Sports,35965.0,Yes,4.0,Not Placed,59.666666666666664,Need Improvement,Average
Michael Smith,76.9,28,37,55,Volunteer,90504.0,No,4.4,Not Placed,40.0,Need Improvement,Poor
Melissa Smith,100.0,92,90,87,Music,47367.0,Yes,6.3,Placed,89.66666666666667,safe,Excellent
Thomas Nguyen,82.8,49,51,62,NCC,52258.0,No,3.6,Not Placed,54.0,Need Improvement,Average
Kenneth Scott,81.2,66,70,89,Sports,49664.0,No,6.7,Placed,75.0,safe,Good
Sarah Wright,81.3,47,62,63,Volunteer,86869.0,No,4.1,Placed,57.333333333333336,Need Improvement,Average
Kenneth Martin,78.9,33,75,75,NCC,47435.0,No,3.5,Placed,61.0,safe,Average
Nicholas Rodriguez,72.9,57,53,81,Music,53240.0,Yes,5.7,Not Placed,63.666666666666664,safe,Average
Matthew Wright,77.2,82,0,100,Sports,36943.0,Yes,8.8,Placed,60.666666666666664,safe,Average
John Hernandez,96.4,88,0,68,Sports,64702.0,Yes,6.2,Placed,52.0,Need Improvement,Average
Gary Sanchez,82.9,77,86,100,NCC,76636.0,Yes,8.4,Placed,87.66666666666667,safe,Excellent
Sharon Thomas,80.0,71,65,97,Music,51221.0,No,7.5,Placed,77.66666666666667,safe,Good
Sandra Young,93.5,65,77,63,Debate,128929.0,Yes,2.6,Placed,68.33333333333333,safe,Average
Laura Young,84.1,52,66,74,Sports,64702.0,No,5.4,Placed,64.0,safe,Average
Ronald Ramirez,100.0,72,69,75,Music,49425.0,Yes,6.0,Placed,72.0,safe,Good
Jennifer Taylor,60.3,57,59,74,Debate,34691.0,Yes,7.3,Not Placed,63.333333333333336,safe,Average
Charles Flores,80.0,42,62,47,Sports,118281.0,Yes,2.8,Placed,50.333333333333336,Need Improvement,Average
Daniel Martin,77.2,65,59,76,NCC,78062.0,No,5.5,Not Placed,66.66666666666667,safe,Average
Emily Clark,100.0,60,76,85,Sports,28039.0,No,7.4,Placed,73.66666666666667,safe,Good
Steven Thompson,80.3,45,58,60,Music,105792.0,No,4.3,Not Placed,54.333333333333336,Need Improvement,Average
Betty Thomas,86.6,54,47,58,Music,10496.0,Yes,3.7,Not Placed,53.0,Need Improvement,Average
Charles Thompson,85.9,55,52,74,Debate,119379.0,Yes,5.6,Not Placed,60.333333333333336,safe,Average
George Clark,61.3,71,62,53,Music,14849.0,Yes,4.1,Placed,62.0,safe,Average
Michelle Scott,91.2,77,86,80,Sports,8000.0,No,7.6,Placed,81.0,safe,Good
Jacob Lee,73.8,28,29,29,Debate,52998.0,Yes,1.6,Not Placed,28.666666666666668,At risk,Poor
Robert Taylor,65.5,46,63,78,Sports,50173.0,No,4.6,Placed,62.333333333333336,safe,Average
William Johnson,95.6,90,95,95,Music,96547.0,Yes,6.4,Placed,93.33333333333333,safe,Excellent
Brian Jackson,84.9,73,81,72,Volunteer,128678.0,Yes,6.7,Placed,75.33333333333333,safe,Good
Mary Davis,77.8,87,90,88,Sports,8000.0,Yes,5.7,Placed,88.33333333333333,safe,Excellent
Gary Clark,78.6,57,51,71,Debate,23916.0,Yes,4.5,Not Placed,59.666666666666664,Need Improvement,Average
Jacob Rodriguez,62.9,41,63,94,Music,74133.0,Yes,7.0,Placed,66.0,safe,Average
Nicholas Gonzalez,98.3,41,52,32,NCC,80927.0,Yes,1.1,Not Placed,41.666666666666664,Need Improvement,Poor
Richard Young,74.2,86,93,100,Debate,59756.0,Yes,8.6,Placed,93.0,safe,Excellent
Ronald Clark,69.5,45,49,83,NCC,53902.0,No,4.9,Not Placed,59.0,Need Improvement,Average
Stephanie Clark,68.8,44,56,80,Music,100709.0,Yes,5.8,Not Placed,60.0,safe,Average
David Gonzalez,73.3,97,100,100,Debate,31805.0,Yes,9.0,Placed,99.0,safe,Excellent
Paul Williams,69.5,61,77,66,Music,126844.0,Yes,4.3,Placed,68.0,safe,Average
Sarah Smith,89.4,49,59,50,NCC,19003.0,Yes,2.5,Not Placed,52.666666666666664,Need Improvement,Average
Daniel Miller,77.1,74,73,88,Music,60156.0,Yes,7.2,Placed,78.33333333333333,safe,Good
Jessica Gonzalez,96.4,77,78,75,Debate,55910.0,Yes,5.7,Placed,76.66666666666667,safe,Good
Charles Moore,64.1,75,78,96,Music,47380.0,Yes,7.2,Placed,83.0,safe,Good
Joseph Gonzalez,66.7,61,51,67,Sports,99177.0,Yes,3.6,Not Placed,59.666666666666664,Need Improvement,Average
Robert Martin,83.9,61,66,95,Debate,94526.0,No,8.0,Placed,74.0,safe,Good
Ryan Nguyen,85.3,68,70,80,Sports,56882.0,Yes,6.7,Placed,72.66666666666667,safe,Good
Jacob Young,80.0,73,82,73,Debate,45928.0,Yes,4.5,Placed,76.0,safe,Good
Sarah Thompson,70.1,88,91,100,Sports,41137.0,No,10.0,Placed,93.0,safe,Excellent
Michael Wilson,87.4,41,53,77,Sports,94200.0,No,5.9,Not Placed,57.0,Need Improvement,Average
Ashley Jones,65.7,64,57,90,NCC,85084.0,Yes,6.3,Not Placed,70.33333333333333,safe,Good
Sarah Smith,78.4,64,84,100,Debate,63947.0,Yes,7.2,Placed,82.66666666666667,safe,Good
Jennifer Nguyen,62.7,56,50,54,Sports,49345.0,Yes,4.2,Not Placed,53.333333333333336,Need Improvement,Average
Emma Robinson,81.7,47,80,58,NCC,63232.0,Yes,3.4,Placed,61.666666666666664,safe,Average
Edward White,80.0,33,50,69,Volunteer,55122.0,No,3.7,Not Placed,50.666666666666664,Need Improvement,Average
Ronald Sanchez,96.8,83,84,100,Sports,73047.0,No,6.7,Placed,89.0,safe,Excellent
Joseph Taylor,100.0,60,76,63,Volunteer,64609.0,No,5.0,Placed,66.33333333333333,safe,Average
Jennifer Jones,74.3,29,56,74,Music,50463.0,Yes,4.2,Not Placed,53.0,Need Improvement,Average
Richard Walker,100.0,66,88,82,NCC,48768.0,No,6.7,Placed,78.66666666666667,safe,Good
Ryan King,83.7,53,69,79,Music,119064.0,Yes,5.2,Placed,67.0,safe,Average
Ashley Allen,100.0,61,75,66,Music,74003.0,No,3.3,Placed,67.33333333333333,safe,Average
Paul Taylor,73.5,56,63,69,NCC,116246.0,Yes,4.3,Placed,62.666666666666664,safe,Average
Sharon Ramirez,90.5,52,51,63,Sports,28571.0,No,5.4,Not Placed,55.333333333333336,Need Improvement,Average
Kenneth Thomas,74.4,39,41,42,Sports,85784.0,Yes,2.5,Not Placed,40.666666666666664,Need Improvement,Poor
Jason Brown,71.7,39,61,68,Music,64702.0,No,4.0,Placed,56.0,Need Improvement,Average
Elizabeth Garcia,72.7,58,70,89,Music,64702.0,Yes,6.5,Placed,72.33333333333333,safe,Good
Stephanie Ramirez,79.4,81,79,80,NCC,101074.0,Yes,6.6,Placed,80.0,safe,Good
Daniel Flores,69.4,77,70,86,Sports,86008.0,Yes,6.9,Placed,77.66666666666667,safe,Good
Michelle Wilson,100.0,85,91,100,Sports,32877.0,Yes,9.8,Placed,92.0,safe,Excellent
Jason Thompson,78.5,50,58,100,Sports,52796.0,No,7.5,Not Placed,69.33333333333333,safe,Average
Brian Gonzalez,76.2,65,69,83,NCC,71032.0,No,6.1,Placed,72.33333333333333,safe,Good
Mark Nguyen,88.7,58,93,86,Debate,113563.0,No,6.1,Placed,79.0,safe,Good
Patricia Moore,100.0,55,79,78,Sports,29608.0,No,5.6,Placed,70.66666666666667,safe,Good
Richard Martinez,73.6,58,51,62,Sports,130199.0,No,5.7,Not Placed,57.0,Need Improvement,Average
Jacob Perez,74.3,47,57,49,Debate,70706.0,Yes,2.9,Not Placed,51.0,Need Improvement,Average
George Ramirez,53.3,25,49,52,Sports,70408.0,No,3.0,Not Placed,42.0,Need Improvement,Poor
Sandra Torres,88.8,72,72,91,NCC,113861.0,No,7.4,Placed,78.33333333333333,safe,Good
Carol Johnson,74.9,47,54,44,NCC,94577.0,No,1.4,Not Placed,48.333333333333336,Need Improvement,Poor
Lisa Rodriguez,96.7,83,77,75,Volunteer,63284.0,Yes,6.6,Placed,78.33333333333333,safe,Good
Patricia Lee,92.5,56,80,73,NCC,28853.0,Yes,4.1,Placed,69.66666666666667,safe,Average
Paul Jackson,79.2,86,76,100,Music,87751.0,Yes,5.9,Placed,87.33333333333333,safe,Excellent
William King,71.7,47,65,79,Volunteer,82189.0,Yes,5.3,Placed,63.666666666666664,safe,Average
Susan Clark,68.6,49,63,62,Volunteer,58948.0,No,4.1,Placed,58.0,Need Improvement,Average
Jacob Jackson,79.9,67,68,70,Music,8000.0,No,6.5,Placed,68.33333333333333,safe,Average
Joshua Hernandez,84.0,94,94,100,Debate,40658.0,Yes,9.0,Placed,96.0,safe,Excellent
Richard Sanchez,69.6,72,84,100,Sports,81327.0,Yes,9.5,Placed,85.33333333333333,safe,Excellent
Elizabeth King,80.0,32,42,40,Sports,104060.0,Yes,1.9,Not Placed,38.0,At risk,Poor
Edward Torres,77.7,39,46,73,Volunteer,75531.0,Yes,4.9,Not Placed,52.666666666666664,Need Improvement,Average
Robert Williams,73.2,81,63,80,NCC,58807.0,Yes,6.4,Placed,74.66666666666667,safe,Good
Michael Thompson,56.8,52,76,100,Sports,87663.0,Yes,7.0,Placed,76.0,safe,Good
Gary Lee,75.1,53,72,70,Music,32657.0,Yes,4.5,Placed,65.0,safe,Average
Carol Sanchez,51.5,37,44,68,NCC,41927.0,No,5.3,Not Placed,49.666666666666664,Need Improvement,Poor
Nancy Brown,64.2,79,85,100,Debate,31093.0,No,9.2,Placed,88.0,safe,Excellent
Emily Davis,83.5,37,39,51,Sports,79351.0,Yes,3.9,Not Placed,42.333333333333336,Need Improvement,Poor
Kenneth Clark,64.4,58,75,79,Sports,77461.0,Yes,7.0,Placed,70.66666666666667,safe,Good
Nicholas Miller,73.8,68,70,76,NCC,94043.0,Yes,6.1,Placed,71.33333333333333,safe,Good
Andrew Garcia,91.6,65,64,78,Debate,8000.0,Yes,6.1,Placed,69.0,safe,Average
Rebecca Harris,70.7,47,90,48,Music,38808.0,No,3.2,Not Placed,61.666666666666664,safe,Average
Michael Scott,72.0,70,71,93,Sports,79804.0,Yes,6.1,Placed,78.0,safe,Good
Donald Lopez,65.9,58,52,57,Sports,34391.0,Yes,4.7,Not Placed,55.666666666666664,Need Improvement,Average
Ryan Thomas,84.7,56,68,100,Music,98803.0,No,5.7,Placed,74.66666666666667,safe,Good
Karen Jackson,85.5,76,81,82,Sports,140240.0,Yes,8.9,Placed,79.66666666666667,safe,Good
Linda Walker,71.8,56,62,76,Music,90623.0,No,6.6,Placed,64.66666666666667,safe,Average
Kenneth White,98.4,47,66,46,Volunteer,19528.0,Yes,3.6,Placed,53.0,Need Improvement,Average
Donna Davis,88.2,64,71,100,NCC,43249.0,No,8.6,Placed,78.33333333333333,safe,Good
Ryan Jackson,82.5,82,82,100,Music,127425.0,No,8.9,Placed,88.0,safe,Excellent
Kenneth Allen,94.3,75,100,91,Sports,41426.0,Yes,6.3,Placed,88.66666666666667,safe,Excellent
Jessica Perez,87.7,82,76,75,Music,62165.0,Yes,7.6,Placed,77.66666666666667,safe,Good
Joshua Lopez,94.6,52,60,57,Sports,58339.0,No,3.2,Placed,56.333333333333336,Need Improvement,Average
Daniel Scott,88.7,70,85,93,Sports,8000.0,Yes,6.9,Placed,82.66666666666667,safe,Good
Linda Smith,50.1,53,60,51,Music,69742.0,Yes,4.0,Placed,54.666666666666664,Need Improvement,Average
Donna Jones,80.6,50,50,60,Debate,43458.0,Yes,4.6,Not Placed,53.333333333333336,Need Improvement,Average
Lisa Hernandez,75.7,67,64,100,Debate,44310.0,Yes,8.2,Placed,77.0,safe,Good
Edward Gonzalez,89.1,42,40,43,Debate,64702.0,No,2.1,Not Placed,41.666666666666664,Need Improvement,Poor
Daniel Miller,69.1,100,87,100,Volunteer,37189.0,Yes,10.0,Placed,95.66666666666667,safe,Excellent
Nicholas Anderson,87.4,53,59,62,Sports,53660.0,No,4.0,Not Placed,58.0,Need Improvement,Average
Karen Ramirez,81.9,51,59,53,Volunteer,31610.0,Yes,3.9,Not Placed,54.333333333333336,Need Improvement,Average
John Nguyen,76.1,63,85,100,Volunteer,77108.0,No,7.7,Placed,82.66666666666667,safe,Good
Nancy Lewis,48.7,41,58,58,NCC,20308.0,Yes,2.8,Not Placed,52.333333333333336,Need Improvement,Average
Cynthia Smith,70.1,62,79,85,Music,71084.0,Yes,5.4,Placed,75.33333333333333,safe,Good
Patricia Ramirez,73.0,82,83,100,Sports,77118.0,Yes,9.2,Placed,88.33333333333333,safe,Excellent
Lisa Jackson,70.7,58,63,54,Sports,34181.0,Yes,4.2,Placed,58.333333333333336,Need Improvement,Average
Amanda Perez,66.1,44,48,52,NCC,99538.0,No,3.3,Not Placed,48.0,Need Improvement,Poor
Kimberly Jones,74.2,17,23,29,NCC,90255.0,No,1.1,Not Placed,23.0,At risk,Poor
Deborah Thompson,80.1,23,45,24,Volunteer,89653.0,No,1.8,Not Placed,30.666666666666668,At risk,Poor
Jennifer Hill,80.0,82,88,69,Music,98148.0,Yes,4.9,Placed,79.66666666666667,safe,Good
Steven Walker,85.1,64,82,98,NCC,98340.0,Yes,6.3,Placed,81.33333333333333,safe,Good
Charles Walker,81.5,62,91,93,Sports,42902.0,Yes,7.7,Placed,82.0,safe,Good
Jennifer Walker,72.2,62,56,66,Sports,98593.0,Yes,5.3,Not Placed,61.333333333333336,safe,Average
Edward Young,70.1,63,59,55,Debate,19262.0,Yes,3.3,Not Placed,59.0,Need Improvement,Average
William Johnson,71.5,54,65,61,Sports,83116.0,Yes,3.8,Placed,60.0,safe,Average
Betty Ramirez,77.8,61,79,71,Sports,57140.0,Yes,4.6,Placed,70.33333333333333,safe,Good
Betty Martinez,80.0,65,66,97,Debate,23988.0,No,7.7,Placed,76.0,safe,Good
George Sanchez,90.6,45,69,67,Debate,77494.0,Yes,2.9,Placed,60.333333333333336,safe,Average
Carol Martinez,63.8,43,55,72,Sports,107648.0,Yes,5.1,Not Placed,56.666666666666664,Need Improvement,Average
Paul Allen,92.8,94,92,84,Volunteer,53416.0,Yes,6.5,Placed,90.0,safe,Excellent
Jason Martinez,90.2,88,92,100,Sports,63933.0,Yes,7.5,Placed,93.33333333333333,safe,Excellent
Nicholas Scott,73.2,65,78,100,Music,74475.0,Yes,6.8,Placed,81.0,safe,Good
Cynthia Sanchez,82.4,67,76,93,Sports,84086.0,Yes,5.8,Placed,78.66666666666667,safe,Good
Donald Allen,65.5,71,87,97,Volunteer,31743.0,Yes,7.6,Placed,85.0,safe,Excellent
Sarah Walker,55.9,39,51,71,NCC,82394.0,Yes,3.7,Not Placed,53.666666666666664,Need Improvement,Average
Ronald Lee,96.1,67,76,70,Music,34903.0,No,5.7,Placed,71.0,safe,Good
Edward Martinez,96.7,51,55,48,Volunteer,82294.0,Yes,4.3,Not Placed,51.333333333333336,Need Improvement,Average
Joseph Miller,77.3,61,72,71,Music,30313.0,No,6.5,Placed,68.0,safe,Average
Michael Harris,72.8,32,49,32,Volunteer,35813.0,Yes,1.2,Not Placed,37.666666666666664,At risk,Poor
Lisa Thompson,91.1,58,83,99,NCC,89260.0,No,6.2,Placed,80.0,safe,Good
William Flores,93.0,71,78,73,Sports,74568.0,Yes,6.6,Placed,74.0,safe,Good
Kevin Thompson,88.7,77,73,76,NCC,55911.0,Yes,7.2,Placed,75.33333333333333,safe,Good
David Miller,63.6,67,57,71,Volunteer,63125.0,Yes,4.8,Not Placed,65.0,safe,Average
Stephanie Wilson,80.0,73,75,81,Music,64702.0,Yes,6.2,Placed,76.33333333333333,safe,Good
David Jones,74.6,81,80,91,NCC,63527.0,Yes,7.5,Placed,84.0,safe,Good
Mary Wilson,66.0,45,48,65,Debate,66775.0,Yes,6.0,Not Placed,52.666666666666664,Need Improvement,Average
William Hill,84.0,66,62,74,Debate,57842.0,Yes,5.4,Placed,67.33333333333333,safe,Average
Sharon Jackson,66.5,55,53,43,NCC,50220.0,Yes,3.4,Not Placed,50.333333333333336,Need Improvement,Average
Daniel Miller,88.6,63,67,87,Sports,64702.0,No,6.0,Placed,72.33333333333333,safe,Good
Patricia Ramirez,70.2,59,64,77,Debate,40040.0,No,6.9,Placed,66.66666666666667,safe,Average
Donna Martin,98.8,75,87,92,NCC,33149.0,No,7.0,Placed,84.66666666666667,safe,Good
Stephanie Wright,88.2,89,85,100,Debate,8000.0,No,8.1,Placed,91.33333333333333,safe,Excellent
Kevin Smith,80.0,36,80,69,Sports,85834.0,Yes,4.1,Not Placed,61.666666666666664,safe,Average
Donna Martin,88.4,41,68,69,NCC,91159.0,Yes,4.9,Placed,59.333333333333336,Need Improvement,Average
Richard Wright,80.0,63,75,68,Music,74121.0,No,3.9,Placed,68.66666666666667,safe,Average
Lisa Johnson,73.0,55,67,100,Sports,37497.0,Yes,6.5,Placed,74.0,safe,Good
Nicholas Perez,80.0,66,85,100,Music,64702.0,No,7.9,Placed,83.66666666666667,safe,Good
Rebecca Jones,63.9,29,50,78,Music,93386.0,No,3.6,Not Placed,52.333333333333336,Need Improvement,Average
Mark Allen,96.9,55,62,62,Sports,86482.0,Yes,4.9,Placed,59.666666666666664,Need Improvement,Average
Jacob Martin,90.8,63,79,91,Music,43681.0,Yes,7.3,Placed,77.66666666666667,safe,Good
Deborah Martinez,88.5,57,54,67,Sports,50102.0,No,3.6,Not Placed,59.333333333333336,Need Improvement,Average
Robert Taylor,87.8,71,74,67,Music,8000.0,No,6.2,Placed,70.66666666666667,safe,Good
Jessica Hill,61.4,19,22,27,Sports,41455.0,Yes,1.0,Not Placed,22.666666666666668,At risk,Poor
Matthew Harris,62.3,66,57,56,Debate,64280.0,Yes,4.2,Not Placed,59.666666666666664,Need Improvement,Average
Andrew Gonzalez,96.9,81,87,100,Sports,99947.0,No,9.5,Placed,89.33333333333333,safe,Excellent
Angela White,86.9,55,54,76,Debate,80621.0,Yes,7.2,Not Placed,61.666666666666664,safe,Average
Emma Williams,100.0,46,41,53,NCC,53878.0,Yes,3.3,Not Placed,46.666666666666664,Need Improvement,Poor
Matthew Wright,66.0,53,77,91,Debate,51458.0,Yes,6.2,Placed,73.66666666666667,safe,Good
Jessica Lewis,75.9,42,51,44,Debate,64393.0,Yes,3.4,Not Placed,45.666666666666664,Need Improvement,Poor
Melissa King,86.6,53,57,77,Debate,55890.0,Yes,4.6,Not Placed,62.333333333333336,safe,Average
Susan Young,65.3,29,51,49,NCC,8000.0,Yes,4.0,Not Placed,43.0,Need Improvement,Poor
Lisa Moore,88.0,62,62,52,NCC,45062.0,Yes,4.2,Placed,58.666666666666664,Need Improvement,Average
Richard Hill,73.9,53,49,43,Debate,82489.0,No,5.1,Not Placed,48.333333333333336,Need Improvement,Poor
John Lopez,84.9,46,48,67,Sports,94484.0,Yes,4.9,Not Placed,53.666666666666664,Need Improvement,Average
Michelle Miller,89.6,78,87,78,NCC,61422.0,Yes,6.4,Placed,81.0,safe,Good
Sandra Sanchez,79.7,68,79,60,Sports,47420.0,Yes,4.6,Placed,69.0,safe,Average
Daniel Harris,80.0,63,66,57,Sports,65142.0,No,4.4,Placed,62.0,safe,Average
Kimberly Lopez,60.3,59,70,100,Sports,35917.0,No,7.3,Placed,76.33333333333333,safe,Good
Jacob Flores,65.5,38,59,90,NCC,46246.0,No,7.5,Not Placed,62.333333333333336,safe,Average
James Lopez,99.7,55,73,72,Music,41270.0,Yes,5.1,Placed,66.66666666666667,safe,Average
Amy Harris,66.4,67,55,37,Sports,59463.0,Yes,2.5,Not Placed,53.0,Need Improvement,Average
Elizabeth Brown,69.9,53,45,67,Volunteer,106390.0,Yes,4.5,Not Placed,55.0,Need Improvement,Average
Anthony Ramirez,75.7,93,70,100,Sports,62656.0,No,9.8,Placed,87.66666666666667,safe,Excellent
Elizabeth Nguyen,66.0,9,46,54,NCC,42318.0,No,2.4,Not Placed,36.333333333333336,At risk,Poor
Michelle Walker,94.9,54,70,53,Sports,60021.0,No,4.4,Not Placed,59.0,Need Improvement,Average
Melissa Williams,84.5,74,70,76,Sports,64702.0,Yes,6.3,Placed,73.33333333333333,safe,Good
Donna Williams,72.0,60,57,82,Volunteer,114780.0,No,4.2,Not Placed,66.33333333333333,safe,Average
Deborah Scott,77.5,55,63,84,Sports,93154.0,No,5.5,Placed,67.33333333333333,safe,Average
Donna Ramirez,69.1,66,75,77,Sports,69228.0,Yes,5.4,Placed,72.66666666666667,safe,Good
Anthony Brown,64.8,55,51,63,Music,64702.0,Yes,5.8,Not Placed,56.333333333333336,Need Improvement,Average
Steven Flores,92.4,84,70,100,NCC,68774.0,Yes,7.1,Placed,84.66666666666667,safe,Good
Sharon Thomas,87.5,55,59,29,NCC,52220.0,No,3.5,Not Placed,47.666666666666664,Need Improvement,Poor
Lisa Scott,97.7,80,94,100,Volunteer,46046.0,Yes,7.7,Placed,91.33333333333333,safe,Excellent
Kevin Allen,86.9,49,56,57,NCC,60200.0,Yes,2.1,Not Placed,54.0,Need Improvement,Average
William Walker,96.4,89,99,96,NCC,84824.0,Yes,6.2,Placed,94.66666666666667,safe,Excellent
John Martinez,80.0,68,72,92,NCC,97757.0,Yes,7.1,Placed,77.33333333333333,safe,Good
Daniel Davis,75.3,79,92,85,Sports,89392.0,No,8.1,Placed,85.33333333333333,safe,Excellent
Ashley Young,95.4,71,57,62,Debate,64095.0,Yes,4.5,Not Placed,63.333333333333336,safe,Average
Jason Ramirez,96.7,35,50,51,Debate,90212.0,Yes,2.3,Not Placed,45.333333333333336,Need Improvement,Poor
Edward Brown,77.7,55,60,78,NCC,56187.0,Yes,5.4,Placed,64.33333333333333,safe,Average
Rebecca Anderson,85.0,53,61,55,Music,32337.0,Yes,3.3,Placed,56.333333333333336,Need Improvement,Average
Rebecca Gonzalez,63.5,46,39,37,NCC,77739.0,Yes,2.7,Not Placed,40.666666666666664,Need Improvement,Poor
Daniel Smith,92.0,59,79,40,Debate,94412.0,No,2.9,Placed,59.333333333333336,Need Improvement,Average
Anthony Martinez,67.7,43,52,80,Music,76452.0,Yes,4.8,Not Placed,58.333333333333336,Need Improvement,Average
Amy Lopez,87.8,73,72,71,Music,101392.0,Yes,5.1,Placed,72.0,safe,Good
Daniel Walker,82.5,77,94,100,NCC,44298.0,Yes,8.1,Placed,90.33333333333333,safe,Excellent
Ryan Scott,87.7,67,68,83,Volunteer,42055.0,Yes,5.5,Placed,72.66666666666667,safe,Good
Sharon Torres,76.7,62,71,91,Debate,71024.0,Yes,6.3,Placed,74.66666666666667,safe,Good
Richard Jackson,85.9,63,84,92,NCC,38723.0,Yes,6.4,Placed,79.66666666666667,safe,Good
Amy Hill,60.5,78,74,85,Music,94828.0,No,7.0,Placed,79.0,safe,Good
Richard Sanchez,80.4,73,85,62,Sports,126659.0,Yes,4.2,Placed,73.33333333333333,safe,Good
Betty Perez,89.4,62,66,78,Volunteer,75551.0,Yes,5.3,Placed,68.66666666666667,safe,Average
Michael Flores,62.9,60,56,64,Debate,49141.0,No,5.8,Not Placed,60.0,safe,Average
Kevin Flores,65.8,55,73,81,Music,104189.0,Yes,4.9,Placed,69.66666666666667,safe,Average
Rebecca Garcia,80.0,89,97,86,Music,81153.0,Yes,7.2,Placed,90.66666666666667,safe,Excellent
Betty Harris,89.3,63,79,70,Sports,83723.0,Yes,4.5,Placed,70.66666666666667,safe,Good
Michael Smith,90.0,38,50,30,Sports,99536.0,Yes,1.0,Not Placed,39.333333333333336,At risk,Poor
Mary Ramirez,91.3,50,62,33,Sports,95064.0,No,1.6,Placed,48.333333333333336,Need Improvement,Poor
Charles Allen,81.9,61,59,60,NCC,43794.0,No,4.4,Not Placed,60.0,safe,Average
Michelle Jackson,79.4,75,56,65,NCC,67208.0,Yes,6.1,Not Placed,65.33333333333333,safe,Average
Donna Hernandez,72.5,65,75,85,Debate,64702.0,No,6.6,Placed,75.0,safe,Good
Kenneth Martin,80.7,66,72,100,Volunteer,101615.0,Yes,8.7,Placed,79.33333333333333,safe,Good
Robert Harris,56.8,73,68,76,Sports,80264.0,No,7.0,Placed,72.33333333333333,safe,Good
Robert Thompson,73.0,50,54,68,Sports,27080.0,Yes,4.5,Not Placed,57.333333333333336,Need Improvement,Average
George Torres,85.4,55,52,99,Music,21302.0,No,6.7,Not Placed,68.66666666666667,safe,Average
Donald Martin,100.0,58,70,47,Sports,109813.0,Yes,3.9,Placed,58.333333333333336,Need Improvement,Average
Carol Rodriguez,94.6,48,61,85,Sports,35217.0,No,5.6,Placed,64.66666666666667,safe,Average
Cynthia Sanchez,87.9,71,61,88,Volunteer,122517.0,Yes,8.2,Placed,73.33333333333333,safe,Good
Amanda Thompson,58.8,82,83,96,Debate,72914.0,Yes,8.8,Placed,87.0,safe,Excellent
Nicholas Rodriguez,100.0,71,80,100,Volunteer,88242.0,Yes,7.4,Placed,83.66666666666667,safe,Good
Richard Lewis,62.6,56,71,75,Debate,44846.0,Yes,4.9,Placed,67.33333333333333,safe,Average
Karen Thompson,91.8,56,80,83,Music,14131.0,Yes,6.2,Placed,73.0,safe,Good
Daniel White,76.9,57,65,61,Debate,64702.0,No,6.1,Placed,61.0,safe,Average
Donald Moore,63.1,55,61,54,Sports,114509.0,Yes,3.9,Placed,56.666666666666664,Need Improvement,Average
Rebecca Allen,96.8,70,74,85,Sports,59097.0,Yes,6.7,Placed,76.33333333333333,safe,Good
Ashley Taylor,64.2,62,77,100,Debate,109832.0,Yes,5.6,Placed,79.66666666666667,safe,Good
Kevin Lopez,100.0,63,66,85,NCC,71591.0,Yes,6.6,Placed,71.33333333333333,safe,Good
Andrew Flores,92.8,88,85,100,Debate,17939.0,Yes,7.8,Placed,91.0,safe,Excellent
Sandra Walker,81.6,71,69,85,Sports,79263.0,Yes,7.1,Placed,75.0,safe,Good
Thomas Wright,73.5,41,70,100,Debate,82684.0,No,5.4,Placed,70.33333333333333,safe,Good
Michael Moore,78.3,65,98,100,Volunteer,31629.0,Yes,8.2,Placed,87.66666666666667,safe,Excellent
Kenneth Lewis,69.1,63,69,85,Sports,41148.0,Yes,5.2,Placed,72.33333333333333,safe,Good
Kenneth Jackson,96.4,73,0,89,Volunteer,61121.0,Yes,6.7,Placed,54.0,Need Improvement,Average
Susan Nguyen,100.0,50,56,41,Sports,24769.0,No,2.0,Not Placed,49.0,Need Improvement,Poor
John Lopez,80.5,32,46,47,Volunteer,54379.0,Yes,3.3,Not Placed,41.666666666666664,Need Improvement,Poor
Kenneth Thompson,74.6,47,64,81,Debate,52193.0,No,6.0,Placed,64.0,safe,Average
Kevin Robinson,86.9,51,65,75,Debate,128201.0,Yes,6.6,Placed,63.666666666666664,safe,Average
Amanda Williams,77.7,46,53,65,Volunteer,73098.0,Yes,4.0,Not Placed,54.666666666666664,Need Improvement,Average
Andrew Harris,65.5,86,94,100,Debate,81077.0,Yes,9.1,Placed,93.33333333333333,safe,Excellent
Joshua Walker,78.9,26,42,33,Music,11041.0,No,1.1,Not Placed,33.666666666666664,At risk,Poor
Sandra Ramirez,82.0,67,81,70,Sports,58279.0,Yes,4.9,Placed,72.66666666666667,safe,Good
Cynthia Scott,74.1,63,75,75,Debate,70846.0,Yes,4.6,Placed,71.0,safe,Good
Jessica Davis,100.0,53,82,71,NCC,37625.0,No,3.9,Placed,68.66666666666667,safe,Average
Jessica Rodriguez,61.2,50,42,46,NCC,46447.0,Yes,3.4,Not Placed,46.0,Need Improvement,Poor
Emily Taylor,84.0,54,55,53,Sports,52456.0,No,4.1,Not Placed,54.0,Need Improvement,Average
Kenneth Walker,81.9,59,64,66,Sports,85041.0,Yes,4.9,Placed,63.0,safe,Average
Jennifer Ramirez,70.8,73,81,84,Music,87293.0,Yes,6.8,Placed,79.33333333333333,safe,Good
Kimberly Miller,75.7,75,84,94,NCC,52219.0,Yes,7.2,Placed,84.33333333333333,safe,Good
Angela Jones,82.5,91,100,88,Music,90615.0,Yes,8.2,Placed,93.0,safe,Excellent
Richard Ramirez,97.2,51,59,39,Music,39200.0,Yes,2.1,Not Placed,49.666666666666664,Need Improvement,Poor
Charles Johnson,85.3,65,68,51,Volunteer,50877.0,Yes,3.1,Placed,61.333333333333336,safe,Average
Matthew Perez,66.9,39,50,52,Sports,64702.0,Yes,3.5,Not Placed,47.0,Need Improvement,Poor
Laura Wilson,100.0,66,85,65,Debate,44313.0,No,6.3,Placed,72.0,safe,Good
Ashley Anderson,85.9,88,76,91,Debate,81899.0,Yes,7.4,Placed,85.0,safe,Excellent
Kenneth Jackson,75.8,66,78,94,NCC,107782.0,Yes,7.4,Placed,79.33333333333333,safe,Good
Joshua Young,75.6,21,31,60,Volunteer,37520.0,Yes,5.0,Not Placed,37.333333333333336,At risk,Poor
Kenneth Robinson,68.8,63,63,91,Sports,42274.0,Yes,6.7,Placed,72.33333333333333,safe,Good
Linda Lee,83.7,63,45,77,Sports,31433.0,Yes,4.5,Not Placed,61.666666666666664,safe,Average
Joseph Davis,86.3,70,72,69,Debate,79588.0,Yes,6.2,Placed,70.33333333333333,safe,Good
Steven Martinez,75.9,63,76,100,Debate,57174.0,Yes,7.0,Placed,79.66666666666667,safe,Good
Rebecca Miller,72.2,40,41,41,Debate,77238.0,Yes,1.2,Not Placed,40.666666666666664,Need Improvement,Poor
Deborah White,73.0,30,0,71,Sports,46745.0,No,3.7,Not Placed,33.666666666666664,At risk,Poor
Susan Thomas,83.5,81,87,100,Sports,43052.0,Yes,8.0,Placed,89.33333333333333,safe,Excellent
Amy Thompson,80.0,63,71,90,Debate,77349.0,No,6.1,Placed,74.66666666666667,safe,Good
Stephanie Robinson,79.3,92,94,100,NCC,8000.0,Yes,8.7,Placed,95.33333333333333,safe,Excellent
Amanda Lee,82.5,32,56,58,Sports,123872.0,Yes,2.8,Not Placed,48.666666666666664,Need Improvement,Poor
Robert Miller,100.0,46,52,44,Sports,64702.0,No,3.9,Not Placed,47.333333333333336,Need Improvement,Poor
Emily Anderson,79.5,54,58,50,Sports,43362.0,No,4.8,Not Placed,54.0,Need Improvement,Average
Linda Johnson,97.3,89,92,100,Music,93711.0,Yes,7.9,Placed,93.66666666666667,safe,Excellent
Daniel Thomas,78.9,20,31,35,NCC,37651.0,Yes,1.7,Not Placed,28.666666666666668,At risk,Poor
Susan Torres,73.6,72,81,96,Music,49049.0,No,7.1,Placed,83.0,safe,Good
David Sanchez,81.7,67,68,86,Music,29335.0,Yes,7.4,Placed,73.66666666666667,safe,Good
William Hill,67.2,52,47,57,Debate,76321.0,Yes,3.4,Not Placed,52.0,Need Improvement,Average
Nancy Perez,71.5,93,95,93,NCC,62061.0,Yes,8.4,Placed,93.66666666666667,safe,Excellent
Susan Johnson,65.3,59,65,56,Debate,103598.0,Yes,3.9,Placed,60.0,safe,Average
Donald Gonzalez,80.4,100,76,100,Debate,59567.0,Yes,7.8,Placed,92.0,safe,Excellent
Mark Lee,59.3,44,59,70,Sports,122865.0,Yes,5.4,Not Placed,57.666666666666664,Need Improvement,Average
Brian Torres,71.9,60,52,67,Debate,63339.0,No,4.1,Not Placed,59.666666666666664,Need Improvement,Average
Michael Martin,65.9,51,54,73,Sports,112232.0,Yes,4.7,Not Placed,59.333333333333336,Need Improvement,Average
Michael Smith,78.9,68,80,89,Volunteer,123242.0,Yes,7.0,Placed,79.0,safe,Good
Joshua Wilson,62.4,67,60,94,Music,72967.0,Yes,7.7,Placed,73.66666666666667,safe,Good
Elizabeth Garcia,94.0,64,79,62,Volunteer,49289.0,Yes,5.1,Placed,68.33333333333333,safe,Average
Richard Jones,95.1,77,69,73,Sports,29339.0,Yes,6.6,Placed,73.0,safe,Good
Sandra Gonzalez,85.0,41,61,65,Music,113898.0,Yes,4.9,Placed,55.666666666666664,Need Improvement,Average
Jennifer Clark,59.2,42,57,100,Debate,65268.0,No,7.5,Not Placed,66.33333333333333,safe,Average
Steven Lopez,85.1,50,77,100,Music,105813.0,No,6.8,Placed,75.66666666666667,safe,Good
Ashley Sanchez,91.2,47,71,68,NCC,91525.0,No,3.4,Placed,62.0,safe,Average
Lisa Garcia,100.0,73,84,100,Sports,8000.0,Yes,10.0,Placed,85.66666666666667,safe,Excellent
Mark Lee,52.0,52,55,69,Music,85765.0,Yes,5.5,Not Placed,58.666666666666664,Need Improvement,Average
Lisa Lee,90.5,39,44,62,Sports,99135.0,No,3.0,Not Placed,48.333333333333336,Need Improvement,Poor
Anthony Martin,81.9,58,54,59,Volunteer,47391.0,Yes,3.9,Not Placed,57.0,Need Improvement,Average
Kenneth Ramirez,85.5,70,64,56,Debate,22403.0,Yes,3.8,Placed,63.333333333333336,safe,Average
Emma Harris,88.9,62,77,64,Music,69761.0,Yes,4.2,Placed,67.66666666666667,safe,Average
Charles Wright,79.2,44,70,75,Sports,44172.0,No,4.9,Placed,63.0,safe,Average
Sharon Moore,81.0,51,61,59,NCC,44869.0,No,4.0,Placed,57.0,Need Improvement,Average
Joseph Torres,60.9,54,47,67,NCC,38657.0,Yes,6.9,Not Placed,56.0,Need Improvement,Average
Michael Thompson,93.7,89,82,100,Music,72927.0,Yes,8.0,Placed,90.33333333333333,safe,Excellent
Kevin Williams,98.3,56,72,72,Sports,37177.0,Yes,4.7,Placed,66.66666666666667,safe,Average
Michelle Martin,80.4,57,74,75,NCC,60822.0,Yes,5.0,Placed,68.66666666666667,safe,Average
Sandra Hernandez,80.0,36,42,37,Music,63192.0,Yes,1.7,Not Placed,38.333333333333336,At risk,Poor
Betty Martinez,60.7,63,81,100,Debate,73450.0,Yes,6.4,Placed,81.33333333333333,safe,Good
Elizabeth Wright,100.0,91,95,100,Volunteer,64523.0,No,7.7,Placed,95.33333333333333,safe,Excellent
Brian Nguyen,83.3,36,53,64,Debate,85165.0,No,3.4,Not Placed,51.0,Need Improvement,Average
Rebecca Lewis,89.1,92,91,96,Debate,44381.0,No,8.5,Placed,93.0,safe,Excellent
Jennifer Williams,78.8,74,81,89,Sports,61277.0,No,7.8,Placed,81.33333333333333,safe,Good
John King,66.1,52,45,47,Sports,78300.0,Yes,2.1,Not Placed,48.0,Need Improvement,Poor
Kevin Hill,87.5,67,74,88,NCC,29126.0,Yes,7.0,Placed,76.33333333333333,safe,Good
Jessica Flores,90.3,78,84,100,Music,21431.0,No,9.5,Placed,87.33333333333333,safe,Excellent
Linda Flores,80.0,55,80,86,Volunteer,64630.0,No,6.5,Placed,73.66666666666667,safe,Good
Michael Williams,67.9,49,52,62,Sports,31745.0,Yes,5.6,Not Placed,54.333333333333336,Need Improvement,Average
Amanda Hernandez,79.3,82,85,90,Volunteer,108868.0,Yes,7.7,Placed,85.66666666666667,safe,Excellent
Anthony Moore,62.9,56,55,74,Sports,90702.0,Yes,5.1,Not Placed,61.666666666666664,safe,Average
Michelle Sanchez,85.6,88,74,100,Sports,45690.0,Yes,9.6,Placed,87.33333333333333,safe,Excellent
Karen Brown,87.1,96,85,100,NCC,22891.0,Yes,8.2,Placed,93.66666666666667,safe,Excellent
Kevin Lee,83.2,21,39,21,NCC,16825.0,Yes,1.0,Not Placed,27.0,At risk,Poor
Kevin Rodriguez,95.1,66,75,100,Sports,63771.0,Yes,7.7,Placed,80.33333333333333,safe,Good
Karen Walker,94.5,74,98,100,NCC,21589.0,No,8.0,Placed,90.66666666666667,safe,Excellent
William Ramirez,71.0,77,92,90,Music,8000.0,Yes,7.2,Placed,86.33333333333333,safe,Excellent
Brian Clark,78.5,69,75,83,Sports,61910.0,Yes,7.5,Placed,75.66666666666667,safe,Good
Melissa Nguyen,87.5,59,82,94,Debate,98134.0,Yes,5.8,Placed,78.33333333333333,safe,Good
Nicholas Flores,100.0,60,75,68,Music,91914.0,Yes,4.8,Placed,67.66666666666667,safe,Average
Amanda Johnson,80.5,53,65,88,Sports,86567.0,Yes,6.3,Placed,68.66666666666667,safe,Average
Thomas Clark,98.9,82,88,92,Volunteer,36591.0,Yes,9.3,Placed,87.33333333333333,safe,Excellent
Michael Flores,80.0,56,72,83,Debate,97438.0,Yes,4.9,Placed,70.33333333333333,safe,Good
Joshua Rodriguez,68.0,60,48,65,NCC,64702.0,Yes,3.7,Not Placed,57.666666666666664,Need Improvement,Average
Mary Williams,51.6,53,51,95,Debate,13169.0,Yes,6.3,Not Placed,66.33333333333333,safe,Average
Kenneth Scott,97.5,63,73,54,NCC,75352.0,No,4.4,Placed,63.333333333333336,safe,Average
Ashley Perez,63.5,51,62,78,NCC,13893.0,Yes,4.8,Placed,63.666666666666664,safe,Average
Robert Moore,85.1,62,94,89,Volunteer,38566.0,No,6.1,Placed,81.66666666666667,safe,Good
Betty Perez,86.5,75,83,96,NCC,101106.0,Yes,8.3,Placed,84.66666666666667,safe,Good
Daniel Lewis,90.0,59,60,65,Volunteer,49477.0,Yes,5.7,Placed,61.333333333333336,safe,Average
Ashley Martinez,100.0,74,89,75,Sports,31975.0,Yes,5.3,Placed,79.33333333333333,safe,Good
Donna Hill,78.1,53,53,69,Music,20339.0,Yes,5.5,Not Placed,58.333333333333336,Need Improvement,Average
Jacob Allen,100.0,62,65,66,Debate,32940.0,No,5.0,Placed,64.33333333333333,safe,Average
Melissa Lewis,72.3,63,58,75,NCC,51721.0,Yes,6.1,Not Placed,65.33333333333333,safe,Average
Steven Allen,68.5,39,37,33,Sports,64702.0,No,2.0,Not Placed,36.333333333333336,At risk,Poor
Jason Lewis,65.3,63,66,93,Sports,76109.0,No,7.2,Placed,74.0,safe,Good
Melissa Lewis,79.7,61,76,81,NCC,83061.0,No,5.7,Placed,72.66666666666667,safe,Good
Cynthia Jones,75.7,87,72,70,Volunteer,37180.0,No,5.7,Placed,76.33333333333333,safe,Good
Mark King,75.7,76,76,89,Debate,127740.0,Yes,9.0,Placed,80.33333333333333,safe,Good
Betty Anderson,66.5,57,57,85,Sports,118715.0,Yes,7.4,Not Placed,66.33333333333333,safe,Average
Paul Hill,83.5,29,47,40,NCC,65963.0,Yes,1.7,Not Placed,38.666666666666664,At risk,Poor
Mark Miller,78.2,68,63,75,NCC,67853.0,Yes,5.5,Placed,68.66666666666667,safe,Average
David Harris,59.0,70,59,92,Sports,52493.0,No,8.0,Not Placed,73.66666666666667,safe,Good
James Walker,73.3,61,63,70,Sports,49043.0,Yes,5.1,Placed,64.66666666666667,safe,Average
Amanda Anderson,80.0,78,80,86,Sports,64702.0,Yes,7.6,Placed,81.33333333333333,safe,Good
Donald King,64.8,72,80,64,Sports,8000.0,No,5.3,Placed,72.0,safe,Good
Emily Lewis,81.5,39,47,19,NCC,97155.0,No,2.0,Not Placed,35.0,At risk,Poor
Michael Thomas,76.3,67,71,90,Music,8000.0,No,6.6,Placed,76.0,safe,Good
Joshua Lopez,84.5,75,98,100,Volunteer,86209.0,Yes,8.5,Placed,91.0,safe,Excellent
Mark Wilson,80.0,50,63,38,Debate,52502.0,Yes,3.6,Placed,50.333333333333336,Need Improvement,Average
Ashley Walker,61.8,67,76,63,Music,105385.0,Yes,5.2,Placed,68.66666666666667,safe,Average
Mark Jones,74.1,67,66,84,Debate,49658.0,Yes,6.0,Placed,72.33333333333333,safe,Good
Steven Clark,80.0,84,74,100,Volunteer,65429.0,Yes,8.9,Placed,86.0,safe,Excellent
George Gonzalez,88.2,73,80,83,Music,106796.0,Yes,6.1,Placed,78.66666666666667,safe,Good
Thomas Clark,98.2,55,75,95,Debate,8000.0,No,6.5,Placed,75.0,safe,Good
Joseph Walker,91.5,53,55,44,Volunteer,93466.0,Yes,3.2,Not Placed,50.666666666666664,Need Improvement,Average
Kimberly Torres,96.3,70,87,81,Debate,46448.0,Yes,7.3,Placed,79.33333333333333,safe,Good
Betty Robinson,69.1,43,70,96,Debate,44804.0,Yes,5.5,Placed,69.66666666666667,safe,Average
Robert Thompson,61.6,26,60,92,Volunteer,108115.0,No,6.7,Placed,59.333333333333336,Need Improvement,Average
Edward Lewis,91.6,67,75,100,Music,51342.0,Yes,7.2,Placed,80.66666666666667,safe,Good
Stephanie Miller,76.1,61,65,90,Music,64702.0,Yes,6.3,Placed,72.0,safe,Good
Mary Anderson,63.7,38,44,59,NCC,76888.0,Yes,5.7,Not Placed,47.0,Need Improvement,Poor
Sarah Lee,80.0,52,59,68,Music,17782.0,Yes,4.8,Not Placed,59.666666666666664,Need Improvement,Average
Jessica White,81.8,34,39,52,Volunteer,84262.0,No,3.8,Not Placed,41.666666666666664,Need Improvement,Poor
Emma Thomas,82.7,50,55,64,Debate,45211.0,Yes,3.3,Not Placed,56.333333333333336,Need Improvement,Average
David Lee,73.1,53,76,65,NCC,48777.0,Yes,6.0,Placed,64.66666666666667,safe,Average
Steven Taylor,84.5,78,73,100,NCC,61839.0,Yes,8.1,Placed,83.66666666666667,safe,Good
Robert Johnson,66.3,41,49,47,Volunteer,85061.0,Yes,1.4,Not Placed,45.666666666666664,Need Improvement,Poor
Amanda Sanchez,66.9,41,40,55,Sports,67094.0,Yes,3.5,Not Placed,45.333333333333336,Need Improvement,Poor
Betty Lopez,88.3,66,74,87,Debate,90481.0,No,6.8,Placed,75.66666666666667,safe,Good
Edward Thomas,82.1,68,78,86,Volunteer,82223.0,Yes,6.1,Placed,77.33333333333333,safe,Good
Carol Thompson,82.3,48,68,56,Sports,31373.0,Yes,4.1,Placed,57.333333333333336,Need Improvement,Average
Emily Taylor,82.5,77,90,92,Volunteer,44870.0,Yes,7.7,Placed,86.33333333333333,safe,Excellent
Karen Hernandez,100.0,52,74,67,Music,8000.0,Yes,5.3,Placed,64.33333333333333,safe,Average
Brian Robinson,70.9,46,81,83,Sports,8000.0,Yes,5.5,Placed,70.0,safe,Good
Kevin Allen,73.6,52,47,55,Sports,33176.0,Yes,4.1,Not Placed,51.333333333333336,Need Improvement,Average
Angela Miller,73.4,14,15,36,Debate,60925.0,No,1.3,Not Placed,21.666666666666668,At risk,Poor
Edward Torres,89.1,77,88,86,Sports,64702.0,Yes,6.9,Placed,83.66666666666667,safe,Good
Linda Wilson,83.3,42,70,77,Music,41483.0,Yes,5.1,Placed,63.0,safe,Average
Melissa Young,71.3,63,62,100,Sports,106844.0,No,8.9,Placed,75.0,safe,Good
Steven Smith,97.3,51,59,52,Debate,98169.0,Yes,2.6,Not Placed,54.0,Need Improvement,Average
Jessica Thompson,89.4,83,93,83,Volunteer,72861.0,Yes,6.0,Placed,86.33333333333333,safe,Excellent
Nicholas Robinson,57.9,62,60,79,Sports,72944.0,Yes,4.9,Placed,67.0,safe,Average
Emily Sanchez,83.1,59,63,85,Sports,72767.0,No,6.0,Placed,69.0,safe,Average
Kenneth Jones,94.1,52,72,79,Music,77601.0,Yes,4.8,Placed,67.66666666666667,safe,Average
Sharon Perez,65.2,69,64,67,Debate,68245.0,Yes,6.2,Placed,66.66666666666667,safe,Average
Joshua Robinson,57.1,50,62,89,Sports,66432.0,Yes,7.0,Placed,67.0,safe,Average
Donald Torres,80.0,61,83,63,Music,41235.0,No,3.4,Placed,69.0,safe,Average
Joseph Thompson,81.1,25,45,43,Volunteer,87528.0,No,2.6,Not Placed,37.666666666666664,At risk,Poor
Jessica Harris,74.4,44,65,73,Volunteer,75195.0,Yes,4.5,Placed,60.666666666666664,safe,Average
Angela Torres,88.7,55,54,78,Sports,57716.0,Yes,6.4,Not Placed,62.333333333333336,safe,Average
Nancy Sanchez,67.9,60,62,68,Debate,59952.0,Yes,4.3,Placed,63.333333333333336,safe,Average
Nancy King,100.0,63,88,82,Debate,94852.0,Yes,6.2,Placed,77.66666666666667,safe,Good
Thomas Flores,92.1,61,60,59,Sports,25206.0,Yes,4.1,Placed,60.0,safe,Average
Lisa Wright,80.2,65,75,92,Sports,66189.0,Yes,7.2,Placed,77.33333333333333,safe,Good
Jason Martin,79.3,67,72,64,Sports,63510.0,Yes,4.7,Placed,67.66666666666667,safe,Average
Ronald Gonzalez,84.0,59,84,71,Sports,55897.0,Yes,5.1,Placed,71.33333333333333,safe,Good
Richard Thompson,98.3,81,95,85,NCC,95098.0,No,8.1,Placed,87.0,safe,Excellent
Paul Jones,73.6,41,0,73,NCC,108737.0,Yes,5.8,Not Placed,38.0,At risk,Poor
George Perez,65.8,72,73,96,Music,55676.0,Yes,6.2,Placed,80.33333333333333,safe,Good
William Walker,70.7,43,48,44,Music,35127.0,Yes,2.3,Not Placed,45.0,Need Improvement,Poor
Stephanie Wilson,64.7,33,90,55,Sports,80496.0,No,3.4,Not Placed,59.333333333333336,Need Improvement,Average
Stephanie Wilson,75.7,54,69,64,Music,77922.0,Yes,3.3,Placed,62.333333333333336,safe,Average
Brian Jones,83.8,69,69,78,Volunteer,64702.0,Yes,5.9,Placed,72.0,safe,Good
Kenneth Taylor,73.3,42,53,65,Sports,130945.0,Yes,4.2,Not Placed,53.333333333333336,Need Improvement,Average
Melissa Taylor,80.1,64,77,66,Volunteer,28206.0,Yes,7.7,Placed,69.0,safe,Average
Kimberly Lee,61.3,49,65,95,Sports,8000.0,No,6.6,Placed,69.66666666666667,safe,Average
David Flores,85.3,71,67,63,Volunteer,59608.0,Yes,6.7,Placed,67.0,safe,Average
Anthony Jones,90.1,67,83,83,Sports,31537.0,Yes,6.1,Placed,77.66666666666667,safe,Good
Donna King,83.8,68,90,100,Music,33378.0,Yes,8.4,Placed,86.0,safe,Excellent
Steven Taylor,85.4,48,66,87,Sports,38194.0,Yes,5.3,Placed,67.0,safe,Average
Jacob Clark,85.1,34,65,98,Sports,124547.0,No,5.4,Placed,65.66666666666667,safe,Average
George King,67.7,58,77,74,Volunteer,47932.0,Yes,5.3,Placed,69.66666666666667,safe,Average
Sarah Sanchez,85.0,50,62,55,Volunteer,10859.0,No,4.0,Placed,55.666666666666664,Need Improvement,Average
Jessica Young,80.0,44,75,66,Music,92188.0,Yes,3.6,Placed,61.666666666666664,safe,Average
Jessica White,76.6,53,51,66,Music,64702.0,Yes,5.7,Not Placed,56.666666666666664,Need Improvement,Average
Ronald White,75.7,53,56,69,Volunteer,64702.0,No,5.5,Not Placed,59.333333333333336,Need Improvement,Average
Emily Gonzalez,80.0,43,41,67,Music,70170.0,Yes,5.2,Not Placed,50.333333333333336,Need Improvement,Average
Amanda Moore,77.7,73,65,84,Music,88501.0,Yes,7.3,Placed,74.0,safe,Good
Steven Wright,86.7,100,100,100,Sports,74786.0,Yes,9.6,Placed,100.0,safe,Excellent
Ryan Scott,78.4,60,75,72,Sports,8000.0,Yes,6.1,Placed,69.0,safe,Average
Deborah Allen,69.9,36,39,51,Music,78725.0,Yes,3.5,Not Placed,42.0,Need Improvement,Poor
Elizabeth Garcia,99.3,20,51,42,Debate,51496.0,No,1.0,Not Placed,37.666666666666664,At risk,Poor
Elizabeth Sanchez,90.0,70,95,86,Music,64749.0,Yes,5.7,Placed,83.66666666666667,safe,Good
Sarah Wright,80.0,64,65,62,Volunteer,64702.0,No,5.7,Placed,63.666666666666664,safe,Average
William Lee,75.1,51,62,83,Debate,115196.0,No,5.1,Placed,65.33333333333333,safe,Average
Matthew King,72.7,47,46,59,Volunteer,41634.0,Yes,3.6,Not Placed,50.666666666666664,Need Improvement,Average
Sarah Moore,87.1,80,89,89,NCC,129430.0,Yes,6.6,Placed,86.0,safe,Excellent
Gary Wilson,85.5,62,74,66,Music,58238.0,Yes,4.8,Placed,67.33333333333333,safe,Average
Steven Wilson,89.2,46,64,54,Sports,37083.0,Yes,3.7,Placed,54.666666666666664,Need Improvement,Average
Joshua Brown,96.5,48,54,71,Music,38678.0,Yes,4.6,Not Placed,57.666666666666664,Need Improvement,Average
Joshua Young,75.7,69,79,100,Debate,8351.0,Yes,9.6,Placed,82.66666666666667,safe,Good
Donna Thompson,83.5,48,51,67,Sports,14863.0,No,6.2,Not Placed,55.333333333333336,Need Improvement,Average
Linda Davis,100.0,68,76,79,Sports,81218.0,No,6.2,Placed,74.33333333333333,safe,Good
Kenneth Smith,96.0,37,37,46,Sports,57305.0,No,3.7,Not Placed,40.0,Need Improvement,Poor
Lisa Wright,53.6,57,80,96,NCC,35120.0,No,6.6,Not Placed,77.66666666666667,safe,Good
Laura Taylor,79.9,57,62,79,Music,109940.0,Yes,6.0,Placed,66.0,safe,Average
James Thomas,80.0,85,90,96,NCC,91049.0,Yes,7.9,Placed,90.33333333333333,safe,Excellent
Mark Harris,78.9,46,52,63,Sports,64702.0,Yes,5.2,Not Placed,53.666666666666664,Need Improvement,Average
Edward Garcia,68.3,41,61,73,Debate,70721.0,No,5.1,Placed,58.333333333333336,Need Improvement,Average
Edward Ramirez,100.0,86,88,69,Music,86323.0,Yes,5.0,Placed,81.0,safe,Good
Michael Ramirez,79.6,55,58,65,Volunteer,32791.0,No,3.9,Not Placed,59.333333333333336,Need Improvement,Average
Deborah Rodriguez,86.1,50,63,77,Sports,67195.0,Yes,5.0,Placed,63.333333333333336,safe,Average
Michelle Martinez,80.8,84,86,100,Volunteer,33660.0,Yes,9.5,Placed,90.0,safe,Excellent
Michelle Ramirez,87.6,95,70,100,Sports,48509.0,Yes,9.1,Placed,88.33333333333333,safe,Excellent
Donald Johnson,92.7,67,75,97,Sports,87728.0,Yes,7.4,Placed,79.66666666666667,safe,Good
William Perez,70.2,76,72,76,Music,73857.0,Yes,5.6,Placed,74.66666666666667,safe,Good
Stephanie Williams,63.6,88,88,100,NCC,72247.0,Yes,7.2,Placed,92.0,safe,Excellent
Stephanie Perez,96.7,45,59,85,Volunteer,50131.0,No,4.9,Not Placed,63.0,safe,Average
Lisa Thompson,88.5,56,72,66,Volunteer,58879.0,No,5.6,Placed,64.66666666666667,safe,Average
Gary Torres,87.1,77,87,90,Sports,41479.0,Yes,6.7,Placed,84.66666666666667,safe,Good
Rebecca Thomas,100.0,95,100,98,Debate,46729.0,Yes,8.4,Placed,97.66666666666667,safe,Excellent
Emily Flores,80.0,77,77,100,Music,75892.0,Yes,6.9,Placed,84.66666666666667,safe,Good
Michael Robinson,87.0,67,69,74,NCC,67665.0,Yes,5.1,Placed,70.0,safe,Good
David Jackson,75.3,66,74,99,Sports,43878.0,Yes,8.1,Placed,79.66666666666667,safe,Good
Jessica Lee,71.1,66,75,83,Music,46738.0,Yes,6.5,Placed,74.66666666666667,safe,Good
James Perez,83.4,87,90,87,Debate,100888.0,No,7.3,Placed,88.0,safe,Excellent
Lisa King,87.9,53,76,85,NCC,114555.0,No,6.2,Placed,71.33333333333333,safe,Good
Mark Jackson,88.3,75,74,90,NCC,61342.0,Yes,7.0,Placed,79.66666666666667,safe,Good
Cynthia Walker,71.0,56,57,71,Music,73173.0,Yes,5.0,Not Placed,61.333333333333336,safe,Average
Jennifer Taylor,76.3,55,52,60,NCC,72628.0,No,4.2,Not Placed,55.666666666666664,Need Improvement,Average
Michelle Thompson,86.8,50,57,87,Volunteer,91346.0,Yes,5.4,Not Placed,64.66666666666667,safe,Average
Michael Garcia,90.2,48,63,72,Sports,8000.0,No,4.7,Placed,61.0,safe,Average
Deborah Williams,64.0,64,80,84,Music,79775.0,Yes,5.4,Placed,76.0,safe,Good
Joshua Gonzalez,69.6,34,25,33,NCC,43922.0,Yes,1.7,Not Placed,30.666666666666668,At risk,Poor
Cynthia Martinez,90.0,100,97,100,Debate,75325.0,Yes,9.8,Placed,99.0,safe,Excellent
Michael Walker,82.4,82,90,100,Music,73094.0,Yes,9.3,Placed,90.66666666666667,safe,Excellent
Daniel Thompson,86.2,34,56,71,Volunteer,80645.0,No,4.2,Not Placed,53.666666666666664,Need Improvement,Average
Joshua Clark,87.0,33,37,42,Volunteer,104245.0,Yes,1.2,Not Placed,37.333333333333336,At risk,Poor
Carol Martin,81.5,47,43,38,Volunteer,85845.0,Yes,3.0,Not Placed,42.666666666666664,Need Improvement,Poor
Cynthia Hernandez,70.7,54,63,88,Sports,102414.0,No,6.8,Placed,68.33333333333333,safe,Average
Kevin Hill,94.4,70,73,75,NCC,46884.0,Yes,8.4,Placed,72.66666666666667,safe,Good
Angela Jones,94.9,55,71,54,Sports,71730.0,Yes,4.2,Placed,60.0,safe,Average
Ryan Williams,64.9,25,30,31,Debate,85594.0,Yes,2.3,Not Placed,28.666666666666668,At risk,Poor
David Taylor,87.0,82,94,100,Volunteer,95098.0,Yes,7.1,Placed,92.0,safe,Excellent
Michelle Thompson,84.1,76,94,91,Sports,43936.0,Yes,9.1,Placed,87.0,safe,Excellent
William Robinson,96.2,81,98,94,Volunteer,45656.0,Yes,6.9,Placed,91.0,safe,Excellent
Steven King,89.0,49,62,64,Debate,87981.0,No,3.4,Placed,58.333333333333336,Need Improvement,Average
Thomas Wilson,76.7,55,52,66,Volunteer,70887.0,Yes,3.3,Not Placed,57.666666666666664,Need Improvement,Average
Jessica Johnson,88.7,70,69,47,Debate,64913.0,Yes,5.0,Placed,62.0,safe,Average
Deborah Hernandez,78.1,73,75,89,Debate,46721.0,Yes,6.5,Placed,79.0,safe,Good
Sarah Hill,99.7,48,57,40,Debate,104991.0,No,2.3,Not Placed,48.333333333333336,Need Improvement,Poor
Nicholas Johnson,95.4,60,99,100,Debate,27960.0,No,8.4,Placed,86.33333333333333,safe,Excellent
Jessica Walker,65.2,76,60,86,Music,102106.0,No,7.6,Placed,74.0,safe,Good
Ryan Allen,55.2,57,66,69,NCC,24166.0,Yes,5.9,Placed,64.0,safe,Average
Joseph Allen,71.1,31,59,67,Volunteer,111174.0,No,5.0,Not Placed,52.333333333333336,Need Improvement,Average
Jason Johnson,95.5,85,94,89,Sports,80712.0,Yes,6.5,Placed,89.33333333333333,safe,Excellent
Kenneth Lopez,83.4,45,51,72,Debate,85058.0,Yes,3.0,Not Placed,56.0,Need Improvement,Average
Kimberly Nguyen,91.2,56,59,88,Debate,84717.0,Yes,5.6,Not Placed,67.66666666666667,safe,Average
Paul Robinson,80.0,81,83,100,NCC,35506.0,Yes,9.6,Placed,88.0,safe,Excellent
Jessica Lopez,80.0,87,93,71,Volunteer,75904.0,No,6.2,Placed,83.66666666666667,safe,Good
Emma Lewis,57.1,19,34,47,Debate,38246.0,Yes,3.1,Not Placed,33.333333333333336,At risk,Poor
Kimberly Scott,59.1,43,44,49,Sports,64702.0,Yes,4.1,Not Placed,45.333333333333336,Need Improvement,Poor
Linda Hill,94.0,43,54,65,Debate,21655.0,Yes,4.8,Not Placed,54.0,Need Improvement,Average
Sandra Miller,95.9,50,53,32,NCC,8000.0,Yes,1.1,Not Placed,45.0,Need Improvement,Poor
Paul Garcia,100.0,65,97,82,NCC,8000.0,Yes,4.7,Placed,81.33333333333333,safe,Good
Kevin Lewis,80.0,62,67,90,Volunteer,72622.0,Yes,7.3,Placed,73.0,safe,Good
Robert Ramirez,75.0,64,73,71,Music,132816.0,Yes,4.3,Placed,69.33333333333333,safe,Average
Sarah Martinez,79.1,59,45,67,Sports,64702.0,No,5.7,Not Placed,57.0,Need Improvement,Average
Emma Davis,58.4,50,47,47,Sports,36527.0,No,2.1,Not Placed,48.0,Need Improvement,Poor
John Rodriguez,72.2,71,70,92,Music,87654.0,Yes,7.2,Placed,77.66666666666667,safe,Good
Kenneth Taylor,53.5,52,61,77,Music,130486.0,Yes,5.8,Placed,63.333333333333336,safe,Average
Stephanie Miller,70.5,59,74,71,Music,43274.0,Yes,6.6,Placed,68.0,safe,Average
Linda Martin,80.0,68,67,100,Debate,84885.0,Yes,7.0,Placed,78.33333333333333,safe,Good
Mark White,74.2,45,44,71,Sports,92756.0,Yes,3.7,Not Placed,53.333333333333336,Need Improvement,Average
Mark Davis,97.0,52,59,57,Volunteer,49904.0,Yes,3.4,Not Placed,56.0,Need Improvement,Average
Richard Ramirez,74.7,89,88,100,Volunteer,96997.0,Yes,8.7,Placed,92.33333333333333,safe,Excellent
Betty Scott,71.6,27,39,51,NCC,98396.0,Yes,2.7,Not Placed,39.0,At risk,Poor
Andrew Miller,80.5,43,45,71,Sports,14104.0,No,4.5,Not Placed,53.0,Need Improvement,Average
Michael Moore,90.9,64,71,96,Volunteer,86852.0,No,8.2,Placed,77.0,safe,Good
Matthew Hernandez,70.2,37,54,52,Sports,30096.0,No,3.0,Not Placed,47.666666666666664,Need Improvement,Poor
Matthew Martin,85.7,77,81,100,Debate,69955.0,No,7.8,Placed,86.0,safe,Excellent
Daniel Thompson,79.7,63,65,62,Sports,54433.0,No,4.0,Placed,63.333333333333336,safe,Average
Brian Smith,88.9,52,55,59,NCC,61554.0,Yes,5.2,Not Placed,55.333333333333336,Need Improvement,Average
Paul Gonzalez,69.0,60,48,66,Volunteer,62003.0,Yes,4.9,Not Placed,58.0,Need Improvement,Average
Deborah Jones,97.8,38,54,36,NCC,91959.0,Yes,1.5,Not Placed,42.666666666666664,Need Improvement,Poor
Joseph Lopez,42.1,67,63,83,Sports,99088.0,Yes,6.2,Placed,71.0,safe,Good
Jacob Rodriguez,76.6,63,68,93,Music,34211.0,Yes,6.4,Placed,74.66666666666667,safe,Good
Ronald Thompson,80.0,66,77,90,Debate,87021.0,Yes,5.7,Placed,77.66666666666667,safe,Good
Jacob Johnson,78.1,43,62,74,Debate,56089.0,No,3.2,Placed,59.666666666666664,Need Improvement,Average
Nicholas Garcia,74.7,67,71,60,Debate,58830.0,No,6.0,Placed,66.0,safe,Average
Melissa Scott,73.1,79,83,100,NCC,90744.0,Yes,10.0,Placed,87.33333333333333,safe,Excellent
Robert Wilson,82.3,51,52,46,Sports,32163.0,No,2.6,Not Placed,49.666666666666664,Need Improvement,Poor
Jacob Rodriguez,76.9,51,57,72,Sports,50238.0,Yes,5.1,Not Placed,60.0,safe,Average
Kenneth Lewis,82.2,15,39,40,Sports,72193.0,No,2.2,Not Placed,31.333333333333332,At risk,Poor
Michael Taylor,71.1,92,86,85,Music,34227.0,Yes,8.3,Placed,87.66666666666667,safe,Excellent
George Wilson,93.2,40,50,60,Sports,111906.0,Yes,1.0,Not Placed,50.0,Need Improvement,Average
Nicholas Thomas,75.8,60,69,89,Sports,102960.0,No,6.6,Placed,72.66666666666667,safe,Good
Ronald Perez,67.6,56,66,89,Volunteer,52834.0,No,5.8,Placed,70.33333333333333,safe,Good
Anthony Young,86.9,45,47,67,Music,53887.0,Yes,3.9,Not Placed,53.0,Need Improvement,Average
Matthew Brown,75.8,63,72,70,Sports,90174.0,Yes,4.7,Placed,68.33333333333333,safe,Average
Sarah Lewis,80.0,63,68,100,Volunteer,58106.0,Yes,7.9,Placed,77.0,safe,Good
Jacob Moore,72.2,53,55,50,Music,84379.0,Yes,1.7,Not Placed,52.666666666666664,Need Improvement,Average
Angela Jackson,83.2,79,90,83,Sports,103044.0,Yes,7.3,Placed,84.0,safe,Good
James Williams,79.3,58,63,69,Sports,64702.0,Yes,5.2,Placed,63.333333333333336,safe,Average
George Thompson,87.8,73,76,79,Debate,8203.0,Yes,5.4,Placed,76.0,safe,Good
Robert Nguyen,66.1,65,72,69,Sports,32734.0,Yes,4.7,Placed,68.66666666666667,safe,Average
Melissa Anderson,87.7,52,64,69,Sports,119177.0,Yes,4.0,Placed,61.666666666666664,safe,Average
Ronald Miller,93.9,51,62,60,Sports,53524.0,No,4.7,Placed,57.666666666666664,Need Improvement,Average
Jessica Lopez,92.3,53,53,26,NCC,87690.0,Yes,1.0,Not Placed,44.0,Need Improvement,Poor
Stephanie Gonzalez,78.4,44,62,70,NCC,72576.0,No,5.5,Placed,58.666666666666664,Need Improvement,Average
Lisa Scott,65.3,22,29,37,Sports,31205.0,Yes,2.6,Not Placed,29.333333333333332,At risk,Poor
Robert Hill,98.0,60,72,53,Sports,69491.0,No,3.8,Placed,61.666666666666664,safe,Average
Donna Williams,63.7,83,78,88,Debate,85401.0,Yes,7.6,Placed,83.0,safe,Good
Nancy Nguyen,93.3,63,90,69,Sports,36840.0,Yes,5.4,Placed,74.0,safe,Good
John Jones,86.0,44,49,59,NCC,69730.0,Yes,4.5,Not Placed,50.666666666666664,Need Improvement,Average
Deborah Moore,75.0,66,68,87,Volunteer,86835.0,Yes,6.5,Placed,73.66666666666667,safe,Good
Susan Miller,89.5,21,50,48,Sports,63193.0,Yes,1.7,Not Placed,39.666666666666664,At risk,Poor
Anthony Lee,75.4,45,70,73,Volunteer,43031.0,Yes,5.5,Placed,62.666666666666664,safe,Average
Susan Brown,80.0,78,71,100,Sports,37624.0,Yes,10.0,Placed,83.0,safe,Good
Andrew Garcia,95.6,57,90,86,Debate,40996.0,No,5.7,Placed,77.66666666666667,safe,Good
Michelle Moore,92.5,46,64,54,Music,61753.0,No,3.3,Placed,54.666666666666664,Need Improvement,Average
Daniel Martin,80.0,81,92,100,Sports,64702.0,Yes,6.9,Placed,91.0,safe,Excellent
James Clark,75.8,59,82,89,Volunteer,59542.0,Yes,6.2,Placed,76.66666666666667,safe,Good
Michelle Taylor,93.9,34,64,76,Sports,97352.0,No,5.6,Placed,58.0,Need Improvement,Average
Brian Sanchez,73.1,60,65,73,Debate,104453.0,Yes,4.5,Placed,66.0,safe,Average
Paul Smith,85.5,59,56,59,Sports,30955.0,Yes,4.0,Not Placed,58.0,Need Improvement,Average
Amy King,65.3,83,66,82,Volunteer,31508.0,Yes,5.5,Placed,77.0,safe,Good
Michelle Jackson,66.2,89,85,98,Music,115207.0,Yes,8.6,Placed,90.66666666666667,safe,Excellent
Sharon Perez,91.6,65,73,75,NCC,70465.0,No,4.9,Placed,71.0,safe,Good
Steven Williams,79.4,92,85,99,Debate,78601.0,Yes,9.2,Placed,92.0,safe,Excellent
Jennifer Lewis,67.5,37,44,54,Debate,75086.0,Yes,3.1,Not Placed,45.0,Need Improvement,Poor
Nancy Thomas,93.9,66,74,76,Debate,93757.0,No,3.8,Placed,72.0,safe,Good
Amanda Hill,71.8,42,53,56,Debate,93218.0,Yes,4.2,Not Placed,50.333333333333336,Need Improvement,Average
Laura Young,78.8,60,88,95,Volunteer,112389.0,Yes,6.8,Placed,81.0,safe,Good
Susan Nguyen,77.5,74,92,99,Sports,70584.0,Yes,6.7,Placed,88.33333333333333,safe,Excellent
Matthew Jones,66.2,83,94,100,Debate,39931.0,Yes,7.2,Placed,92.33333333333333,safe,Excellent
Emily Allen,72.1,38,55,63,Music,8441.0,No,7.0,Not Placed,52.0,Need Improvement,Average
Kimberly Nguyen,68.2,52,67,70,Sports,57320.0,Yes,3.6,Placed,63.0,safe,Average
Steven Anderson,91.4,82,82,74,Debate,104777.0,Yes,7.4,Placed,79.33333333333333,safe,Good
Kimberly Anderson,74.7,59,55,74,Music,40911.0,Yes,6.6,Not Placed,62.666666666666664,safe,Average
Michael Gonzalez,86.9,81,68,82,Volunteer,63258.0,Yes,7.2,Placed,77.0,safe,Good
Deborah Taylor,80.0,46,80,73,Sports,58051.0,Yes,5.6,Placed,66.33333333333333,safe,Average
Sandra Gonzalez,65.5,24,49,74,Sports,50493.0,Yes,6.9,Not Placed,49.0,Need Improvement,Poor
Joseph Williams,79.6,74,0,100,Music,56756.0,Yes,8.5,Placed,58.0,Need Improvement,Average
Angela Smith,93.2,62,79,83,Volunteer,90075.0,Yes,6.5,Placed,74.66666666666667,safe,Good
Mary Hernandez,77.5,67,60,63,Debate,25244.0,Yes,5.8,Placed,63.333333333333336,safe,Average
Paul Johnson,94.9,95,100,96,Music,76011.0,Yes,8.5,Placed,97.0,safe,Excellent
Joseph Hernandez,66.4,48,62,87,Volunteer,77105.0,Yes,6.6,Placed,65.66666666666667,safe,Average
Rebecca Sanchez,68.2,36,37,55,Volunteer,18190.0,Yes,1.8,Not Placed,42.666666666666664,Need Improvement,Poor
Daniel Perez,89.7,44,49,28,Music,99082.0,Yes,1.0,Not Placed,40.333333333333336,Need Improvement,Poor
Elizabeth Anderson,87.5,61,66,81,Music,94150.0,No,5.2,Placed,69.33333333333333,safe,Average
Ronald Flores,79.5,58,42,77,Volunteer,52089.0,Yes,4.8,Not Placed,59.0,Need Improvement,Average
Mark Johnson,68.1,43,62,37,Debate,39152.0,Yes,3.8,Placed,47.333333333333336,Need Improvement,Poor
Sarah Jones,84.8,49,65,68,Volunteer,77236.0,Yes,5.1,Placed,60.666666666666664,safe,Average
Paul Jones,82.6,41,90,46,Sports,90505.0,Yes,1.0,Not Placed,59.0,Need Improvement,Average
Ronald Davis,76.2,72,83,100,Sports,47589.0,No,7.9,Placed,85.0,safe,Excellent
Paul Young,77.2,75,76,71,Sports,64702.0,Yes,6.3,Placed,74.0,safe,Good
Richard Anderson,90.4,42,55,65,Music,15580.0,Yes,4.0,Not Placed,54.0,Need Improvement,Average
Ronald Lewis,93.3,69,70,58,Sports,57843.0,Yes,3.8,Placed,65.66666666666667,safe,Average
Brian Taylor,80.0,68,79,66,Sports,20207.0,Yes,5.6,Placed,71.0,safe,Good
Jason Scott,76.5,72,62,76,Debate,52887.0,Yes,5.8,Placed,70.0,safe,Good
Elizabeth Johnson,87.1,42,43,74,Sports,40129.0,No,3.7,Not Placed,53.0,Need Improvement,Average
Ronald Wilson,81.7,51,53,65,Sports,43358.0,Yes,3.8,Not Placed,56.333333333333336,Need Improvement,Average
Kevin Wilson,100.0,68,99,96,Volunteer,68886.0,No,8.0,Placed,87.66666666666667,safe,Excellent
James Williams,85.1,39,50,19,Volunteer,108525.0,No,1.5,Not Placed,36.0,At risk,Poor
Amy Perez,63.7,26,56,53,Debate,59255.0,Yes,2.3,Not Placed,45.0,Need Improvement,Poor
Joshua Torres,90.5,88,100,85,Debate,72269.0,Yes,5.9,Placed,91.0,safe,Excellent
Michelle Rodriguez,87.2,82,77,69,Sports,39490.0,Yes,7.2,Placed,76.0,safe,Good
Cynthia Ramirez,77.4,59,68,40,Sports,92630.0,Yes,3.8,Placed,55.666666666666664,Need Improvement,Average
Kenneth Taylor,92.5,61,70,64,Sports,18472.0,Yes,2.9,Placed,65.0,safe,Average
Mark Jackson,81.6,47,60,75,NCC,98783.0,Yes,4.6,Placed,60.666666666666664,safe,Average
Jason Johnson,75.0,51,55,43,Volunteer,84221.0,Yes,3.8,Not Placed,49.666666666666664,Need Improvement,Poor
William Smith,66.5,68,78,78,Debate,70357.0,Yes,6.3,Placed,74.66666666666667,safe,Good
Mark Brown,72.2,66,56,62,NCC,100149.0,Yes,3.8,Not Placed,61.333333333333336,safe,Average
Anthony Gonzalez,80.9,74,66,67,Debate,73277.0,Yes,5.1,Placed,69.0,safe,Average
Joshua Clark,80.0,31,60,80,Music,81364.0,Yes,4.6,Placed,57.0,Need Improvement,Average
Angela Gonzalez,80.3,68,80,100,Music,13979.0,Yes,9.7,Placed,82.66666666666667,safe,Good
Angela Thompson,100.0,73,91,89,Sports,64185.0,No,7.1,Placed,84.33333333333333,safe,Good
Paul Thomas,88.6,89,100,91,Debate,64702.0,No,8.2,Placed,93.33333333333333,safe,Excellent
Nicholas Allen,55.9,88,78,87,Music,60892.0,Yes,9.1,Placed,84.33333333333333,safe,Good
Steven Flores,80.6,84,81,100,Debate,79799.0,Yes,9.2,Placed,88.33333333333333,safe,Excellent
Brian Brown,76.0,52,60,52,Volunteer,73521.0,Yes,3.2,Placed,54.666666666666664,Need Improvement,Average
Ryan Smith,80.0,66,67,78,Debate,46520.0,No,6.4,Placed,70.33333333333333,safe,Good
Charles King,72.7,100,90,100,Sports,63666.0,Yes,10.0,Placed,96.66666666666667,safe,Excellent
Jason Jackson,98.3,59,49,65,Sports,64702.0,No,5.9,Not Placed,57.666666666666664,Need Improvement,Average
Kevin Torres,57.2,33,47,46,Volunteer,69587.0,No,3.9,Not Placed,42.0,Need Improvement,Poor
Sharon Williams,70.7,77,80,80,Sports,69809.0,Yes,5.3,Placed,79.0,safe,Good
Ashley Nguyen,95.6,89,92,100,NCC,41550.0,Yes,8.1,Placed,93.66666666666667,safe,Excellent
Stephanie Lee,71.8,74,82,89,NCC,47347.0,Yes,8.2,Placed,81.66666666666667,safe,Good
Carol Anderson,92.3,66,56,67,NCC,103341.0,Yes,3.4,Not Placed,63.0,safe,Average
Richard Brown,76.4,70,75,74,Volunteer,8000.0,No,7.6,Placed,73.0,safe,Good
Deborah Lewis,69.8,75,72,88,NCC,32034.0,Yes,5.8,Placed,78.33333333333333,safe,Good
Joshua King,93.7,47,52,55,NCC,8000.0,Yes,3.6,Not Placed,51.333333333333336,Need Improvement,Average
Brian Flores,78.3,41,55,49,Sports,64702.0,Yes,3.9,Not Placed,48.333333333333336,Need Improvement,Poor
Jacob Martin,77.6,56,51,61,Sports,52295.0,Yes,5.4,Not Placed,56.0,Need Improvement,Average
Amy Lewis,65.9,49,49,77,Debate,96642.0,Yes,4.8,Not Placed,58.333333333333336,Need Improvement,Average
Jason Moore,86.0,31,38,32,Sports,35221.0,Yes,1.4,Not Placed,33.666666666666664,At risk,Poor
Richard Wilson,76.2,49,49,49,Sports,48258.0,Yes,3.9,Not Placed,49.0,Need Improvement,Poor
Melissa Wilson,75.6,30,34,24,NCC,80973.0,No,1.2,Not Placed,29.333333333333332,At risk,Poor
Brian Miller,82.2,47,59,61,Sports,55197.0,Yes,4.5,Not Placed,55.666666666666664,Need Improvement,Average
Sharon White,92.3,59,85,71,Volunteer,64684.0,Yes,5.9,Placed,71.66666666666667,safe,Good
Amanda Brown,83.6,60,59,82,Volunteer,52745.0,Yes,6.7,Not Placed,67.0,safe,Average
Michelle Miller,80.0,28,61,39,Music,46770.0,Yes,1.8,Placed,42.666666666666664,Need Improvement,Poor
James Jones,83.8,39,38,33,Music,79891.0,No,1.9,Not Placed,36.666666666666664,At risk,Poor
Carol Lopez,82.3,66,82,52,Music,83930.0,Yes,4.4,Placed,66.66666666666667,safe,Average
Emily Thomas,63.5,92,96,89,Sports,34749.0,Yes,7.5,Placed,92.33333333333333,safe,Excellent
Kevin Wilson,81.8,76,81,97,Debate,66047.0,Yes,6.3,Placed,84.66666666666667,safe,Good
Kenneth Wilson,63.8,44,48,65,Music,55881.0,Yes,4.1,Not Placed,52.333333333333336,Need Improvement,Average
James Martinez,68.6,52,43,61,Debate,42025.0,Yes,2.9,Not Placed,52.0,Need Improvement,Average
Sarah Sanchez,82.2,61,79,87,NCC,79936.0,No,6.1,Placed,75.66666666666667,safe,Good
Brian Ramirez,59.1,65,66,87,Volunteer,60059.0,Yes,6.7,Placed,72.66666666666667,safe,Good
